#
#
#

mtllib RedDog.mtl


#
# Malla de Group24122
#
g Malla de Group24122


#
# Malla de Group24122_RedDog_Red_Dog_Default
#
usemtl Malla de Group24122_RedDog_Red_Dog_Default

v -0.059700 0.109402 -0.203038
v -0.056700 0.116888 -0.193427
v -0.049900 0.100891 -0.195450
v -0.045900 0.106674 -0.184342
v -0.059000 0.110754 -0.170636
v -0.063600 0.099643 -0.163152
v -0.054400 0.092951 -0.168562
v -0.048700 0.109367 -0.179238
v -0.068700 0.118962 -0.176023
v -0.080500 0.107843 -0.163440
v -0.061000 0.120578 -0.186621
v -0.054400 0.085383 -0.190373
v -0.050300 0.089464 -0.177667
v -0.104800 0.118266 -0.178525
v -0.107500 0.100640 -0.161551
v -0.095200 0.079631 -0.155182
v 0.001100 0.029591 -0.263257
v 0.009900 0.014607 -0.273479
v 0.025600 0.030413 -0.277855
v 0.010700 0.047698 -0.267330
v -0.017400 0.031192 -0.263254
v -0.016200 0.003810 -0.275695
v -0.014500 0.058396 -0.266314
v 0.011100 -0.006827 -0.318011
v 0.022200 0.011288 -0.327984
v 0.032200 0.021043 -0.298169
v 0.026700 0.045333 -0.291133
v 0.013900 0.058727 -0.287113
v 0.029600 0.040058 -0.307941
v 0.016000 0.058667 -0.314213
v 0.016900 0.046102 -0.337632
v 0.020700 0.031503 -0.338254
v -0.012100 0.057523 -0.351715
v -0.008500 0.074482 -0.323990
v -0.014500 0.028637 -0.360958
v -0.013700 0.000523 -0.352000
v -0.060800 -0.003862 -0.362006
v -0.060800 0.030851 -0.370455
v -0.053100 0.064835 -0.359704
v -0.097700 0.070522 -0.351196
v -0.111800 0.034737 -0.360749
v -0.075500 0.091384 -0.325265
v -0.041000 0.084591 -0.330375
v -0.059600 0.089334 -0.291868
v -0.034200 0.083039 -0.294877
v -0.007800 0.072731 -0.289593
v -0.036800 0.064002 -0.270205
v -0.056500 0.066299 -0.268302
v -0.038700 0.031694 -0.265053
v -0.057400 0.032188 -0.260753
v -0.042400 -0.002291 -0.275404
v -0.065700 -0.004102 -0.267607
v -0.048500 -0.024352 -0.301537
v -0.083700 -0.027564 -0.292942
v -0.012900 -0.016357 -0.297825
v 0.016700 0.001234 -0.291799
v -0.011900 -0.017513 -0.327427
v -0.055100 -0.026001 -0.335439
v -0.102500 -0.028116 -0.325442
v -0.113400 -0.002878 -0.351005
v -0.157700 0.005170 -0.315993
v -0.142700 -0.021865 -0.292333
v -0.153800 0.042988 -0.328337
v -0.173900 0.059021 -0.282913
v -0.178900 0.024697 -0.266764
v -0.131400 0.077281 -0.323386
v -0.149200 0.089227 -0.287268
v -0.102100 0.097657 -0.306756
v -0.118000 0.105517 -0.280444
v -0.080600 0.093717 -0.280561
v -0.093800 0.096694 -0.264757
v -0.073400 0.067687 -0.260100
v -0.082400 0.069470 -0.248497
v -0.071600 0.033572 -0.250051
v -0.079500 0.036751 -0.235946
v -0.093300 0.005641 -0.228992
v -0.083500 -0.002626 -0.251204
v -0.127300 -0.009654 -0.232515
v -0.113000 -0.024301 -0.268137
v -0.161600 -0.002334 -0.246204
v -0.155900 0.026303 -0.203861
v -0.123600 0.014097 -0.199280
v -0.176000 0.052025 -0.218423
v -0.150600 0.079167 -0.179683
v -0.133600 0.054055 -0.171120
v -0.172900 0.082152 -0.236478
v -0.148500 0.104793 -0.196845
v -0.148700 0.104669 -0.248145
v -0.128100 0.118619 -0.214224
v -0.119000 0.113572 -0.250232
v -0.104500 0.118335 -0.225225
v -0.096200 0.100667 -0.246851
v -0.088500 0.104841 -0.229045
v -0.084600 0.073751 -0.235891
v -0.079800 0.081330 -0.222079
v -0.077100 0.057405 -0.205215
v -0.081500 0.044428 -0.220334
v -0.086200 0.042776 -0.185837
v -0.093500 0.021606 -0.205668
v -0.108900 0.040157 -0.172941
v -0.081600 0.068139 -0.160499
v -0.070600 0.065261 -0.175303
v -0.065300 0.073989 -0.194290
v -0.067300 0.090611 -0.209066
v -0.072000 0.107716 -0.212640
v -0.081800 0.119809 -0.207722
v -0.094200 0.124192 -0.196216
v 0.055300 0.014432 -0.290679
v 0.077300 0.027393 -0.264360
v 0.087200 0.015801 -0.269377
v 0.073400 -0.000166 -0.292001
v 0.098200 0.029542 -0.229657
v 0.110700 0.007776 -0.252689
v 0.102700 -0.000695 -0.272302
v 0.085600 -0.009666 -0.291715
v 0.058500 -0.015941 -0.308424
v 0.040100 -0.008443 -0.307513
v 0.075900 0.042454 -0.238237
v 0.066800 0.040875 -0.251840
v 0.044300 0.045092 -0.263134
v 0.027100 0.049592 -0.263627
v 0.026500 0.028928 -0.287658
v 0.022600 0.005352 -0.303993
v 0.098400 -0.028759 -0.296743
v 0.121300 -0.024391 -0.275137
v 0.131200 -0.013535 -0.245121
v 0.118900 0.008810 -0.208387
v 0.078600 0.045725 -0.218232
v 0.095700 0.031482 -0.189254
v 0.073900 0.057185 -0.191215
v 0.082900 0.054658 -0.173219
v 0.087700 0.048263 -0.177029
v 0.035700 -0.026032 -0.314439
v 0.018500 -0.020441 -0.308431
v 0.000800 -0.015441 -0.308424
v 0.000800 0.005653 -0.304292
v 0.000800 0.031627 -0.287254
v 0.000800 0.052191 -0.263023
v 0.015400 0.230512 0.328844
v 0.000800 0.247233 0.314369
v 0.000800 0.229414 0.326842
v 0.012700 0.227408 0.331039
v 0.031700 0.085112 -0.142174
v 0.000800 0.087405 -0.137970
v 0.033900 0.095730 -0.087158
v 0.000800 0.098929 -0.086753
v 0.027500 0.078180 -0.188284
v 0.000800 0.080476 -0.185781
v 0.026400 0.071728 -0.220694
v 0.000800 0.073530 -0.221591
v 0.025900 0.062561 -0.242708
v 0.000800 0.063264 -0.244806
v 0.000800 -0.055863 -0.294084
v 0.006600 -0.059459 -0.296789
v 0.000800 -0.068175 -0.286002
v 0.003900 -0.069474 -0.286504
v 0.037300 0.185380 0.350176
v 0.037400 0.189380 0.350182
v 0.035300 0.186880 0.349779
v 0.039600 0.184179 0.350475
v 0.040300 0.189279 0.350482
v 0.042900 0.183080 0.350073
v 0.042700 0.188879 0.350482
v 0.012900 0.093901 0.403140
v 0.013800 0.104296 0.406556
v 0.002800 0.104292 0.408756
v 0.000800 0.094897 0.405542
v 0.010100 0.107631 0.382961
v 0.003000 0.109713 0.394864
v 0.003900 0.108435 0.380262
v 0.000800 0.104192 0.408956
v 0.000800 0.108535 0.380062
v 0.000800 0.109711 0.395964
v 0.001600 0.122107 0.398683
v 0.000800 0.122507 0.399083
v 0.000800 0.129298 0.404693
v 0.001800 0.138585 0.413807
v 0.000800 0.138686 0.412907
v 0.001700 0.140079 0.417809
v 0.000800 0.140378 0.418210
v 0.002100 0.145873 0.421918
v 0.000800 0.145773 0.421818
v 0.002200 0.151469 0.424226
v 0.000800 0.151269 0.424226
v 0.002500 0.159369 0.424238
v 0.000800 0.159369 0.424238
v 0.002500 0.166573 0.421749
v 0.000800 0.166573 0.421849
v 0.027400 0.092414 0.394338
v 0.039000 0.092133 0.381138
v 0.039900 0.100130 0.383050
v 0.029200 0.102310 0.396753
v 0.048300 0.094167 0.358541
v 0.047700 0.099954 0.366949
v 0.055000 0.102672 0.355153
v 0.035300 0.102528 0.384853
v 0.023300 0.105725 0.386458
v 0.035300 0.103529 0.384455
v 0.039600 0.102136 0.379153
v 0.000800 0.170200 0.403854
v 0.000800 0.170583 0.415455
v 0.002300 0.170583 0.415355
v 0.105700 -0.048350 -0.302773
v 0.071500 -0.050623 -0.320976
v 0.046700 0.101353 0.368251
v 0.033700 0.106716 0.392560
v 0.026500 0.109409 0.397563
v 0.044100 0.105628 0.384558
v 0.031400 -0.040427 -0.317961
v 0.015300 -0.036945 -0.305956
v 0.000800 -0.036047 -0.304354
v 0.006200 -0.048156 -0.298772
v 0.014800 -0.052941 -0.308979
v 0.000800 0.268186 0.279000
v 0.013600 0.268279 0.283400
v 0.000800 0.276139 0.243211
v 0.025500 0.274538 0.243609
v 0.033400 0.267080 0.215498
v 0.000800 0.269386 0.211601
v 0.038600 0.252226 0.184675
v 0.000800 0.254631 0.181179
v 0.000800 0.234172 0.153649
v 0.040400 0.232967 0.156747
v 0.038400 0.209393 0.139712
v 0.000800 0.206299 0.135707
v 0.000800 0.187207 0.130379
v 0.035700 0.185401 0.133876
v 0.038900 0.187717 0.123179
v 0.000800 0.190329 0.114983
v 0.041100 0.184141 0.106974
v 0.000800 0.186848 0.102478
v 0.040200 0.175156 0.096961
v 0.000800 0.177761 0.093365
v 0.036500 0.164463 0.092245
v 0.000800 0.168966 0.090151
v 0.040400 0.169691 0.073352
v 0.000800 0.175401 0.066861
v 0.042100 0.164724 0.051445
v 0.000800 0.170330 0.047453
v 0.040100 0.146252 0.032218
v 0.000800 0.150258 0.028624
v 0.038700 0.122764 0.024683
v 0.000800 0.125569 0.021287
v 0.038800 0.121987 0.008981
v 0.000800 0.122187 0.008582
v 0.037000 0.112247 -0.031233
v 0.000800 0.113850 -0.033331
v 0.012000 0.155179 0.417832
v 0.016400 0.154877 0.418931
v 0.012600 0.158075 0.420636
v 0.010300 0.156477 0.419134
v 0.018200 0.164881 0.416446
v 0.018900 0.153979 0.417930
v 0.011300 0.146478 0.418618
v 0.014500 0.149679 0.418024
v 0.013700 0.150579 0.417825
v 0.011500 0.152881 0.416728
v 0.046200 0.182681 0.348872
v 0.046100 0.187981 0.349580
v 0.009600 0.150980 0.417026
v 0.009100 0.148475 0.420222
v 0.003900 0.146173 0.422018
v 0.006900 0.149772 0.422424
v 0.004400 0.152070 0.424027
v 0.133600 -0.017912 -0.194027
v 0.145200 -0.036248 -0.236955
v 0.007600 0.153473 0.422029
v 0.008700 0.155875 0.420433
v 0.050300 0.103950 0.369655
v 0.020900 0.153487 0.412529
v 0.002300 0.207186 0.345709
v 0.000800 0.207187 0.345209
v 0.000800 0.194489 0.343690
v 0.003400 0.194489 0.343590
v 0.012400 0.143383 0.415114
v 0.003200 0.216097 0.338222
v 0.000800 0.216099 0.337322
v 0.048400 0.182883 0.347873
v 0.049100 0.186183 0.347978
v 0.050100 0.183684 0.346974
v 0.051900 0.185586 0.345877
v 0.050800 0.189085 0.346382
v 0.047200 0.191683 0.348086
v 0.042500 0.192981 0.349088
v 0.038500 0.192781 0.349288
v 0.035300 0.191881 0.349086
v 0.034200 0.189381 0.349283
v 0.030500 0.192485 0.346587
v 0.032300 0.194685 0.346690
v 0.029400 0.189085 0.346582
v 0.082500 -0.117296 -0.137375
v 0.065400 -0.151610 -0.127726
v 0.067400 -0.123777 -0.150184
v 0.000800 0.191769 0.357486
v 0.031100 0.185883 0.347977
v 0.032600 0.183482 0.348474
v 0.035500 0.181781 0.349071
v 0.038400 0.179982 0.348868
v 0.042400 0.178882 0.348267
v 0.046500 0.178185 0.346766
v 0.050100 0.179087 0.345167
v 0.052800 0.180789 0.344070
v 0.054700 0.182891 0.342773
v 0.056200 0.184493 0.341175
v 0.094300 -0.122827 0.152218
v 0.108700 -0.104744 0.164145
v 0.101000 -0.128554 0.170909
v 0.127700 -0.109145 0.164338
v 0.128100 -0.070047 0.165696
v 0.091800 -0.140424 0.150291
v 0.102700 -0.168225 0.150950
v 0.131100 -0.086468 0.180172
v 0.094700 0.014558 0.296922
v 0.103900 0.022333 0.314234
v 0.069400 0.001716 0.325403
v 0.063800 -0.005657 0.307592
v 0.030200 -0.018964 0.312173
v 0.032700 -0.008893 0.331487
v 0.000800 -0.023366 0.313366
v 0.000800 -0.013193 0.331481
v 0.118800 0.042086 0.278463
v 0.129300 0.049064 0.293173
v 0.147400 0.095418 0.256942
v 0.130700 0.083241 0.241524
v 0.131200 0.120994 0.206080
v 0.147300 0.138773 0.219807
v 0.113600 0.151038 0.176325
v 0.124300 0.176225 0.184862
v 0.078700 0.175279 0.148561
v 0.086700 0.200568 0.155999
v 0.067400 0.026880 0.349741
v 0.029400 0.018072 0.355228
v 0.000800 0.015170 0.356223
v 0.136100 0.076424 0.320215
v 0.152600 0.117481 0.281775
v 0.148900 0.158331 0.248336
v 0.086500 0.221941 0.174530
v 0.121600 0.196294 0.206192
v 0.100800 0.044792 0.341467
v 0.025700 0.050856 0.365976
v 0.000800 0.049855 0.366375
v 0.018200 0.073758 0.364310
v 0.000800 0.070757 0.365006
v 0.052000 0.059960 0.363490
v 0.036900 0.082160 0.362923
v 0.012700 0.084117 0.392526
v 0.000800 0.083014 0.393924
v 0.028700 0.086528 0.384729
v 0.074500 0.078168 0.357517
v 0.062900 0.101575 0.353552
v 0.087100 0.093873 0.354440
v 0.110100 0.083086 0.345724
v 0.063300 0.124161 0.362485
v 0.092500 0.121159 0.363681
v 0.117000 0.115475 0.353173
v 0.137500 0.117603 0.334276
v 0.147900 0.138051 0.302306
v 0.059300 0.123641 0.375785
v 0.052000 0.126216 0.393088
v 0.016800 0.115102 0.401872
v 0.009500 0.120799 0.404180
v 0.003100 0.128996 0.406493
v 0.038200 0.109312 0.395563
v 0.030300 0.113101 0.403169
v 0.022200 0.118193 0.408077
v 0.016100 0.123590 0.410485
v 0.009900 0.130587 0.412395
v 0.004900 0.139184 0.414308
v 0.042000 0.129698 0.404694
v 0.030800 0.133189 0.411199
v 0.021400 0.137485 0.413705
v 0.060200 0.145464 0.360817
v 0.058300 0.144642 0.375516
v 0.075400 0.129259 0.364093
v 0.075300 0.146258 0.364318
v 0.033000 0.150192 0.408924
v 0.044400 0.147402 0.402220
v 0.053000 0.145418 0.391617
v 0.024900 0.165202 0.402647
v 0.019300 0.164392 0.409246
v 0.094300 0.148158 0.364621
v 0.115700 0.148872 0.355422
v 0.131200 0.152096 0.339127
v 0.127952 0.181100 0.337050
v 0.034100 0.167116 0.392949
v 0.005300 0.141977 0.419312
v 0.040600 0.167432 0.382350
v 0.045800 0.166656 0.365749
v 0.049200 0.165682 0.348247
v 0.010900 0.169098 0.405052
v 0.013500 0.175415 0.393762
v 0.000800 0.179621 0.389368
v 0.014100 0.183039 0.377673
v 0.000800 0.186545 0.373578
v 0.013400 0.189061 0.362582
v 0.012600 0.191876 0.352486
v 0.024700 0.174624 0.387860
v 0.028400 0.177742 0.375365
v 0.054800 0.189491 0.342783
v 0.052500 0.192589 0.344087
v 0.010500 0.169586 0.413353
v 0.048500 0.195487 0.345391
v 0.041700 0.197085 0.346694
v 0.035500 0.196384 0.346893
v 0.008900 0.166174 0.421048
v 0.005800 0.159369 0.424038
v 0.009700 0.158572 0.422437
v 0.057900 0.169385 0.346453
v 0.073400 0.173976 0.352360
v 0.089300 0.177377 0.351964
v 0.139700 0.179009 0.262967
v 0.113300 0.212157 0.230616
v 0.079500 0.238903 0.200256
v 0.106400 0.179989 0.344069
v 0.130849 0.158337 0.310957
v 0.131300 0.179637 0.311568
v 0.056900 0.178603 0.334267
v 0.058300 0.182803 0.334373
v 0.054300 0.175700 0.336362
v 0.049800 0.173694 0.340659
v 0.009200 0.203078 0.351203
v 0.013600 0.211475 0.353515
v 0.025100 0.219679 0.350328
v 0.017400 0.225497 0.338836
v 0.044000 0.171792 0.341856
v 0.040100 0.173588 0.344459
v 0.036500 0.175885 0.346162
v 0.032500 0.178785 0.346567
v 0.029200 0.181585 0.346171
v 0.025500 0.185091 0.342676
v 0.023400 0.187797 0.338780
v 0.015700 0.246829 0.317268
v 0.033700 0.231211 0.328844
v 0.034700 0.245227 0.318265
v 0.051200 0.226809 0.330438
v 0.059900 0.237327 0.318654
v 0.025400 0.227898 0.337940
v 0.036700 0.227699 0.337039
v 0.041200 0.218482 0.348626
v 0.057400 0.189996 0.339083
v 0.053700 0.195092 0.341691
v 0.067700 0.214104 0.333819
v 0.076100 0.226724 0.320438
v 0.049500 0.197990 0.343095
v 0.057700 0.214990 0.343520
v 0.041900 0.199788 0.344498
v 0.033900 0.198988 0.344497
v 0.027800 0.195691 0.342392
v 0.025000 0.192493 0.341087
v 0.060500 0.182701 0.335872
v 0.058500 0.190695 0.339984
v 0.055300 0.196989 0.343493
v 0.050800 0.200287 0.345299
v 0.042300 0.202384 0.347602
v 0.032600 0.200782 0.348299
v 0.026700 0.197288 0.344494
v 0.023800 0.193691 0.342789
v 0.022600 0.188695 0.339881
v 0.073500 0.208002 0.335510
v 0.069000 0.203591 0.342304
v 0.078300 0.199596 0.338898
v 0.088500 0.214119 0.323819
v 0.080700 0.190193 0.341284
v 0.099900 0.193804 0.334089
v 0.019700 0.190791 0.342785
v 0.022200 0.188280 0.350281
v 0.021200 0.195886 0.346292
v 0.023800 0.200381 0.349399
v 0.031100 0.205079 0.350806
v 0.042400 0.206182 0.348307
v 0.052800 0.202887 0.345302
v 0.058000 0.198589 0.343596
v 0.061600 0.192193 0.341287
v 0.063900 0.182697 0.338272
v 0.025500 0.183563 0.361574
v 0.006200 -0.092982 -0.280939
v 0.004900 -0.086996 -0.272030
v 0.000800 -0.087096 -0.271930
v 0.108000 0.003256 -0.172396
v 0.131400 -0.042889 -0.276564
v 0.050000 -0.140556 0.104791
v 0.070800 -0.144393 0.129286
v 0.064500 -0.163122 0.148858
v 0.013000 0.193186 0.346088
v 0.016200 0.198678 0.351296
v 0.020300 0.204673 0.354705
v 0.029300 0.209874 0.354113
v 0.042600 0.210778 0.351114
v 0.055400 0.207784 0.347110
v 0.062500 0.200388 0.344799
v 0.062700 0.257263 0.226883
v 0.076400 0.245773 0.220166
v 0.097300 0.227565 0.225539
v 0.110900 0.219234 0.246127
v 0.051800 0.267137 0.244398
v 0.130200 0.192677 0.284987
v 0.112500 0.250038 0.243873
v 0.114400 0.242412 0.261261
v 0.103600 0.244295 0.272564
v 0.105100 0.227406 0.265339
v 0.104100 0.223152 0.301933
v 0.118600 0.198136 0.312295
v 0.094100 0.251294 0.273174
v 0.090900 0.241405 0.266159
v 0.106600 0.265797 0.271296
v 0.096400 0.262088 0.277490
v 0.092000 0.263555 0.232092
v 0.076100 0.273452 0.234507
v 0.061300 0.281321 0.254919
v 0.084500 0.263491 0.275092
v 0.076400 0.252813 0.260577
v 0.089500 0.271586 0.279105
v 0.071400 0.271494 0.273504
v 0.063200 0.263108 0.263992
v 0.077200 0.278188 0.277014
v 0.063400 0.278802 0.268315
v 0.055600 0.267016 0.258398
v 0.076400 0.286405 0.265827
v 0.094500 0.280694 0.273118
v 0.107600 0.266812 0.260897
v 0.091800 0.279621 0.255416
v 0.077400 0.282724 0.252921
v 0.085800 0.242161 0.295761
v 0.007200 0.257650 0.303084
v 0.000800 0.257351 0.302483
v 0.028100 0.272091 0.275405
v 0.052400 0.266894 0.273298
v 0.064100 0.260989 0.276989
v 0.077000 0.251575 0.286075
v 0.076100 0.244853 0.300865
v 0.062400 0.258471 0.288685
v 0.050100 0.265478 0.283995
v 0.032200 0.269376 0.285401
v 0.022700 0.267268 0.290998
v 0.014700 0.258648 0.304085
v 0.057500 0.254152 0.301579
v 0.032100 0.260650 0.302788
v 0.167700 -0.011675 0.117383
v 0.157900 -0.049616 0.145127
v 0.171200 -0.064584 0.123504
v 0.171300 -0.007561 0.041189
v 0.179700 -0.048724 0.083628
v 0.177300 -0.061567 0.044709
v 0.135800 0.046266 0.022669
v 0.158800 0.026484 0.078240
v 0.134900 -0.095187 -0.143142
v 0.116300 -0.103600 -0.134854
v 0.141800 -0.152283 -0.146427
v 0.161200 -0.136342 -0.173603
v 0.147900 -0.065944 -0.172398
v 0.137500 -0.030475 -0.016945
v 0.142700 0.013207 -0.004680
v 0.083300 -0.087015 -0.325930
v 0.096800 -0.151027 -0.318125
v 0.059300 -0.096412 -0.328244
v 0.066900 -0.159734 -0.313638
v 0.043600 -0.059917 -0.324690
v 0.022600 -0.068630 -0.316203
v 0.113700 -0.054583 -0.145981
v 0.038300 -0.184123 -0.051774
v 0.035600 -0.175439 -0.108661
v 0.070700 -0.165115 -0.057646
v 0.068500 -0.159041 -0.107137
v 0.104900 0.050735 -0.090625
v 0.075000 0.078935 -0.090583
v 0.108600 0.062462 -0.041907
v 0.075500 0.094457 -0.038060
v 0.044600 -0.160214 0.076562
v 0.051300 -0.183115 0.077228
v 0.077700 -0.172801 0.134843
v 0.075800 -0.225352 0.101765
v 0.064400 -0.220814 0.076072
v 0.053500 -0.187176 0.050822
v 0.064000 -0.220578 0.051972
v 0.131400 -0.174515 0.143941
v 0.148400 -0.108926 0.152138
v 0.094100 -0.226774 0.116963
v 0.119800 -0.227374 0.116562
v 0.154900 -0.171781 0.121445
v 0.165800 -0.107292 0.129141
v 0.137100 -0.225357 0.105165
v 0.165100 -0.166430 0.087053
v 0.177200 -0.104332 0.088845
v 0.148900 -0.224522 0.081466
v 0.154800 -0.103015 0.010147
v 0.172900 -0.103068 0.045747
v 0.142100 -0.160828 0.018561
v 0.161400 -0.163374 0.049457
v 0.135600 -0.226034 0.022364
v 0.148800 -0.225479 0.052465
v 0.131900 -0.092183 -0.011637
v 0.116400 -0.079072 -0.018718
v 0.085900 0.108681 0.012662
v 0.081100 0.106948 0.035159
v 0.114200 0.082573 0.018423
v 0.106900 0.086231 0.046328
v 0.077100 -0.148911 0.007379
v 0.083600 -0.169313 0.008248
v 0.060700 -0.164334 0.022556
v 0.065400 -0.180537 0.024432
v 0.088100 -0.217110 0.006177
v 0.072000 -0.217937 0.024276
v 0.046600 -0.168377 0.051750
v 0.030900 -0.177968 0.045335
v 0.037900 -0.182503 0.001929
v 0.026500 -0.169210 0.073449
v 0.014000 -0.112929 -0.249768
v 0.016700 -0.127321 -0.254990
v 0.033600 -0.130793 -0.206895
v 0.146900 -0.047231 0.154930
v 0.148600 0.034069 0.088451
v 0.159400 -0.001590 0.127798
v 0.141400 -0.044437 0.159034
v 0.157500 -0.000499 0.133900
v 0.139200 0.108466 0.090462
v 0.094300 0.143202 0.066413
v 0.132600 0.118534 0.111877
v 0.090200 0.150069 0.088123
v 0.060300 -0.150631 0.222277
v 0.064400 -0.166474 0.183953
v 0.106900 -0.129291 0.195508
v 0.104300 -0.118936 0.225924
v 0.045800 -0.115877 0.253228
v 0.093400 -0.092374 0.251563
v 0.039500 -0.079400 0.268783
v 0.077800 -0.062294 0.265108
v 0.040500 -0.071933 0.291394
v 0.082800 -0.052424 0.284723
v 0.037600 -0.040260 0.309541
v 0.076900 -0.027350 0.302760
v 0.000800 -0.046362 0.310832
v 0.108500 -0.003534 0.291595
v 0.148300 0.075452 0.234413
v 0.134700 0.026499 0.269940
v 0.087800 0.159936 0.110538
v 0.088300 0.170120 0.121653
v 0.083000 0.175794 0.139062
v 0.127500 0.132799 0.135298
v 0.127700 0.143682 0.147114
v 0.119900 0.151255 0.165225
v 0.152900 0.106633 0.179859
v 0.142900 0.117507 0.196875
v 0.083400 0.148345 0.104421
v 0.122300 0.122110 0.127982
v 0.159200 0.079088 0.142818
v 0.147000 0.087364 0.158930
v 0.152300 0.096052 0.167243
v 0.155000 0.046009 0.195969
v 0.158400 0.050097 0.203475
v 0.159600 0.060577 0.217191
v 0.142700 0.008126 0.251713
v 0.138900 -0.002249 0.234697
v 0.115700 -0.026307 0.273461
v 0.110300 -0.038179 0.254744
v 0.000800 -0.079335 0.292483
v 0.000800 -0.087301 0.269271
v 0.090600 0.124933 0.045286
v 0.135200 0.090296 0.070334
v 0.166400 0.065617 0.123298
v 0.160400 0.046945 0.104470
v 0.166500 0.002685 0.144304
v 0.173500 0.017659 0.161727
v 0.168600 0.032132 0.180248
v 0.160800 -0.039881 0.189241
v 0.159800 -0.028810 0.208158
v 0.147000 -0.010938 0.227284
v 0.127900 -0.054862 0.243219
v 0.140300 -0.072229 0.220793
v 0.000800 -0.125974 0.251213
v 0.147000 0.035557 0.096453
v 0.155700 -0.045363 0.176933
v 0.139700 -0.082400 0.201378
v 0.115200 -0.078345 -0.306317
v 0.143500 -0.074692 -0.274412
v 0.150600 -0.139597 -0.271008
v 0.128600 -0.142353 -0.300912
v 0.141900 -0.202199 -0.269801
v 0.112500 -0.195757 -0.298092
v 0.040700 -0.103322 -0.321454
v 0.079300 -0.199656 -0.299097
v 0.040100 -0.159864 -0.293639
v 0.018400 -0.111053 -0.300766
v 0.058400 -0.201781 -0.282301
v 0.028700 -0.159621 -0.255338
v 0.051000 -0.209331 -0.248112
v 0.037900 -0.160582 -0.214339
v 0.054400 -0.216272 -0.220922
v 0.054500 -0.162240 -0.175042
v 0.048800 -0.131342 -0.173696
v 0.065900 -0.220210 -0.195428
v 0.079900 -0.163074 -0.152443
v 0.089100 -0.221332 -0.180730
v 0.092500 -0.130631 -0.113795
v 0.097300 -0.136900 -0.067604
v 0.073500 -0.159480 -0.013437
v 0.092200 -0.123195 -0.003783
v 0.096300 -0.133358 -0.028298
v 0.127900 -0.047618 -0.122371
v 0.135600 -0.038491 -0.073157
v 0.121100 -0.093461 -0.093439
v 0.123200 -0.086727 -0.048829
v 0.167900 -0.046323 0.015531
v 0.133300 0.014767 -0.045078
v 0.138200 -0.034145 -0.037251
v 0.125800 0.010829 -0.086584
v 0.118700 0.008509 -0.140288
v 0.099300 0.046215 -0.144332
v 0.112000 0.007440 -0.161289
v 0.122400 -0.050300 -0.134875
v 0.104300 -0.092302 -0.133438
v 0.111200 -0.094217 -0.123340
v 0.099500 -0.131699 -0.135596
v 0.074600 0.068421 -0.148299
v 0.020100 -0.135993 -0.206603
v 0.038900 -0.152765 -0.158228
v 0.120400 0.069016 0.056503
v 0.111000 -0.155303 0.001469
v 0.112000 -0.219807 0.004173
v 0.010100 -0.080753 -0.300821
v 0.158900 -0.073666 -0.224910
v 0.163100 -0.136269 -0.222803
v 0.155200 -0.206560 -0.228608
v 0.153700 -0.209398 -0.203112
v 0.139100 -0.214730 -0.181820
v 0.110800 -0.159690 -0.141338
v 0.115100 -0.219638 -0.176327
v 0.054900 0.062628 -0.220207
v 0.064200 0.066572 -0.182701
v 0.131600 -0.371904 -0.266854
v 0.148900 -0.371056 -0.232052
v 0.147200 -0.373794 -0.206556
v 0.127000 -0.375244 -0.172759
v 0.114500 -0.370591 -0.275652
v 0.092300 -0.370292 -0.274951
v 0.089800 -0.369543 -0.173350
v 0.069500 -0.368696 -0.204849
v 0.067400 -0.368346 -0.238848
v 0.076500 -0.367709 -0.263447
v 0.131900 -0.326900 -0.269287
v 0.108800 -0.326785 -0.279487
v 0.086000 -0.324686 -0.278683
v 0.073800 -0.322503 -0.267180
v 0.070100 -0.322229 -0.250080
v 0.144900 -0.320841 -0.242178
v 0.145300 -0.329673 -0.220591
v 0.143600 -0.337701 -0.201403
v 0.127900 -0.344944 -0.172713
v 0.094500 -0.348144 -0.172818
v 0.069100 -0.335963 -0.227100
v 0.072800 -0.344604 -0.199813
v 0.079200 -0.322168 -0.223780
v 0.090900 -0.329708 -0.196991
v 0.099300 -0.319788 -0.210476
v 0.119400 -0.318492 -0.207874
v 0.117700 -0.328620 -0.188689
v 0.139400 -0.318174 -0.219674
v 0.083400 -0.258566 -0.292085
v 0.066300 -0.259894 -0.273187
v 0.051200 0.055360 -0.241818
v 0.000800 -0.159759 -0.162338
v 0.000800 -0.138493 -0.206506
v 0.000800 -0.112130 -0.248667
v 0.074100 -0.283314 0.076479
v 0.087100 -0.283952 0.101778
v 0.113500 -0.284066 0.111278
v 0.140400 -0.285539 0.093276
v 0.023100 -0.155549 0.100169
v 0.036000 -0.149052 0.102078
v 0.144800 -0.286292 0.061474
v 0.126200 -0.287850 0.032872
v 0.093200 -0.288044 0.029572
v 0.000800 -0.158746 0.098164
v 0.000800 -0.173507 0.072042
v 0.077900 -0.286467 0.044574
v 0.112000 -0.322473 0.115821
v 0.136000 -0.323860 0.106819
v 0.088600 -0.323564 0.110019
v 0.143400 -0.330315 0.077009
v 0.127600 -0.338573 0.048297
v 0.098200 -0.339664 0.042795
v 0.125200 -0.374184 0.055944
v 0.094700 -0.372784 0.055746
v 0.079900 -0.330293 0.062209
v 0.076300 -0.366510 0.073355
v 0.143700 -0.375026 0.084342
v 0.075900 -0.325530 0.086816
v 0.072000 -0.370146 0.098050
v 0.078500 -0.338083 0.122797
v 0.076400 -0.371390 0.127048
v 0.144100 -0.336473 0.115700
v 0.146100 -0.374576 0.118143
v 0.095300 -0.341315 0.143993
v 0.129200 -0.340316 0.144594
v 0.135300 -0.370919 0.146949
v 0.096300 -0.368027 0.151853
v 0.000800 -0.184364 0.042626
v 0.000800 -0.191101 0.000216
v 0.000800 -0.191430 -0.047485
v 0.000800 -0.180639 -0.108669
v 0.133200 0.045286 0.076967
v 0.024200 -0.165324 0.217654
v 0.000800 -0.168222 0.216550
v 0.030200 -0.183862 0.176027
v 0.000800 -0.188160 0.174820
v 0.028500 -0.181206 0.138231
v 0.000800 -0.185706 0.138024
v 0.063700 -0.262735 -0.246191
v 0.074000 -0.269179 -0.216301
v 0.117800 -0.257669 -0.290284
v -0.058900 0.182701 0.335872
v -0.062300 0.182697 0.338172
v -0.067500 0.181394 0.340270
v -0.071700 0.173976 0.352360
v -0.055200 0.178603 0.334267
v -0.056700 0.182703 0.334472
v -0.056300 0.169385 0.346453
v -0.052600 0.175600 0.336262
v -0.048100 0.173594 0.340459
v -0.037800 0.172160 0.363557
v -0.038500 0.173588 0.344359
v -0.047600 0.165682 0.348247
v -0.042400 0.171792 0.341956
v -0.044200 0.166656 0.365749
v -0.032900 0.176164 0.360863
v -0.034800 0.175885 0.346162
v -0.030800 0.178685 0.346566
v -0.026800 0.177742 0.375365
v -0.039000 0.167432 0.382350
v -0.023900 0.183563 0.361574
v -0.027500 0.181585 0.346171
v -0.020600 0.188280 0.350281
v -0.024000 0.185390 0.342876
v -0.032300 0.189480 0.350083
v -0.035700 0.189479 0.350583
v -0.033400 0.186779 0.350479
v -0.079100 0.190293 0.341384
v -0.074100 0.183392 0.342073
v -0.071600 0.193991 0.342589
v -0.076800 0.199696 0.339098
v -0.067500 0.203691 0.342604
v -0.072000 0.208101 0.335710
v -0.087700 0.177377 0.351964
v -0.064200 0.192091 0.342186
v -0.060900 0.200388 0.344599
v -0.053700 0.207784 0.347010
v -0.056200 0.215089 0.343721
v -0.040900 0.210779 0.351014
v -0.039500 0.218582 0.348626
v -0.027600 0.209874 0.353913
v -0.023500 0.219679 0.350328
v -0.018700 0.204673 0.354805
v -0.012100 0.211375 0.353215
v -0.014600 0.198478 0.351696
v -0.007600 0.203078 0.351203
v -0.011300 0.193087 0.345588
v -0.001800 0.194489 0.343590
v -0.010900 0.191876 0.352486
v -0.033700 0.103529 0.384455
v -0.038000 0.102136 0.379153
v -0.033700 0.102528 0.384853
v -0.005000 -0.059459 -0.296789
v -0.002200 -0.069474 -0.286504
v -0.008500 -0.080753 -0.300821
v -0.153500 -0.206560 -0.228608
v -0.146800 -0.265258 -0.230395
v -0.152100 -0.209398 -0.203112
v -0.136700 -0.261103 -0.267189
v -0.140300 -0.202199 -0.269801
v -0.116100 -0.257669 -0.290284
v -0.110900 -0.195757 -0.298092
v -0.081800 -0.258566 -0.292085
v -0.077700 -0.199656 -0.299097
v -0.056800 -0.201781 -0.282301
v -0.064700 -0.259894 -0.273187
v -0.049400 -0.209331 -0.248112
v -0.062100 -0.262735 -0.246191
v -0.052700 -0.216272 -0.220922
v -0.072400 -0.269179 -0.216301
v -0.064300 -0.220210 -0.195428
v -0.095300 -0.271005 -0.198504
v -0.087400 -0.221332 -0.180730
v -0.113500 -0.219638 -0.176327
v -0.117200 -0.270410 -0.195102
v -0.136100 -0.267195 -0.205198
v -0.137500 -0.214730 -0.181820
v -0.117700 -0.318492 -0.207874
v -0.097700 -0.319788 -0.210476
v -0.013600 -0.036945 -0.305956
v -0.013200 -0.052941 -0.308979
v -0.029700 -0.040427 -0.317961
v -0.106300 0.003256 -0.172396
v -0.110300 0.007440 -0.161289
v -0.094000 0.031482 -0.189254
v -0.137700 -0.318174 -0.219674
v -0.077600 -0.322168 -0.223780
v -0.097700 0.046215 -0.144332
v -0.086000 0.048263 -0.177029
v -0.004600 -0.092982 -0.280939
v -0.143200 -0.320841 -0.242178
v -0.130200 -0.326900 -0.269287
v -0.107100 -0.326785 -0.279487
v -0.060100 0.192293 0.341087
v -0.056400 0.198590 0.343496
v -0.117100 0.008509 -0.140288
v -0.081200 0.054658 -0.173219
v -0.073000 0.068421 -0.148299
v -0.084400 -0.324686 -0.278683
v -0.068500 -0.322229 -0.250080
v -0.072100 -0.322503 -0.267180
v -0.062600 0.066572 -0.182701
v -0.030000 0.085112 -0.142174
v -0.024300 0.062561 -0.242708
v -0.025500 0.049592 -0.263627
v -0.049600 0.055360 -0.241818
v -0.042700 0.045092 -0.263134
v -0.024700 0.071728 -0.220694
v -0.053300 0.062628 -0.220207
v -0.025900 0.078180 -0.188284
v -0.065100 0.040875 -0.251840
v -0.021000 -0.068630 -0.316203
v -0.073400 0.078935 -0.090583
v -0.032300 0.095730 -0.087158
v -0.137200 -0.002249 0.234697
v -0.156700 0.050097 0.203475
v -0.153300 0.046009 0.195969
v -0.145400 -0.010938 0.227284
v -0.099300 -0.128554 0.170909
v -0.062700 -0.166474 0.183953
v -0.105200 -0.129291 0.195508
v -0.021500 -0.155549 0.100169
v -0.026900 -0.181206 0.138231
v -0.028500 -0.183862 0.176027
v -0.062900 -0.163122 0.148858
v -0.034400 -0.149052 0.102078
v -0.022600 -0.165324 0.217654
v -0.058600 -0.150631 0.222277
v -0.044200 -0.115877 0.253228
v -0.048300 -0.140556 0.104791
v -0.138000 -0.082400 0.201378
v -0.129500 -0.086468 0.180172
v -0.154100 -0.045363 0.176933
v -0.126500 -0.070047 0.165696
v -0.107100 -0.104744 0.164145
v -0.105200 0.086231 0.046328
v -0.133500 0.090296 0.070334
v -0.089000 0.124933 0.045286
v -0.079400 0.106948 0.035159
v -0.118800 0.069016 0.056503
v -0.038500 0.146252 0.032218
v -0.037100 0.122764 0.024683
v -0.012400 -0.112929 -0.249768
v -0.003300 -0.086996 -0.272030
v -0.131600 0.045286 0.076967
v -0.158800 0.046945 0.104470
v -0.145400 0.035557 0.096453
v -0.155900 -0.000499 0.133900
v -0.164800 0.002685 0.144304
v -0.139800 -0.044437 0.159034
v -0.134200 0.046266 0.022669
v -0.157200 0.026484 0.078240
v -0.146900 0.034069 0.088451
v -0.145300 -0.047231 0.154930
v -0.126000 -0.109145 0.164338
v -0.076100 -0.172801 0.134843
v -0.090200 -0.140424 0.150291
v -0.101100 -0.168225 0.150950
v -0.033900 -0.175439 -0.108661
v -0.037300 -0.152765 -0.158228
v -0.036700 -0.184123 -0.051774
v -0.036300 -0.182503 0.001929
v -0.029300 -0.177968 0.045335
v -0.024800 -0.169210 0.073449
v -0.142100 -0.375026 0.084342
v -0.123600 -0.374184 0.055944
v -0.093100 -0.372784 0.055746
v -0.074600 -0.366510 0.073355
v -0.070400 -0.370146 0.098050
v -0.074700 -0.371390 0.127048
v -0.094700 -0.368027 0.151853
v -0.144500 -0.374576 0.118143
v -0.133600 -0.370919 0.146949
v -0.093700 -0.341315 0.143993
v -0.076900 -0.338083 0.122797
v -0.127600 -0.340316 0.144594
v -0.142500 -0.336473 0.115700
v -0.110400 -0.322473 0.115821
v -0.134300 -0.323860 0.106819
v -0.086900 -0.323564 0.110019
v -0.074200 -0.325530 0.086816
v -0.141800 -0.330315 0.077009
v -0.078200 -0.330293 0.062209
v -0.072500 -0.283314 0.076479
v -0.076300 -0.286467 0.044574
v -0.085500 -0.283952 0.101778
v -0.126000 -0.338573 0.048297
v -0.096500 -0.339664 0.042795
v -0.091500 -0.288044 0.029572
v -0.124600 -0.287850 0.032872
v -0.143200 -0.286292 0.061474
v -0.138700 -0.285539 0.093276
v -0.111800 -0.284066 0.111278
v -0.062400 -0.220578 0.051972
v -0.062800 -0.220814 0.076072
v -0.070400 -0.217937 0.024276
v -0.086500 -0.217110 0.006177
v -0.043000 -0.160214 0.076562
v -0.110400 -0.219807 0.004173
v -0.134000 -0.226034 0.022364
v -0.147200 -0.225479 0.052465
v -0.147300 -0.224522 0.081466
v -0.074300 0.042454 -0.238237
v -0.135500 -0.225357 0.105165
v -0.118200 -0.227374 0.116562
v -0.092400 -0.226774 0.116963
v -0.074200 -0.225352 0.101765
v -0.018500 -0.135993 -0.206603
v -0.077000 0.045725 -0.218232
v -0.143700 -0.329673 -0.220591
v -0.141900 -0.337701 -0.201403
v -0.116100 -0.328620 -0.188689
v -0.126200 -0.344944 -0.172713
v -0.092900 -0.348144 -0.172818
v -0.089300 -0.329708 -0.196991
v -0.071100 -0.344604 -0.199813
v -0.067400 -0.335963 -0.227100
v -0.067800 -0.368696 -0.204849
v -0.065700 -0.368346 -0.238848
v -0.088200 -0.369543 -0.173350
v -0.074800 -0.367709 -0.263447
v -0.125400 -0.375244 -0.172759
v -0.145600 -0.373794 -0.206556
v -0.147300 -0.371056 -0.232052
v -0.130000 -0.371904 -0.266854
v -0.090600 -0.370292 -0.274951
v -0.112900 -0.370591 -0.275652
v -0.072200 0.057185 -0.191215
v -0.140100 -0.152283 -0.146427
v -0.109100 -0.159690 -0.141338
v -0.097900 -0.131699 -0.135596
v -0.114600 -0.103600 -0.134854
v -0.078300 -0.163074 -0.152443
v -0.065700 -0.123777 -0.150184
v -0.159600 -0.136342 -0.173603
v -0.161400 -0.136269 -0.222803
v -0.069200 -0.144393 0.129286
v -0.092700 -0.122827 0.152218
v -0.148900 -0.139597 -0.271008
v -0.146300 -0.065944 -0.172398
v -0.157200 -0.073666 -0.224910
v -0.141900 -0.074692 -0.274412
v -0.132000 -0.017912 -0.194027
v -0.143600 -0.036248 -0.236955
v -0.129700 -0.042889 -0.276564
v -0.104100 -0.048350 -0.302773
v -0.069900 -0.050623 -0.320976
v -0.081700 -0.087015 -0.325930
v -0.113600 -0.078345 -0.306317
v -0.057700 -0.096412 -0.328244
v -0.041900 -0.059917 -0.324690
v -0.039100 -0.103322 -0.321454
v -0.016700 -0.111053 -0.300766
v -0.015000 -0.127321 -0.254990
v -0.032000 -0.130793 -0.206895
v -0.109400 -0.155303 0.001469
v -0.081900 -0.169313 0.008248
v -0.140400 -0.160828 0.018561
v -0.130200 -0.092183 -0.011637
v -0.153200 -0.103015 0.010147
v -0.090500 -0.123195 -0.003783
v -0.114700 -0.079072 -0.018718
v -0.075500 -0.148911 0.007379
v -0.166100 -0.011675 0.117383
v -0.178100 -0.048724 0.083628
v -0.169600 -0.064584 0.123504
v -0.156300 -0.049616 0.145127
v -0.146800 -0.108926 0.152138
v -0.164200 -0.107292 0.129141
v -0.175600 -0.104332 0.088845
v -0.107000 0.062462 -0.041907
v -0.112500 0.082573 0.018423
v -0.141100 0.013207 -0.004680
v -0.131700 0.014767 -0.045078
v -0.175700 -0.061567 0.044709
v -0.171300 -0.103068 0.045747
v -0.169600 -0.007561 0.041189
v -0.166300 -0.046323 0.015531
v -0.063800 -0.151610 -0.127726
v -0.066900 -0.159041 -0.107137
v -0.047200 -0.131342 -0.173696
v -0.103200 0.050735 -0.090625
v -0.071900 -0.159480 -0.013437
v -0.059000 -0.164334 0.022556
v -0.069100 -0.165115 -0.057646
v -0.133200 -0.095187 -0.143142
v -0.112000 -0.054583 -0.145981
v -0.102700 -0.092302 -0.133438
v -0.080900 -0.117296 -0.137375
v -0.090900 -0.130631 -0.113795
v -0.109600 -0.094217 -0.123340
v -0.119400 -0.093461 -0.093439
v -0.095700 -0.136900 -0.067604
v -0.120800 -0.050300 -0.134875
v -0.126300 -0.047618 -0.122371
v -0.124200 0.010829 -0.086584
v -0.134000 -0.038491 -0.073157
v -0.136500 -0.034145 -0.037251
v -0.121600 -0.086727 -0.048829
v -0.135900 -0.030475 -0.016945
v -0.094700 -0.133358 -0.028298
v -0.052900 -0.162240 -0.175042
v -0.036300 -0.160582 -0.214339
v -0.027100 -0.159621 -0.255338
v -0.038500 -0.159864 -0.293639
v -0.065300 -0.159734 -0.313638
v -0.095200 -0.151027 -0.318125
v -0.127000 -0.142353 -0.300912
v -0.102600 -0.118936 0.225924
v -0.138600 -0.072229 0.220793
v -0.159200 -0.039881 0.189241
v -0.158200 -0.028810 0.208158
v -0.171900 0.017659 0.161727
v -0.157800 -0.001590 0.127798
v -0.037900 -0.079400 0.268783
v -0.091700 -0.092374 0.251563
v -0.076200 -0.062294 0.265108
v -0.126300 -0.054862 0.243219
v -0.108700 -0.038179 0.254744
v -0.167000 0.032132 0.180248
v -0.157600 0.079088 0.142818
v -0.145400 0.087364 0.158930
v -0.164800 0.065617 0.123298
v -0.137500 0.108466 0.090462
v -0.131000 0.118534 0.111877
v -0.092600 0.143202 0.066413
v -0.040400 0.164724 0.051445
v -0.038700 0.169691 0.073352
v -0.088600 0.150069 0.088123
v -0.038900 -0.071933 0.291394
v -0.036000 -0.040260 0.309541
v -0.081200 -0.052424 0.284723
v -0.075200 -0.027350 0.302760
v -0.114000 -0.026307 0.273461
v -0.106800 -0.003534 0.291595
v -0.141100 0.008126 0.251713
v -0.133100 0.026499 0.269940
v -0.157900 0.060577 0.217191
v -0.146700 0.075452 0.234413
v -0.151300 0.106633 0.179859
v -0.141300 0.117507 0.196875
v -0.150700 0.096052 0.167243
v -0.125800 0.132799 0.135298
v -0.126000 0.143682 0.147114
v -0.120700 0.122110 0.127982
v -0.081800 0.148345 0.104421
v -0.086200 0.159936 0.110538
v -0.034900 0.164463 0.092245
v -0.038500 0.175156 0.096961
v -0.077000 0.175279 0.148561
v -0.034100 0.185401 0.133876
v -0.081400 0.175794 0.139062
v -0.037300 0.187717 0.123179
v -0.129100 0.083241 0.241524
v -0.129500 0.120994 0.206080
v -0.112000 0.151038 0.176325
v -0.118300 0.151255 0.165225
v -0.086700 0.170120 0.121653
v -0.039400 0.184141 0.106974
v -0.093100 0.014558 0.296922
v -0.117200 0.042086 0.278463
v -0.062100 -0.005657 0.307592
v -0.028600 -0.018964 0.312173
v -0.084300 0.108681 0.012662
v -0.037100 0.121987 0.008981
v -0.073900 0.094457 -0.038060
v -0.035300 0.112247 -0.031233
v -0.044900 -0.168377 0.051750
v -0.051900 -0.187176 0.050822
v -0.049700 -0.183115 0.077228
v -0.063700 -0.180537 0.024432
v -0.159800 -0.163374 0.049457
v -0.163500 -0.166430 0.087053
v -0.153300 -0.171781 0.121445
v -0.129800 -0.174515 0.143941
v -0.055900 0.254152 0.301579
v -0.030400 0.260650 0.302788
v -0.048500 0.265478 0.283995
v -0.060700 0.258471 0.288685
v -0.074400 0.244853 0.300865
v -0.030600 0.269376 0.285401
v -0.021100 0.267268 0.290998
v -0.013000 0.258648 0.304085
v -0.033100 0.245227 0.318265
v -0.014100 0.246829 0.317268
v -0.058300 0.237327 0.318654
v -0.074500 0.226724 0.320438
v -0.005600 0.257650 0.303084
v -0.011900 0.268279 0.283400
v -0.026500 0.272091 0.275405
v -0.050700 0.266894 0.273298
v -0.062500 0.260989 0.276989
v -0.075400 0.251575 0.286075
v -0.084200 0.242161 0.295761
v -0.074800 0.252813 0.260577
v -0.089300 0.241405 0.266159
v -0.061500 0.263108 0.263992
v -0.054000 0.267016 0.258398
v -0.050200 0.267137 0.244398
v -0.023900 0.274538 0.243609
v -0.102400 0.223152 0.301933
v -0.086900 0.214119 0.323819
v -0.103500 0.227406 0.265339
v -0.090100 0.279621 0.255416
v -0.106000 0.266812 0.260897
v -0.092900 0.280694 0.273118
v -0.105000 0.265797 0.271296
v -0.112700 0.242412 0.261261
v -0.075800 0.282724 0.252921
v -0.074800 0.286405 0.265827
v -0.059600 0.281321 0.254919
v -0.074500 0.273452 0.234507
v -0.090300 0.263555 0.232092
v -0.110900 0.250038 0.243873
v -0.087800 0.271586 0.279105
v -0.075600 0.278188 0.277014
v -0.094800 0.262088 0.277490
v -0.061700 0.278802 0.268315
v -0.069800 0.271494 0.273504
v -0.082900 0.263491 0.275092
v -0.092400 0.251294 0.273174
v -0.061100 0.257263 0.226883
v -0.074800 0.245773 0.220166
v -0.095600 0.227565 0.225539
v -0.102000 0.244295 0.272564
v -0.117000 0.198136 0.312295
v -0.128600 0.192677 0.284987
v -0.129700 0.179637 0.311568
v -0.117400 0.181006 0.332270
v -0.098200 0.193804 0.334089
v -0.104800 0.179989 0.344069
v -0.109300 0.219234 0.246127
v 0.065800 0.191991 0.342386
v -0.138000 0.179009 0.262967
v -0.111600 0.212157 0.230616
v -0.031700 0.267080 0.215498
v -0.077900 0.238903 0.200256
v -0.037000 0.252226 0.184675
v -0.051200 0.202887 0.345203
v -0.040800 0.206183 0.348207
v -0.029400 0.205179 0.350706
v -0.022100 0.200581 0.349099
v -0.019600 0.195886 0.346292
v -0.018000 0.190791 0.342685
v -0.096700 -0.028759 -0.296743
v -0.119700 -0.024391 -0.275137
v -0.129600 -0.013535 -0.245121
v -0.117200 0.008810 -0.208387
v -0.011800 0.189061 0.362582
v -0.012500 0.183039 0.377673
v -0.056900 0.190695 0.339884
v -0.053700 0.196990 0.343394
v -0.049200 0.200287 0.345299
v -0.040700 0.202484 0.347602
v -0.031000 0.200783 0.348200
v -0.025000 0.197488 0.344395
v -0.022200 0.193791 0.342689
v -0.020900 0.188695 0.339881
v -0.066100 0.214204 0.333919
v -0.049500 0.226809 0.330438
v -0.021800 0.187796 0.338880
v -0.023400 0.192493 0.340987
v -0.026200 0.195791 0.342192
v -0.032300 0.198888 0.344697
v -0.040300 0.199788 0.344598
v -0.047900 0.197890 0.343395
v -0.052100 0.195092 0.341791
v -0.055800 0.190096 0.338983
v -0.028000 0.192783 0.347687
v -0.026800 0.189283 0.347782
v -0.030100 0.195183 0.347691
v -0.033800 0.196784 0.347393
v -0.040000 0.196985 0.346594
v -0.046500 0.194988 0.344691
v -0.035100 0.227699 0.337039
v -0.050000 0.192190 0.342986
v -0.032100 0.231211 0.328844
v -0.051800 0.189292 0.341682
v -0.053100 0.184694 0.340176
v -0.023700 0.227798 0.337939
v -0.015800 0.225397 0.338736
v -0.013800 0.230512 0.328844
v -0.011100 0.227308 0.331039
v -0.028800 0.185881 0.348977
v -0.030600 0.183281 0.349374
v -0.033700 0.181580 0.349671
v -0.036700 0.179781 0.349168
v -0.040700 0.178983 0.348067
v -0.044700 0.178586 0.346166
v -0.048000 0.179488 0.344368
v -0.001700 0.215998 0.338122
v -0.000800 0.207187 0.345609
v -0.050200 0.181290 0.343171
v -0.051800 0.183292 0.341873
v -0.138100 0.158431 0.315736
v -0.129600 0.152096 0.339127
v -0.114100 0.148872 0.355422
v -0.092700 0.148158 0.364621
v -0.146300 0.138051 0.302306
v -0.084900 0.221941 0.174530
v -0.038700 0.232967 0.156747
v -0.120000 0.196294 0.206192
v -0.147300 0.158331 0.248336
v -0.151000 0.117481 0.281775
v -0.073600 0.146258 0.364318
v -0.058600 0.145464 0.360817
v -0.007100 0.155875 0.420433
v -0.008100 0.158572 0.422437
v -0.008700 0.156477 0.419134
v -0.011000 0.158075 0.420636
v -0.005900 0.153473 0.422029
v -0.009700 0.146478 0.418618
v -0.003600 0.141977 0.419312
v -0.007500 0.148475 0.420222
v -0.002300 0.146173 0.422018
v -0.000400 0.145873 0.421918
v -0.000600 0.151469 0.424226
v -0.002800 0.152070 0.424027
v -0.000100 0.140079 0.417809
v -0.000800 0.159369 0.424238
v -0.004200 0.159369 0.424038
v -0.007300 0.166174 0.421048
v -0.016600 0.164881 0.416446
v -0.000800 0.166573 0.421749
v -0.008800 0.169586 0.413353
v -0.000600 0.170583 0.415355
v -0.009200 0.169098 0.405052
v -0.036800 0.192881 0.349588
v -0.033400 0.191980 0.349686
v -0.040800 0.192882 0.348888
v -0.045200 0.191484 0.347386
v -0.048500 0.188987 0.345482
v -0.023100 0.174624 0.387860
v -0.011800 0.175415 0.393762
v -0.023300 0.165202 0.402647
v -0.017700 0.164392 0.409246
v -0.049400 0.185588 0.344877
v -0.032500 0.167116 0.392949
v -0.056600 0.144642 0.375516
v -0.051400 0.145418 0.391617
v -0.042700 0.147402 0.402220
v -0.017300 0.153979 0.417930
v -0.019300 0.153487 0.412529
v -0.012900 0.149679 0.418024
v -0.010800 0.143383 0.415114
v -0.003300 0.139184 0.414308
v -0.000200 0.138585 0.413807
v -0.031400 0.150192 0.408924
v -0.135900 0.117603 0.334276
v -0.115400 0.115475 0.353173
v -0.090800 0.121159 0.363681
v -0.073800 0.129259 0.364093
v -0.050400 0.126216 0.393088
v -0.057600 0.123641 0.375785
v -0.040400 0.129698 0.404694
v -0.029100 0.133189 0.411199
v -0.019800 0.137485 0.413705
v -0.008300 0.130587 0.412395
v -0.061700 0.124161 0.362485
v -0.014500 0.123590 0.410485
v -0.020600 0.118193 0.408077
v -0.028700 0.113101 0.403169
v -0.036600 0.109312 0.395563
v -0.042500 0.105628 0.384558
v -0.001400 0.128996 0.406493
v -0.007800 0.120799 0.404180
v -0.015200 0.115102 0.401872
v -0.024900 0.109409 0.397563
v -0.032100 0.106716 0.392560
v 0.000000 0.122107 0.398683
v -0.002300 0.108435 0.380262
v -0.008500 0.107631 0.382961
v -0.021700 0.105725 0.386458
v -0.048600 0.103950 0.369655
v -0.053400 0.102672 0.355153
v -0.134500 0.076424 0.320215
v -0.108400 0.083086 0.345724
v -0.085500 0.093873 0.354440
v -0.061300 0.101575 0.353552
v -0.012200 0.104296 0.406556
v -0.027600 0.102310 0.396753
v -0.025800 0.092414 0.394338
v -0.011300 0.093901 0.403140
v -0.099100 0.044792 0.341467
v -0.072900 0.078168 0.357517
v -0.065700 0.026880 0.349741
v -0.050400 0.059960 0.363490
v -0.046700 0.094167 0.358541
v -0.035300 0.082160 0.362923
v -0.037400 0.092133 0.381138
v -0.027100 0.086528 0.384729
v -0.011000 0.084117 0.392526
v -0.016600 0.073758 0.364310
v -0.027800 0.018072 0.355228
v -0.024100 0.050856 0.365976
v -0.102200 0.022333 0.314234
v -0.067700 0.001716 0.325403
v -0.127700 0.049064 0.293173
v -0.036700 0.209393 0.139712
v -0.085100 0.200568 0.155999
v -0.122700 0.176225 0.184862
v -0.145700 0.138773 0.219807
v -0.145800 0.095418 0.256942
v -0.031000 -0.008893 0.331487
v -0.047800 0.183886 0.346074
v -0.046300 0.183084 0.347073
v -0.044300 0.182882 0.348273
v -0.041200 0.183180 0.349773
v -0.038000 0.184079 0.350574
v -0.035500 0.185279 0.350776
v -0.056900 -0.015941 -0.308424
v -0.038700 0.189279 0.350582
v -0.041000 0.188880 0.350182
v -0.044100 0.187881 0.348880
v -0.046900 0.186184 0.347078
v -0.012000 0.150579 0.417825
v -0.045000 0.101353 0.368251
v -0.009800 0.152881 0.416728
v -0.010400 0.155179 0.417832
v -0.007900 0.150980 0.417026
v 0.069100 0.181394 0.340371
v -0.005300 0.149772 0.422424
v -0.014700 0.154877 0.418931
v -0.004600 -0.048156 -0.298772
v -0.016800 -0.020441 -0.308431
v -0.034000 -0.026032 -0.314439
v -0.046000 0.099954 0.366949
v -0.038300 0.100130 0.383050
v -0.001300 0.109713 0.394864
v -0.001200 0.104292 0.408756
v 0.138300 -0.261103 -0.267189
v 0.148400 -0.265258 -0.230395
v 0.137700 -0.267195 -0.205198
v 0.096900 -0.271005 -0.198504
v 0.118800 -0.270410 -0.195102
v 0.073200 0.193991 0.342489
v 0.075700 0.183392 0.342073
v -0.024900 0.028928 -0.287658
v 0.039400 0.172160 0.363557
v 0.034500 0.176164 0.360863
v -0.020900 0.005352 -0.303993
v -0.038500 -0.008443 -0.307513
v -0.096500 0.029542 -0.229657
v -0.109100 0.007776 -0.252689
v -0.101000 -0.000695 -0.272302
v -0.084000 -0.009666 -0.291715
v -0.053700 0.014432 -0.290679
v -0.075700 0.027393 -0.264360
v -0.071800 -0.000166 -0.292001
v -0.085600 0.015801 -0.269377
vn 0.600922 0.348740 -0.719218
vn 0.645397 0.679133 -0.349630
vn 0.860596 -0.045969 -0.507210
vn 0.971516 0.231313 -0.051477
vn 0.445806 0.568596 0.691343
vn 0.344883 0.149544 0.926656
vn 0.702802 -0.133288 0.698788
vn 0.797656 0.458286 0.392070
vn 0.112990 0.871715 0.476809
vn 0.046085 0.543187 0.838346
vn 0.445806 0.568597 0.691343
vn 0.367109 0.924870 0.099229
vn 0.445806 0.568596 0.691343
vn 0.793184 -0.488080 -0.364194
vn 0.904228 -0.400051 0.149437
vn 0.860596 -0.045969 -0.507210
vn 0.046085 0.543187 0.838346
vn -0.229444 0.855988 0.463292
vn 0.046085 0.543187 0.838346
vn -0.346736 0.394517 0.850959
vn -0.026993 -0.055057 0.998118
vn 0.046085 0.543187 0.838346
vn 0.241366 -0.225309 0.943917
vn 0.400139 -0.518153 0.755915
vn 0.762086 -0.137992 0.632600
vn 0.467639 0.370741 0.802412
vn -0.021081 -0.082925 0.996333
vn 0.116550 -0.555019 0.823632
vn 0.241366 -0.225309 0.943917
vn 0.241366 -0.225309 0.943917
vn 0.138825 0.508585 0.849746
vn 0.635241 -0.754413 -0.165317
vn 0.837949 -0.348697 -0.419825
vn 0.967239 -0.241508 0.078244
vn 0.868804 0.441756 0.223679
vn 0.572741 0.750377 0.330003
vn 0.467639 0.370741 0.802411
vn 0.948692 0.252447 -0.190405
vn 0.692250 0.716146 -0.089026
vn 0.868804 0.441756 0.223679
vn 0.868804 0.441756 0.223679
vn 0.691591 0.461038 -0.556009
vn 0.948692 0.252447 -0.190405
vn 0.763032 -0.045929 -0.644727
vn 0.388921 0.577932 -0.717451
vn 0.461632 0.856870 -0.229499
vn 0.691591 0.461038 -0.556009
vn 0.359708 0.024836 -0.932734
vn 0.763032 -0.045930 -0.644727
vn 0.433968 -0.548222 -0.714929
vn 0.763032 -0.045929 -0.644727
vn 0.433968 -0.548222 -0.714929
vn -0.005370 -0.491457 -0.870885
vn -0.020985 0.089834 -0.995736
vn 0.359708 0.024836 -0.932734
vn 0.107891 0.567171 -0.816503
vn 0.359708 0.024836 -0.932734
vn 0.107891 0.567171 -0.816503
vn -0.225648 0.614151 -0.756242
vn -0.020985 0.089834 -0.995736
vn -0.395516 0.091599 -0.913880
vn 0.107891 0.567171 -0.816503
vn 0.083854 0.944458 -0.317754
vn 0.107891 0.567171 -0.816503
vn 0.245343 0.919208 -0.308000
vn 0.388921 0.577932 -0.717451
vn 0.284970 0.924126 0.254524
vn 0.245343 0.919208 -0.308000
vn 0.261438 0.904354 0.337334
vn 0.245343 0.919208 -0.308000
vn 0.461631 0.856870 -0.229499
vn 0.261438 0.904354 0.337334
vn 0.373392 0.869955 0.322113
vn 0.461632 0.856870 -0.229499
vn 0.692250 0.716146 -0.089026
vn 0.461632 0.856870 -0.229499
vn 0.261438 0.904354 0.337334
vn 0.091867 0.582264 0.807793
vn 0.373392 0.869955 0.322113
vn 0.572741 0.750377 0.330003
vn 0.305091 0.502222 0.809131
vn 0.261438 0.904354 0.337334
vn 0.305091 0.502222 0.809131
vn 0.048616 -0.056766 0.997203
vn 0.411436 -0.032303 0.910866
vn 0.138825 0.508585 0.849746
vn 0.048616 -0.056766 0.997203
vn 0.200260 -0.541167 0.816722
vn 0.421175 -0.551800 0.719811
vn 0.048616 -0.056766 0.997203
vn -0.021081 -0.082925 0.996333
vn 0.189390 -0.925122 0.329061
vn 0.171658 -0.943762 0.282573
vn 0.200260 -0.541167 0.816722
vn 0.292332 -0.871205 0.394392
vn 0.572706 -0.684110 0.451665
vn 0.116550 -0.555019 0.823632
vn 0.400139 -0.518153 0.755915
vn 0.339209 -0.916032 -0.214063
vn 0.125032 -0.936925 -0.326402
vn 0.635241 -0.754413 -0.165317
vn 0.125032 -0.936925 -0.326402
vn 0.433968 -0.548222 -0.714929
vn 0.339209 -0.916032 -0.214063
vn 0.433968 -0.548222 -0.714929
vn 0.433968 -0.548222 -0.714929
vn 0.189390 -0.925122 0.329061
vn 0.125032 -0.936925 -0.326402
vn -0.218508 -0.916444 -0.335238
vn -0.005370 -0.491457 -0.870885
vn -0.455005 -0.437143 -0.775807
vn -0.005370 -0.491457 -0.870885
vn -0.780251 -0.406186 -0.475627
vn -0.558253 -0.825343 -0.084627
vn -0.455005 -0.437143 -0.775807
vn -0.723266 0.122761 -0.679571
vn -0.395516 0.091599 -0.913880
vn -0.005370 -0.491457 -0.870885
vn -0.005370 -0.491457 -0.870885
vn -0.909810 0.266704 -0.317986
vn -0.949323 -0.305363 -0.074430
vn -0.522656 0.607180 -0.598467
vn -0.556519 0.734137 -0.389010
vn -0.723266 0.122761 -0.679571
vn -0.395516 0.091599 -0.913880
vn -0.225648 0.614151 -0.756242
vn -0.395516 0.091599 -0.913880
vn -0.104591 0.925064 -0.365126
vn -0.556520 0.734137 -0.389010
vn 0.008786 0.972488 -0.232788
vn -0.104591 0.925064 -0.365126
vn 0.390337 0.884785 0.254542
vn 0.641465 0.757056 0.124049
vn -0.104591 0.925064 -0.365126
vn 0.083854 0.944458 -0.317754
vn 0.622759 0.417292 0.661845
vn 0.896205 0.339687 0.285358
vn 0.390337 0.884785 0.254542
vn 0.390337 0.884785 0.254542
vn 0.284970 0.924126 0.254524
vn 0.767072 -0.050827 0.639544
vn 0.955513 -0.067821 0.287047
vn 0.411436 -0.032303 0.910866
vn 0.631324 -0.594148 0.498415
vn 0.767072 -0.050827 0.639544
vn 0.501525 -0.670936 0.546185
vn 0.421175 -0.551800 0.719811
vn 0.767073 -0.050827 0.639544
vn 0.411436 -0.032303 0.910866
vn -0.014131 -0.862877 0.505217
vn -0.021770 -0.960355 0.277928
vn 0.171658 -0.943762 0.282573
vn 0.501525 -0.670936 0.546185
vn -0.021770 -0.960355 0.277928
vn -0.632078 -0.715017 0.298711
vn -0.021770 -0.960355 0.277928
vn -0.021770 -0.960355 0.277928
vn 0.171658 -0.943762 0.282573
vn -0.632078 -0.715017 0.298711
vn -0.583439 -0.518679 0.624957
vn -0.008821 -0.755926 0.654597
vn -0.953414 -0.084852 0.289486
vn -0.558253 -0.825343 -0.084627
vn -0.949323 -0.305363 -0.074430
vn -0.780251 -0.406186 -0.475627
vn -0.558253 -0.825343 -0.084627
vn -0.953414 -0.084852 0.289486
vn -0.745069 0.126612 0.654860
vn -0.397718 -0.304301 0.865576
vn -0.953414 -0.084852 0.289486
vn -0.878114 0.477371 0.032124
vn -0.625689 0.701304 0.341593
vn -0.953414 -0.084852 0.289486
vn -0.953414 -0.084852 0.289487
vn -0.909810 0.266704 -0.317986
vn -0.878114 0.477371 0.032124
vn -0.502836 0.845678 -0.178843
vn -0.625689 0.701304 0.341593
vn -0.278118 0.960383 -0.017765
vn -0.878114 0.477371 0.032124
vn -0.502836 0.845678 -0.178843
vn 0.144364 0.957744 -0.248767
vn 0.253623 0.900464 -0.353327
vn 0.008786 0.972488 -0.232788
vn 0.760085 0.604466 -0.238517
vn 0.694636 0.446669 -0.563887
vn 0.760085 0.604466 -0.238517
vn 0.008786 0.972488 -0.232788
vn 0.974376 0.142255 -0.174225
vn 0.838852 -0.070261 -0.539806
vn 0.896205 0.339687 0.285358
vn 0.760085 0.604466 -0.238517
vn 0.896205 0.339687 0.285358
vn 0.974376 0.142255 -0.174225
vn 0.925216 -0.337222 -0.173946
vn 0.974376 0.142255 -0.174225
vn 0.974562 -0.216353 0.058474
vn 0.974376 0.142255 -0.174225
vn 0.896205 0.339687 0.285358
vn 0.925216 -0.337222 -0.173946
vn 0.718429 -0.607291 0.339202
vn 0.974562 -0.216353 0.058474
vn 0.681924 -0.598274 0.420770
vn 0.130245 -0.622480 0.771722
vn 0.681924 -0.598274 0.420770
vn -0.014131 -0.862877 0.505217
vn 0.414256 -0.442631 0.795280
vn 0.753271 -0.604882 0.258265
vn -0.026993 -0.055057 0.998118
vn 0.130245 -0.622480 0.771722
vn -0.008821 -0.755926 0.654597
vn 0.414256 -0.442631 0.795280
vn 0.702802 -0.133288 0.698788
vn 0.414256 -0.442631 0.795280
vn 0.344883 0.149544 0.926656
vn -0.026993 -0.055057 0.998118
vn 0.925216 -0.337222 -0.173946
vn 0.802280 -0.515844 -0.300421
vn 0.802280 -0.515844 -0.300421
vn 0.703800 -0.195890 -0.682856
vn 0.802280 -0.515844 -0.300421
vn 0.793184 -0.488080 -0.364194
vn 0.860596 -0.045969 -0.507210
vn 0.793184 -0.488080 -0.364194
vn 0.838852 -0.070261 -0.539806
vn 0.619080 0.285051 -0.731769
vn 0.600922 0.348740 -0.719218
vn 0.860596 -0.045969 -0.507210
vn 0.619080 0.285051 -0.731769
vn 0.694636 0.446669 -0.563887
vn 0.347978 0.803902 -0.482341
vn 0.694636 0.446669 -0.563887
vn 0.347978 0.803902 -0.482341
vn 0.600922 0.348740 -0.719218
vn 0.347978 0.803902 -0.482341
vn -0.003667 0.999957 0.008531
vn 0.253623 0.900464 -0.353327
vn -0.003667 0.999957 0.008531
vn 0.367109 0.924870 0.099229
vn -0.003667 0.999957 0.008531
vn -0.278118 0.960383 -0.017765
vn -0.229444 0.855988 0.463292
vn -0.003667 0.999957 0.008531
vn 0.112990 0.871715 0.476809
vn -0.003667 0.999957 0.008531
vn 0.112990 0.871715 0.476809
vn -0.625689 0.701304 0.341593
vn -0.745069 0.126612 0.654860
vn -0.397718 -0.304301 0.865576
vn -0.346736 0.394517 0.850959
vn 0.763032 -0.045929 -0.644727
vn 0.837949 -0.348697 -0.419825
vn 0.837949 -0.348697 -0.419825
vn 0.572706 -0.684110 0.451665
vn 0.762086 -0.137993 0.632600
vn 0.971516 0.231313 -0.051477
vn 0.904228 -0.400051 0.149437
vn 0.367109 0.924870 0.099229
vn 0.797656 0.458286 0.392070
vn 0.797656 0.458286 0.392070
vn 0.971516 0.231313 -0.051477
vn 0.645397 0.679133 -0.349630
vn 0.635241 -0.754413 -0.165317
vn 0.300455 0.588012 -0.750979
vn 0.474141 0.721323 -0.504859
vn 0.504637 0.639238 -0.580273
vn 0.405763 0.534801 -0.741177
vn 0.637348 0.736748 -0.225810
vn 0.678475 0.636022 -0.367623
vn 0.552519 0.562068 -0.615469
vn 0.442672 0.519725 -0.730703
vn 0.405763 0.534801 -0.741177
vn 0.442672 0.519725 -0.730703
vn 0.247023 0.414384 -0.875937
vn 0.046981 0.390945 -0.919214
vn 0.300455 0.588012 -0.750979
vn 0.524104 0.784751 -0.330878
vn 0.637348 0.736748 -0.225810
vn 0.474141 0.721323 -0.504859
vn 0.437775 0.775043 -0.455699
vn 0.474141 0.721323 -0.504859
vn 0.304566 0.767637 -0.563891
vn 0.474141 0.721323 -0.504859
vn 0.129856 0.792250 -0.596219
vn 0.160344 0.666077 -0.728444
vn 0.160344 0.666077 -0.728444
vn 0.068098 0.390087 -0.918256
vn 0.442672 0.519725 -0.730703
vn 0.468292 0.463079 -0.752503
vn 0.552519 0.562068 -0.615469
vn 0.468292 0.463080 -0.752502
vn 0.654774 0.487684 -0.577439
vn 0.678475 0.636023 -0.367623
vn 0.821083 0.521225 -0.232695
vn 0.789788 0.610693 0.057344
vn 0.637348 0.736748 -0.225810
vn 0.637348 0.736748 -0.225810
vn 0.626070 0.763748 -0.157242
vn 0.637348 0.736748 -0.225810
vn 0.812973 0.568178 -0.127471
vn 0.637348 0.736748 -0.225810
vn 0.659685 0.715424 -0.230184
vn 0.657966 0.723104 -0.210241
vn 0.735884 0.623908 -0.263084
vn 0.812973 0.568178 -0.127471
vn 0.659685 0.715424 -0.230184
vn 0.812973 0.568178 -0.127471
vn 0.247023 0.414384 -0.875937
vn -0.164088 0.253473 -0.953324
vn 0.046981 0.390945 -0.919214
vn -0.123189 0.060005 -0.990568
vn -0.000002 0.054589 -0.998509
vn 0.068098 0.390087 -0.918256
vn -0.000041 0.377395 -0.926052
vn -0.000009 0.664266 -0.747496
vn 0.068098 0.390087 -0.918257
vn 0.160344 0.666077 -0.728444
vn 0.129856 0.792250 -0.596219
vn -0.000000 0.825098 -0.564990
vn -0.175959 0.732413 0.657731
vn -0.000000 0.675407 0.737445
vn -0.040789 0.618340 0.784852
vn -0.330514 0.704041 0.628559
vn 0.220070 0.960689 -0.169254
vn -0.000052 0.982771 -0.184828
vn 0.195026 0.949328 -0.246457
vn 0.000000 0.969690 -0.244338
vn 0.194112 0.963914 -0.182183
vn -0.000032 0.986637 -0.162934
vn 0.204262 0.930681 -0.303496
vn -0.000076 0.955100 -0.296284
vn -0.000032 0.986637 -0.162934
vn 0.194112 0.963914 -0.182183
vn 0.148107 0.875913 -0.459175
vn -0.000000 0.886423 -0.462877
vn -0.000076 0.955100 -0.296284
vn -0.000076 0.955100 -0.296284
vn 0.000000 -0.405302 -0.914183
vn -0.713803 -0.236656 -0.659150
vn 0.003752 -0.605233 -0.796040
vn -0.704778 -0.425099 -0.567961
vn -0.187444 -0.061804 0.980329
vn -0.178893 0.141808 0.973595
vn -0.304525 -0.042145 0.951572
vn -0.064563 -0.154881 0.985821
vn -0.038645 0.161598 0.986100
vn 0.163136 -0.239531 0.957085
vn 0.168780 0.134961 0.976370
vn 0.273446 -0.503746 0.819431
vn 0.344437 0.737895 0.580409
vn 0.160616 0.404417 0.900361
vn 0.000000 -0.475346 0.879799
vn -0.219809 0.278087 0.935068
vn 0.137191 0.985898 0.095830
vn -0.405898 -0.233362 0.883623
vn 0.160616 0.404417 0.900361
vn 0.000000 0.399936 0.916543
vn 0.000826 0.353684 0.935365
vn -0.001016 0.972648 0.232281
vn 0.137191 0.985898 0.095830
vn 0.137191 0.985898 0.095830
vn -0.001016 0.972648 0.232281
vn -0.284993 -0.717488 0.635602
vn 0.000000 -0.726787 0.686863
vn 0.000826 0.353684 0.935365
vn 0.004945 -0.659403 0.751773
vn -0.326582 -0.730768 0.599435
vn 0.000000 -0.847909 0.530142
vn 0.074108 -0.811108 0.580183
vn 0.000083 -0.794363 0.607444
vn 0.024878 -0.490123 0.871298
vn 0.001278 -0.480502 0.876993
vn 0.000083 -0.794363 0.607444
vn 0.056351 -0.187238 0.980697
vn 0.000542 -0.266438 0.963852
vn 0.044721 0.160234 0.986066
vn -0.008562 0.137477 0.990468
vn 0.000542 -0.266438 0.963852
vn 0.072865 0.625138 0.777106
vn -0.001197 0.561594 0.827412
vn 0.552478 -0.516917 0.653885
vn 0.748822 -0.500871 0.434043
vn 0.799118 0.302939 0.519268
vn 0.624292 0.415804 0.661338
vn 0.545469 -0.119169 0.829616
vn 0.887618 -0.030282 0.459584
vn 0.748822 -0.500871 0.434043
vn 0.799118 0.302939 0.519267
vn 0.660171 -0.356126 0.661324
vn 0.519587 0.688771 0.505592
vn 0.013723 -0.120076 0.992670
vn 0.360598 -0.587613 0.724348
vn 0.806375 0.000803 0.591404
vn 0.799118 0.302939 0.519268
vn -0.013038 0.976134 0.216778
vn -0.000748 0.934250 0.356617
vn 0.100489 0.966594 0.235792
vn 0.530467 0.339603 -0.776707
vn 0.228526 0.331538 -0.915346
vn 0.247023 0.414384 -0.875937
vn 0.887618 -0.030282 0.459584
vn 0.887618 -0.030282 0.459584
vn 0.705043 -0.552198 0.444962
vn 0.806375 0.000803 0.591404
vn 0.887618 -0.030282 0.459584
vn 0.061742 -0.905503 0.419825
vn -0.091758 -0.864036 0.494997
vn 0.806375 0.000803 0.591404
vn 0.493102 -0.767087 0.410399
vn -0.272520 0.235645 -0.932847
vn -0.164088 0.253473 -0.953324
vn 0.247023 0.414384 -0.875937
vn -0.426321 0.001383 -0.904571
vn -0.164088 0.253473 -0.953324
vn -0.123189 0.060005 -0.990568
vn -0.000002 0.054589 -0.998509
vn -0.123189 0.060005 -0.990568
vn 0.000250 -0.315105 -0.949057
vn -0.123189 0.060005 -0.990568
vn 0.493102 -0.767087 0.410399
vn -0.486673 -0.231306 -0.842406
vn 0.000250 -0.315105 -0.949057
vn 0.000250 -0.315105 -0.949057
vn -0.695056 0.037617 -0.717971
vn -0.486673 -0.231306 -0.842406
vn -0.000000 -0.405302 -0.914183
vn 0.000452 0.947636 0.319353
vn -0.116513 0.949734 0.290568
vn 0.000109 0.998106 0.061517
vn 0.113665 0.992149 -0.052172
vn 0.270211 0.903640 -0.332295
vn -0.000112 0.955892 -0.293718
vn 0.113665 0.992149 -0.052172
vn 0.000109 0.998106 0.061517
vn 0.311137 0.852461 -0.420123
vn -0.000066 0.862361 -0.506295
vn -0.000085 0.649877 -0.760040
vn 0.239548 0.700738 -0.672000
vn 0.217194 0.381179 -0.898626
vn -0.000053 0.350131 -0.936701
vn 0.000000 0.971819 -0.235729
vn 0.199722 0.724694 -0.659492
vn 0.170443 0.984681 0.036771
vn -0.000061 0.995777 -0.091807
vn 0.199722 0.724694 -0.659492
vn 0.251325 0.859031 -0.445984
vn -0.000140 0.825581 -0.564284
vn 0.245199 0.531485 -0.810803
vn -0.000098 0.483898 -0.875125
vn 0.265693 0.857341 -0.440878
vn -0.000062 0.985734 -0.168310
vn 0.245199 0.531485 -0.810803
vn 0.254330 0.965904 0.048442
vn -0.000177 0.997836 -0.065761
vn -0.000062 0.985734 -0.168310
vn 0.265693 0.857341 -0.440878
vn 0.311282 0.835259 -0.453262
vn -0.000133 0.814536 -0.580113
vn 0.224403 0.493667 -0.840200
vn -0.000000 0.497639 -0.867384
vn 0.311282 0.835259 -0.453262
vn 0.300122 0.777426 -0.552753
vn -0.000009 0.755248 -0.655439
vn 0.131574 0.977114 -0.167141
vn -0.000032 0.973324 -0.229433
vn -0.000009 0.755248 -0.655439
vn 0.187949 0.946437 -0.262550
vn -0.000052 0.968170 -0.250293
vn -0.001197 0.561594 0.827412
vn 0.145944 -0.482709 0.863535
vn 0.044678 -0.206832 0.977356
vn 0.293119 -0.329128 0.897639
vn 0.408647 -0.577034 0.707134
vn 0.293119 -0.329128 0.897639
vn 0.690864 0.405722 0.598412
vn 0.522273 -0.163302 0.836997
vn 0.405426 -0.090393 0.909648
vn 0.456324 -0.320552 0.830069
vn -0.109468 0.097930 0.989154
vn 0.044678 -0.206832 0.977356
vn 0.045160 -0.212950 0.976019
vn 0.044678 -0.206832 0.977356
vn 0.354022 -0.255987 0.899522
vn 0.399871 0.052445 0.915070
vn 0.168780 0.134961 0.976370
vn 0.588257 0.138618 0.796705
vn 0.676994 -0.110722 0.727613
vn 0.241182 -0.412644 0.878383
vn 0.508181 -0.224609 0.831446
vn 0.291981 -0.137688 0.946461
vn 0.849054 0.460480 0.258970
vn 0.906946 0.377296 -0.187339
vn 0.762569 -0.112408 0.637066
vn -0.109468 0.097930 0.989154
vn 0.588257 0.138618 0.796705
vn 0.508181 -0.224609 0.831446
vn 0.676994 -0.110722 0.727613
vn 0.045160 -0.212950 0.976019
vn 0.733879 -0.351944 0.580997
vn 0.718241 -0.626623 0.302446
vn 0.145944 -0.482709 0.863535
vn 0.145944 -0.482709 0.863535
vn 0.726240 0.016913 0.687233
vn 0.522273 -0.163302 0.836997
vn -0.443798 0.152194 0.883108
vn -0.036045 0.436309 0.899075
vn -0.016322 0.315503 0.948784
vn -0.197709 0.543035 0.816103
vn -0.109468 0.097930 0.989154
vn 0.456324 -0.320552 0.830069
vn 0.405426 -0.090393 0.909648
vn 0.391390 -0.426022 0.815671
vn -0.370945 0.648817 0.664407
vn 0.006626 0.643372 0.765525
vn -0.443798 0.152194 0.883108
vn 0.474328 -0.261327 0.840668
vn 0.517348 -0.039023 0.854885
vn 0.564385 -0.202621 0.800259
vn 0.665846 -0.036466 0.745198
vn 0.590678 0.154555 0.791967
vn 0.422168 0.315987 0.849663
vn 0.399871 0.052445 0.915070
vn 0.399871 0.052445 0.915070
vn 0.517348 -0.039023 0.854885
vn 0.590678 0.154555 0.791967
vn 0.163644 0.420652 0.892341
vn -0.066470 0.401795 0.913314
vn -0.286613 0.320509 0.902844
vn -0.392777 0.133951 0.909826
vn -0.550069 0.283379 0.785571
vn -0.427574 0.449027 0.784573
vn -0.669490 0.106893 0.735090
vn -0.392777 0.133951 0.909826
vn -0.550069 0.283379 0.785571
vn 0.633915 -0.756875 0.159034
vn 0.606335 -0.646092 -0.463598
vn -0.080897 -0.862432 0.499667
vn -0.000146 0.970147 0.242520
vn -0.040789 0.618340 0.784852
vn -0.531408 -0.018651 0.846911
vn -0.392777 0.133951 0.909826
vn -0.390690 -0.203961 0.897642
vn -0.304525 -0.042145 0.951572
vn -0.259676 -0.270633 0.926998
vn -0.304525 -0.042145 0.951572
vn -0.102691 -0.428568 0.897655
vn -0.064563 -0.154882 0.985821
vn -0.187444 -0.061804 0.980329
vn 0.120089 -0.498985 0.858250
vn -0.064563 -0.154882 0.985821
vn -0.102691 -0.428568 0.897655
vn 0.332708 -0.529226 0.780529
vn 0.354022 -0.255987 0.899522
vn 0.517822 -0.428576 0.740394
vn 0.474328 -0.261327 0.840668
vn 0.354022 -0.255987 0.899521
vn 0.664918 -0.364560 0.651905
vn 0.564385 -0.202621 0.800259
vn 0.474328 -0.261327 0.840668
vn 0.785234 -0.286737 0.548807
vn 0.564385 -0.202621 0.800259
vn 0.848283 -0.128618 0.513687
vn 0.446046 -0.728942 0.519313
vn 0.782477 -0.612024 0.114701
vn 0.774935 -0.553394 -0.305336
vn 0.127982 -0.167398 0.977547
vn 0.876129 -0.410099 0.253410
vn -0.519556 -0.069383 0.851615
vn 0.127982 -0.167398 0.977547
vn -0.206990 -0.309918 0.927958
vn 0.782477 -0.612024 0.114701
vn 0.761892 -0.459901 -0.456082
vn 0.635834 -0.468830 0.613117
vn 0.668268 -0.691699 0.273808
vn 0.442189 -0.772367 0.455981
vn 0.391836 -0.543239 0.742534
vn 0.175952 -0.547059 0.818393
vn 0.222827 -0.784955 0.578095
vn 0.000000 -0.549675 0.835379
vn -0.000105 -0.819320 0.573337
vn 0.175952 -0.547059 0.818394
vn 0.853279 -0.172681 0.492032
vn 0.833074 -0.552931 0.015934
vn 0.668268 -0.691699 0.273808
vn 0.928328 -0.314372 -0.198440
vn 0.988847 -0.137166 0.058026
vn 0.853279 -0.172681 0.492032
vn 0.988847 -0.137166 0.058026
vn 0.977221 0.211933 0.011093
vn 0.916027 -0.004475 -0.401091
vn 0.850449 0.469118 -0.238043
vn 0.774646 0.224328 -0.591271
vn 0.850449 0.469118 -0.238042
vn 0.546308 0.711357 -0.442174
vn 0.510392 0.374886 -0.773926
vn 0.217194 0.381179 -0.898626
vn 0.217194 0.381179 -0.898626
vn 0.546308 0.711357 -0.442174
vn 0.383526 -0.440565 0.811671
vn 0.165074 -0.453407 0.875884
vn 0.222827 -0.784955 0.578095
vn -0.000049 -0.541852 0.840474
vn 0.222827 -0.784955 0.578095
vn -0.000105 -0.819320 0.573337
vn 0.859725 -0.320100 0.398006
vn 0.928328 -0.314372 -0.198440
vn 0.990750 -0.079444 0.110009
vn 0.975699 0.208005 -0.068881
vn 0.928328 -0.314372 -0.198440
vn 0.916027 -0.004475 -0.401091
vn 0.510392 0.374886 -0.773926
vn 0.579648 0.659026 -0.479263
vn 0.821767 0.522717 -0.226862
vn 0.916027 -0.004475 -0.401091
vn 0.510392 0.374886 -0.773926
vn 0.239548 0.700738 -0.672000
vn 0.833075 -0.552931 0.015934
vn 0.589966 -0.394611 0.704431
vn 0.383526 -0.440565 0.811671
vn 0.068044 -0.073847 0.994946
vn -0.000000 -0.113759 0.993508
vn 0.165074 -0.453407 0.875884
vn 0.165074 -0.453407 0.875884
vn 0.201871 -0.499508 0.842461
vn -0.000215 -0.708566 0.705645
vn -0.000000 -0.113759 0.993508
vn 0.203168 -0.065221 0.976969
vn 0.418849 -0.401243 0.814598
vn 0.068044 -0.073847 0.994946
vn 0.165074 -0.453407 0.875884
vn 0.245825 -0.828912 0.502468
vn -0.000387 -0.797686 0.603074
vn 0.201871 -0.499507 0.842461
vn 0.439287 -0.794895 0.418532
vn 0.245825 -0.828912 0.502468
vn 0.273446 -0.503746 0.819431
vn 0.552478 -0.516917 0.653885
vn 0.439287 -0.794895 0.418532
vn 0.748822 -0.500871 0.434043
vn 0.748822 -0.500871 0.434043
vn 0.252593 -0.006629 0.967550
vn 0.545469 -0.119169 0.829616
vn 0.418849 -0.401243 0.814598
vn 0.064306 -0.068223 0.995596
vn 0.545469 -0.119169 0.829616
vn 0.545469 -0.119169 0.829616
vn 0.153727 -0.169080 0.973540
vn 0.064306 -0.068223 0.995596
vn 0.485239 -0.227031 0.844393
vn 0.485239 -0.227031 0.844393
vn 0.252593 -0.006629 0.967550
vn 0.344437 0.737895 0.580409
vn 0.552478 -0.516917 0.653885
vn 0.624292 0.415804 0.661337
vn 0.624292 0.415804 0.661337
vn 0.344437 0.737895 0.580409
vn 0.013723 -0.120076 0.992670
vn 0.568660 -0.252311 0.782921
vn 0.660171 -0.356126 0.661324
vn 0.064306 -0.068223 0.995596
vn 0.121521 -0.196976 0.972848
vn 0.064306 -0.068223 0.995596
vn 0.515633 -0.167468 0.840284
vn 0.153727 -0.169080 0.973540
vn 0.838425 -0.106959 0.534419
vn 0.485239 -0.227031 0.844393
vn 0.958468 0.166030 0.231889
vn 0.838425 -0.106959 0.534419
vn 0.859725 -0.320100 0.398006
vn 0.568660 -0.252311 0.782921
vn 0.895251 -0.273129 0.352033
vn 0.718241 -0.626623 0.302446
vn 0.493102 -0.767087 0.410399
vn 0.895251 -0.273129 0.352033
vn 0.825858 -0.232751 0.513600
vn -0.296656 -0.786850 0.541168
vn 0.013723 -0.120076 0.992670
vn -0.431129 -0.680703 0.592260
vn -0.405898 -0.233362 0.883623
vn -0.219809 0.278087 0.935068
vn -0.511858 -0.569131 0.643499
vn 0.394735 -0.687812 0.609179
vn 0.168497 -0.641746 0.748178
vn -0.091758 -0.864036 0.494997
vn -0.022248 -0.574343 0.818313
vn -0.091758 -0.864036 0.494997
vn -0.144026 -0.482594 0.863921
vn -0.296656 -0.786850 0.541168
vn -0.208899 -0.396322 0.894030
vn -0.511858 -0.569132 0.643499
vn -0.431129 -0.680703 0.592260
vn -0.144026 -0.482594 0.863921
vn 0.157195 -0.688735 0.707767
vn -0.208899 -0.396322 0.894030
vn -0.511858 -0.569132 0.643499
vn -0.208899 -0.396322 0.894030
vn 0.394735 -0.687812 0.609179
vn 0.493102 -0.767087 0.410399
vn 0.617491 -0.198741 0.761057
vn 0.394735 -0.687812 0.609179
vn 0.335869 -0.157421 0.928661
vn -0.022248 -0.574343 0.818313
vn -0.144026 -0.482594 0.863921
vn 0.166637 -0.080271 0.982745
vn -0.208899 -0.396322 0.894030
vn -0.144026 -0.482594 0.863921
vn -0.144026 -0.482594 0.863921
vn 0.335869 -0.157421 0.928661
vn 0.568660 -0.252311 0.782921
vn 0.271842 0.447535 0.851948
vn 0.926391 0.276859 0.255243
vn 0.568660 -0.252311 0.782921
vn 0.568660 -0.252311 0.782921
vn -0.089508 -0.036340 0.995323
vn -0.133863 0.189175 0.972776
vn -0.089508 -0.036340 0.995323
vn 0.568660 -0.252311 0.782921
vn 0.391390 -0.426022 0.815671
vn 0.166637 -0.080271 0.982745
vn 0.335869 -0.157421 0.928661
vn 0.443709 0.324986 0.835169
vn 0.166637 -0.080271 0.982745
vn 0.617491 -0.198741 0.761057
vn 0.654558 0.317942 0.685906
vn 0.843246 0.232290 0.484744
vn 0.825858 -0.232751 0.513600
vn 0.895251 -0.273129 0.352033
vn 0.726240 0.016913 0.687233
vn 0.434140 0.687745 0.581833
vn 0.675063 0.692105 0.255500
vn 0.108298 0.191189 0.975561
vn 0.515633 -0.167468 0.840284
vn 0.487151 0.197622 0.850664
vn 0.121521 -0.196976 0.972848
vn 0.121521 -0.196976 0.972848
vn 0.749835 0.250216 0.612486
vn 0.487151 0.197622 0.850664
vn -0.625419 0.761922 0.168301
vn 0.749835 0.250216 0.612486
vn 0.838425 -0.106959 0.534419
vn 0.529431 0.673937 0.515278
vn 0.443709 0.324986 0.835169
vn -0.326582 -0.730768 0.599435
vn 0.157195 -0.688735 0.707767
vn 0.296144 -0.608377 0.736326
vn 0.074108 -0.811108 0.580183
vn 0.405426 -0.090393 0.909648
vn 0.391390 -0.426022 0.815671
vn 0.726240 0.016913 0.687233
vn 0.726240 0.016913 0.687233
vn 0.646697 0.708365 0.282847
vn 0.529431 0.673937 0.515278
vn 0.843246 0.232290 0.484744
vn 0.926391 0.276859 0.255243
vn 0.752466 0.641779 0.148037
vn 0.646697 0.708365 0.282847
vn 0.396374 0.784653 0.476662
vn 0.240945 0.945389 0.219513
vn 0.199543 0.849404 0.488565
vn -0.000245 0.887278 0.461235
vn 0.675063 0.692105 0.255500
vn 0.265041 0.891504 0.367388
vn 0.000000 0.933419 0.358789
vn -0.000245 0.887278 0.461235
vn 0.258557 0.921609 0.289457
vn 0.208362 0.952504 0.222087
vn 0.386281 0.828861 0.404694
vn 0.434140 0.687745 0.581833
vn 0.529431 0.673937 0.515278
vn 0.508958 0.829944 0.228372
vn 0.732641 0.139961 0.666070
vn 0.665846 -0.036466 0.745198
vn 0.594105 0.323382 0.736521
vn 0.240945 0.945389 0.219513
vn 0.347391 0.922320 0.169251
vn 0.675063 0.692106 0.255500
vn 0.690864 0.405722 0.598412
vn 0.386281 0.828861 0.404694
vn 0.386281 0.828861 0.404694
vn 0.590678 0.154555 0.791967
vn 0.594105 0.323382 0.736521
vn 0.373100 0.502801 0.779736
vn 0.422168 0.315987 0.849663
vn 0.101112 0.565041 0.818844
vn -0.066470 0.401795 0.913314
vn -0.066470 0.401795 0.913314
vn -0.157485 0.541265 0.825973
vn 0.072865 0.625138 0.777106
vn 0.341266 0.543943 0.766592
vn 0.100489 0.966594 0.235792
vn 0.347391 0.922320 0.169251
vn 0.268886 0.095890 0.958387
vn 0.599470 -0.314831 0.735878
vn 0.341266 0.543943 0.766592
vn 0.341266 0.543943 0.766592
vn 0.341265 0.543943 0.766592
vn 0.268886 0.095890 0.958387
vn 0.291981 -0.137688 0.946461
vn 0.599470 -0.314831 0.735878
vn 0.044721 0.160234 0.986066
vn 0.056351 -0.187238 0.980697
vn 0.024878 -0.490123 0.871298
vn 0.074108 -0.811108 0.580183
vn 0.296144 -0.608377 0.736326
vn 0.241182 -0.412645 0.878383
vn 0.024878 -0.490123 0.871298
vn 0.241182 -0.412644 0.878383
vn 0.296144 -0.608377 0.736326
vn 0.762569 -0.112408 0.637066
vn 0.408647 -0.577034 0.707134
vn 0.293119 -0.329128 0.897639
vn 0.599470 -0.314831 0.735878
vn 0.408647 -0.577034 0.707134
vn 0.599470 -0.314831 0.735878
vn 0.733879 -0.351943 0.580997
vn -0.224190 0.681401 0.696729
vn 0.271842 0.447535 0.851948
vn -0.133863 0.189175 0.972776
vn -0.296433 0.569656 0.766563
vn 0.271842 0.447535 0.851948
vn 0.108298 0.191189 0.975561
vn 0.065228 0.554994 0.829293
vn 0.812165 0.583373 -0.008005
vn 0.958468 0.166030 0.231889
vn 0.821767 0.522717 -0.226862
vn 0.760234 0.629342 -0.161158
vn 0.821767 0.522717 -0.226862
vn 0.579648 0.659026 -0.479263
vn 0.611404 0.752056 -0.246166
vn 0.311137 0.852461 -0.420123
vn 0.108298 0.191189 0.975561
vn 0.487151 0.197622 0.850664
vn 0.487151 0.197622 0.850664
vn 0.590953 0.576045 0.564754
vn 0.065228 0.554994 0.829293
vn 0.749835 0.250216 0.612486
vn 0.134627 0.555816 0.820332
vn -0.625419 0.761922 0.168301
vn 0.007186 0.819672 0.572788
vn -0.625419 0.761922 0.168301
vn 0.136727 0.206335 0.968882
vn 0.322130 -0.306983 0.895541
vn 0.640679 0.065803 0.764984
vn 0.136727 0.206335 0.968882
vn 0.408735 -0.015452 0.912522
vn 0.664918 -0.364560 0.651905
vn -0.419517 -0.281247 0.863079
vn -0.366308 0.384446 0.847361
vn -0.443798 0.152194 0.883108
vn -0.039821 0.690380 0.722350
vn -0.370016 0.768770 0.521614
vn -0.366308 0.384446 0.847361
vn -0.370945 0.648817 0.664407
vn -0.370945 0.648817 0.664407
vn 0.389097 0.064557 0.918932
vn 0.332708 -0.529226 0.780529
vn 0.120089 -0.498985 0.858250
vn 0.658436 0.317400 0.682437
vn 0.320483 0.017653 0.947090
vn 0.658436 0.317400 0.682437
vn 0.120089 -0.498985 0.858250
vn -0.259676 -0.270633 0.926998
vn 0.278717 0.357594 0.891316
vn 0.149240 0.547013 0.823714
vn -0.390690 -0.203961 0.897642
vn 0.181997 0.781496 0.596776
vn -0.390690 -0.203961 0.897642
vn -0.185897 0.153548 0.970498
vn -0.669490 0.106893 0.735090
vn -0.531408 -0.018651 0.846911
vn -0.065775 0.675760 0.734181
vn 0.048512 0.799585 0.598590
vn 0.122428 0.668679 0.733403
vn 0.048512 0.799585 0.598590
vn 0.281221 0.730565 0.622246
vn 0.292140 0.668050 0.684371
vn -0.065123 0.887240 0.456688
vn -0.175959 0.732413 0.657731
vn -0.370016 0.768770 0.521614
vn 0.145301 0.865766 0.478892
vn -0.370016 0.768770 0.521614
vn -0.065123 0.887240 0.456688
vn -0.039821 0.690380 0.722350
vn 0.243381 0.603009 0.759701
vn 0.338887 -0.325508 0.882723
vn 0.848283 -0.128618 0.513687
vn 0.732641 0.139961 0.666069
vn 0.848283 -0.128618 0.513687
vn 0.302711 -0.172266 0.937385
vn 0.338887 -0.325508 0.882723
vn 0.446612 0.617342 0.647631
vn 0.396014 0.615444 0.681471
vn 0.048512 0.799585 0.598590
vn 0.281221 0.730565 0.622246
vn 0.221849 -0.102280 0.969702
vn 0.281221 0.730565 0.622246
vn 0.145301 0.865766 0.478892
vn 0.439146 0.529928 0.725484
vn 0.101112 0.565041 0.818844
vn 0.095601 0.048054 0.994259
vn 0.221849 -0.102280 0.969702
vn -0.157485 0.541265 0.825973
vn 0.101112 0.565041 0.818844
vn 0.095601 0.048054 0.994259
vn 0.095601 0.048054 0.994259
vn -0.060022 -0.323621 0.944281
vn -0.427575 0.449027 0.784573
vn -0.197086 -0.166241 0.966189
vn -0.427574 0.449027 0.784573
vn -0.197086 -0.166241 0.966189
vn -0.197095 -0.263176 0.944400
vn -0.669490 0.106893 0.735090
vn -0.669490 0.106893 0.735090
vn -0.550069 0.283379 0.785571
vn -0.535835 -0.157969 0.829414
vn 0.338887 -0.325508 0.882723
vn -0.279172 -0.505984 0.816115
vn 0.302711 -0.172266 0.937385
vn 0.338887 -0.325508 0.882723
vn 0.302711 -0.172266 0.937385
vn -0.025562 -0.448695 0.893319
vn 0.221849 -0.102280 0.969702
vn 0.302711 -0.172266 0.937385
vn 0.084194 -0.463914 0.881870
vn 0.095601 0.048054 0.994259
vn 0.119361 -0.596799 0.793463
vn 0.168727 -0.638624 0.750794
vn -0.197086 -0.166241 0.966189
vn 0.275006 -0.730860 0.624672
vn -0.197095 -0.263176 0.944400
vn 0.402665 -0.588220 0.701326
vn 0.275006 -0.730860 0.624672
vn -0.185897 0.153548 0.970498
vn 0.749139 -0.062135 0.659493
vn 0.404955 0.557348 0.724828
vn 0.406940 0.283616 0.868310
vn 0.446612 0.617342 0.647631
vn 0.369694 0.414573 0.831538
vn 0.440631 0.579226 0.685815
vn 0.396014 0.615444 0.681471
vn 0.099240 0.362824 0.926559
vn 0.465485 0.540528 0.700824
vn 0.440631 0.579226 0.685815
vn 0.065228 0.554994 0.829293
vn 0.181997 0.781496 0.596776
vn -0.185897 0.153548 0.970498
vn 0.721692 0.154415 0.674772
vn 0.181997 0.781496 0.596776
vn 0.539026 0.831528 0.134211
vn 0.446612 0.617342 0.647631
vn 0.281221 0.730565 0.622246
vn 0.402665 -0.588220 0.701326
vn 0.319028 -0.649833 0.689883
vn 0.721692 0.154415 0.674772
vn 0.749139 -0.062135 0.659493
vn 0.259650 -0.654085 0.710461
vn 0.319028 -0.649833 0.689883
vn 0.237842 -0.503661 0.830516
vn 0.275006 -0.730860 0.624672
vn 0.185464 -0.348739 0.918686
vn 0.168727 -0.638624 0.750794
vn 0.084194 -0.463914 0.881870
vn 0.102647 -0.300272 0.948314
vn 0.084194 -0.463914 0.881870
vn -0.025562 -0.448695 0.893319
vn 0.019763 -0.338141 0.940888
vn -0.025562 -0.448695 0.893319
vn 0.084194 -0.463914 0.881870
vn -0.133724 -0.376110 0.916875
vn -0.025562 -0.448695 0.893319
vn -0.025562 -0.448695 0.893319
vn -0.370308 -0.447342 0.814099
vn -0.279172 -0.505984 0.816115
vn -0.535835 -0.157969 0.829414
vn 0.560262 0.805943 0.191214
vn 0.258557 0.921609 0.289457
vn 0.208362 0.952504 0.222087
vn -0.962262 -0.244326 -0.119821
vn -0.530171 -0.616533 -0.582070
vn 0.001754 -0.639735 -0.768594
vn -0.704778 -0.425099 -0.567961
vn 0.812973 0.568178 -0.127471
vn 0.930143 0.350031 0.110956
vn 0.763372 0.351449 -0.541984
vn 0.654774 0.487684 -0.577439
vn -0.357994 -0.891912 0.276284
vn -0.446886 -0.650601 0.614012
vn 0.604645 -0.728278 -0.322514
vn 0.446046 -0.728942 0.519313
vn 0.176189 0.106399 0.978589
vn 0.319028 -0.649833 0.689883
vn 0.059908 -0.614741 0.786451
vn 0.176189 0.106399 0.978589
vn 0.319028 -0.649833 0.689883
vn 0.259650 -0.654085 0.710461
vn 0.068030 -0.370876 0.926187
vn 0.059908 -0.614741 0.786451
vn 0.319028 -0.649833 0.689883
vn 0.237842 -0.503661 0.830516
vn 0.151267 0.054182 0.987007
vn 0.068030 -0.370876 0.926187
vn 0.272797 -0.097418 0.957127
vn 0.237842 -0.503661 0.830516
vn 0.237842 -0.503661 0.830516
vn 0.239286 -0.105938 0.965153
vn 0.185464 -0.348739 0.918686
vn 0.051784 -0.274515 0.960188
vn 0.102647 -0.300272 0.948315
vn 0.239286 -0.105938 0.965153
vn 0.102647 -0.300272 0.948315
vn 0.116951 0.714598 -0.689690
vn 0.437051 0.728200 -0.527931
vn 0.728468 0.453110 -0.513834
vn 0.611404 0.752056 -0.246166
vn 0.948019 0.301512 -0.101736
vn 0.728468 0.453110 -0.513834
vn -0.161801 0.939973 -0.300451
vn 0.270211 0.903640 -0.332295
vn 0.270211 0.903640 -0.332295
vn 0.827216 0.549617 0.116770
vn 0.812165 0.583373 -0.008005
vn 0.948019 0.301512 -0.101736
vn 0.812165 0.583373 -0.008005
vn 0.883607 0.214380 -0.416269
vn 0.948019 0.301512 -0.101736
vn 0.942958 -0.039297 0.330584
vn 0.211280 -0.294317 0.932061
vn 0.833276 0.318492 0.451900
vn 0.948019 0.301512 -0.101736
vn 0.948019 0.301512 -0.101736
vn 0.654934 0.648113 0.388600
vn 0.638661 0.455493 0.620193
vn 0.827216 0.549617 0.116770
vn 0.827216 0.549617 0.116770
vn 0.590953 0.576045 0.564754
vn 0.134627 0.555816 0.820332
vn 0.465485 0.540528 0.700824
vn 0.007186 0.819672 0.572788
vn 0.638661 0.455493 0.620193
vn 0.007186 0.819672 0.572788
vn 0.827216 0.549617 0.116770
vn 0.638660 0.455493 0.620193
vn -0.367373 -0.409088 0.835275
vn 0.266265 0.340211 0.901864
vn 0.765929 0.235502 0.598240
vn 0.211280 -0.294317 0.932061
vn 0.159081 -0.092839 0.982891
vn 0.211280 -0.294317 0.932061
vn 0.437051 0.728200 -0.527931
vn 0.436422 0.516278 -0.736880
vn 0.883607 0.214380 -0.416269
vn 0.728468 0.453111 -0.513834
vn 0.437051 0.728200 -0.527931
vn -0.042142 0.765724 -0.641788
vn -0.561321 0.819300 -0.116898
vn -0.161801 0.939973 -0.300451
vn 0.116951 0.714598 -0.689690
vn -0.161801 0.939973 -0.300451
vn -0.337326 -0.386529 0.858374
vn 0.006008 0.109662 0.993951
vn 0.266265 0.340211 0.901864
vn -0.367373 -0.409088 0.835275
vn 0.159081 -0.092839 0.982891
vn 0.035827 0.044240 0.998378
vn -0.452661 -0.337723 0.825252
vn -0.040716 0.535826 0.843347
vn 0.006008 0.109662 0.993951
vn -0.337326 -0.386529 0.858374
vn -0.251883 0.301990 0.919433
vn -0.337326 -0.386529 0.858374
vn -0.685269 0.321391 0.653540
vn -0.272001 0.921519 0.277160
vn -0.272001 0.921519 0.277160
vn -0.251883 0.301990 0.919433
vn -0.057320 0.987987 0.143514
vn -0.685269 0.321391 0.653540
vn 0.491901 0.701188 0.516109
vn 0.035827 0.044240 0.998378
vn 0.159081 -0.092839 0.982891
vn -0.057320 0.987987 0.143514
vn -0.251883 0.301990 0.919433
vn 0.035827 0.044240 0.998378
vn 0.491901 0.701188 0.516110
vn 0.822044 0.554668 -0.128790
vn 0.883607 0.214380 -0.416269
vn 0.436422 0.516278 -0.736880
vn 0.439053 0.836972 -0.326665
vn -0.042142 0.765724 -0.641788
vn 0.065818 0.929692 -0.362411
vn 0.439053 0.836972 -0.326665
vn -0.042142 0.765724 -0.641788
vn -0.057320 0.987987 0.143514
vn -0.057320 0.987987 0.143514
vn 0.065818 0.929692 -0.362411
vn 0.942958 -0.039297 0.330584
vn 0.765929 0.235502 0.598240
vn 0.491901 0.701188 0.516110
vn 0.765929 0.235502 0.598240
vn 0.822044 0.554668 -0.128790
vn 0.491901 0.701188 0.516110
vn 0.822044 0.554668 -0.128790
vn 0.439053 0.836972 -0.326665
vn 0.599065 0.731933 0.324645
vn 0.654934 0.648113 0.388600
vn 0.440631 0.579226 0.685815
vn 0.654934 0.648113 0.388600
vn -0.148637 0.821878 0.549931
vn 0.000198 0.859626 0.510925
vn -0.116513 0.949734 0.290568
vn 0.000198 0.859626 0.510925
vn 0.048622 0.986696 0.155135
vn 0.113665 0.992148 -0.052172
vn 0.113665 0.992149 -0.052172
vn 0.312441 0.940099 0.136364
vn 0.481966 0.862185 0.156035
vn -0.040716 0.535826 0.843347
vn 0.542292 0.815805 0.200952
vn 0.006008 0.109662 0.993951
vn -0.040716 0.535825 0.843347
vn 0.599065 0.731934 0.324645
vn 0.006008 0.109662 0.993951
vn 0.425885 0.743853 0.515078
vn 0.396014 0.615444 0.681471
vn 0.542292 0.815805 0.200952
vn 0.412126 0.842411 0.347126
vn 0.481966 0.862185 0.156035
vn 0.305143 0.895402 0.324257
vn 0.138970 0.941614 0.306676
vn 0.048622 0.986696 0.155135
vn -0.116513 0.949734 0.290569
vn -0.094993 0.911603 0.399946
vn 0.048622 0.986696 0.155135
vn -0.116513 0.949734 0.290568
vn -0.148637 0.821878 0.549931
vn -0.148637 0.821878 0.549931
vn -0.115189 0.803009 0.584729
vn -0.148637 0.821878 0.549931
vn 0.425885 0.743853 0.515078
vn 0.300511 0.779563 0.549523
vn 0.292140 0.668050 0.684370
vn 0.425885 0.743853 0.515078
vn 0.097754 0.817898 0.566998
vn -0.065775 0.675760 0.734181
vn -0.115189 0.803009 0.584729
vn -0.094993 0.911603 0.399946
vn 0.097754 0.817898 0.566998
vn 0.305143 0.895402 0.324257
vn 0.425885 0.743853 0.515078
vn 0.305143 0.895402 0.324257
vn 0.300511 0.779563 0.549523
vn 0.305143 0.895402 0.324257
vn 0.097754 0.817899 0.566998
vn 0.934040 0.232272 0.271329
vn 0.790310 0.085122 0.606766
vn 0.918596 0.000595 0.395197
vn 0.935078 0.264197 -0.236284
vn 0.994347 0.077013 0.073098
vn 0.972963 -0.041028 -0.227286
vn 0.836039 0.533940 -0.126278
vn 0.798581 0.595883 0.084800
vn 0.578632 0.180803 0.795296
vn 0.165467 -0.008023 0.986183
vn 0.544874 -0.196899 0.815073
vn 0.947835 0.012632 0.318512
vn 0.837701 0.317347 0.444464
vn 0.889117 -0.037565 -0.456136
vn 0.910988 0.268143 -0.313368
vn 0.935078 0.264197 -0.236284
vn 0.316312 0.105830 -0.942734
vn 0.186113 -0.219628 -0.957667
vn -0.097112 -0.102974 -0.989932
vn -0.344857 -0.354595 -0.869101
vn 0.228526 0.331538 -0.915346
vn -0.161718 0.100440 -0.981712
vn -0.161718 0.100440 -0.981712
vn -0.604407 -0.038240 -0.795757
vn -0.272520 0.235645 -0.932848
vn 0.849054 0.460480 0.258970
vn 0.948236 0.169627 0.268468
vn 0.849054 0.460480 0.258970
vn 0.350625 -0.934661 -0.058915
vn 0.332232 -0.901524 -0.277265
vn 0.618806 -0.784725 -0.035872
vn 0.609565 -0.759615 -0.226751
vn 0.821775 0.544391 -0.168296
vn 0.542742 0.816976 -0.194888
vn 0.788381 0.569823 -0.231855
vn 0.516514 0.805817 -0.289608
vn -0.097408 -0.873662 0.476682
vn -0.926104 -0.304022 0.223386
vn -0.698355 -0.242186 0.673532
vn -0.818490 -0.240512 0.521755
vn -0.926104 -0.304022 0.223386
vn -0.956439 -0.252576 0.146390
vn -0.933672 -0.291188 -0.208487
vn -0.965548 -0.224707 -0.131236
vn -0.926104 -0.304022 0.223386
vn 0.392726 -0.395515 0.830262
vn 0.694294 -0.121054 0.709437
vn -0.289117 -0.334532 0.896939
vn 0.290278 -0.311354 0.904874
vn 0.392726 -0.395515 0.830262
vn 0.827343 -0.298447 0.475851
vn 0.906114 -0.141306 0.398736
vn 0.694153 -0.277010 0.664393
vn 0.968717 -0.225311 0.104028
vn 0.991187 -0.121929 0.051793
vn 0.966734 -0.198164 0.161730
vn 0.968717 -0.225311 0.104028
vn 0.827343 -0.298447 0.475851
vn 0.748390 -0.204512 -0.630942
vn 0.927187 -0.173316 -0.332094
vn 0.696377 -0.158217 -0.700019
vn 0.945203 -0.196334 -0.260852
vn 0.968717 -0.225311 0.104028
vn 0.696377 -0.158217 -0.700019
vn 0.780047 -0.174266 -0.600964
vn 0.948483 -0.165205 -0.270347
vn 0.966734 -0.198164 0.161730
vn 0.966734 -0.198164 0.161730
vn 0.945203 -0.196334 -0.260852
vn 0.406686 -0.214523 -0.888024
vn 0.881989 -0.430414 -0.191936
vn 0.442904 0.890604 -0.103247
vn 0.596051 0.733600 -0.326427
vn 0.740640 0.668603 -0.066502
vn 0.731473 0.450357 -0.511982
vn 0.740640 0.668603 -0.066502
vn 0.222559 -0.554474 -0.801889
vn -0.387350 -0.103803 -0.916070
vn 0.090635 -0.930573 -0.354711
vn -0.770792 -0.195703 -0.606284
vn -0.492684 -0.150771 -0.857048
vn -0.831499 -0.216217 -0.511722
vn -0.770792 -0.195703 -0.606284
vn -0.522461 -0.851978 -0.034176
vn -0.933672 -0.291188 -0.208487
vn 0.320626 -0.916847 0.237886
vn 0.090635 -0.930573 -0.354711
vn 0.358976 -0.929032 0.089644
vn 0.242996 -0.883586 0.400287
vn -0.626812 -0.726845 -0.280719
vn -0.939134 -0.343370 0.011170
vn -0.783888 -0.592707 0.184985
vn 0.542742 0.816976 -0.194888
vn 0.195026 0.949328 -0.246457
vn 0.187949 0.946437 -0.262550
vn 0.516514 0.805817 -0.289608
vn 0.442904 0.890604 -0.103247
vn 0.187949 0.946437 -0.262550
vn 0.442904 0.890604 -0.103247
vn 0.300122 0.777426 -0.552753
vn 0.442904 0.890604 -0.103247
vn 0.669895 0.026603 0.741979
vn 0.935078 0.264197 -0.236284
vn 0.935078 0.264197 -0.236284
vn 0.738364 0.666719 0.101512
vn 0.874704 0.327846 0.356946
vn 0.798581 0.595883 0.084800
vn 0.915099 -0.403222 -0.002588
vn 0.984524 -0.159231 -0.073193
vn 0.669895 0.026603 0.741979
vn 0.790310 0.085122 0.606766
vn 0.812565 0.530368 -0.241762
vn 0.584275 0.729793 -0.355000
vn 0.655110 0.750135 0.090164
vn 0.424368 0.900071 0.098914
vn 0.391353 -0.742591 0.543509
vn 0.531855 -0.833594 0.149167
vn 0.701714 -0.703179 0.114619
vn 0.588451 -0.607674 0.533345
vn 0.181336 -0.509714 0.841017
vn 0.410996 -0.385580 0.826081
vn 0.242201 -0.696775 0.675162
vn 0.410996 -0.385580 0.826081
vn 0.474630 -0.585515 0.657189
vn 0.286942 -0.730440 0.619775
vn 0.242201 -0.696775 0.675162
vn 0.517825 -0.646847 0.559862
vn 0.199771 -0.292425 0.935190
vn 0.397433 -0.245688 0.884129
vn 0.199771 -0.292425 0.935190
vn 0.391836 -0.543239 0.742534
vn 0.199771 -0.292425 0.935190
vn 0.391836 -0.543239 0.742534
vn -0.000000 -0.303138 0.952947
vn 0.607702 -0.112595 0.786143
vn 0.635834 -0.468831 0.613117
vn 0.635834 -0.468831 0.613117
vn 0.397433 -0.245688 0.884129
vn 0.734367 0.414209 0.537714
vn 0.988847 -0.137166 0.058026
vn 0.853279 -0.172681 0.492032
vn 0.782293 0.054141 0.620553
vn 0.525137 0.447591 -0.723805
vn 0.524967 0.768303 -0.366226
vn 0.170443 0.984681 0.036771
vn 0.437854 0.899039 0.003554
vn 0.251325 0.859031 -0.445984
vn 0.773619 0.289831 -0.563482
vn 0.775406 0.594794 -0.212053
vn 0.614969 0.772841 0.156622
vn 0.850449 0.469118 -0.238043
vn 0.934222 0.355555 0.028453
vn 0.614969 0.772841 0.156622
vn 0.704116 0.620135 0.345910
vn 0.614969 0.772841 0.156622
vn 0.850449 0.469118 -0.238042
vn 0.977221 0.211933 0.011093
vn 0.988847 -0.137166 0.058026
vn 0.170443 0.984681 0.036771
vn 0.546308 0.711357 -0.442174
vn 0.265693 0.857341 -0.440878
vn 0.538402 0.734162 -0.413679
vn 0.424368 0.900071 0.098914
vn 0.245199 0.531485 -0.810803
vn 0.525137 0.447591 -0.723805
vn 0.538402 0.734162 -0.413679
vn 0.265693 0.857341 -0.440878
vn 0.655110 0.750135 0.090164
vn 0.538402 0.734162 -0.413679
vn 0.767627 0.481570 -0.422893
vn 0.872518 0.461652 0.159970
vn 0.927917 0.343524 -0.144781
vn 0.655110 0.750135 0.090164
vn 0.767627 0.481570 -0.422893
vn 0.773619 0.289831 -0.563482
vn 0.933600 0.075695 -0.350230
vn 0.933600 0.075695 -0.350230
vn 0.773619 0.289831 -0.563482
vn 0.983563 0.093177 0.154667
vn 0.933600 0.075695 -0.350230
vn 0.977430 -0.182503 -0.106408
vn 0.933600 0.075695 -0.350230
vn 0.968932 0.051379 0.241932
vn 0.934222 0.355555 0.028453
vn 0.934222 0.355555 0.028453
vn 0.902220 -0.285279 0.323443
vn 0.977430 -0.182503 -0.106408
vn 0.904313 -0.326078 0.275485
vn 0.734367 0.414209 0.537714
vn 0.968932 0.051379 0.241932
vn 0.782293 0.054141 0.620553
vn 0.902220 -0.285279 0.323443
vn 0.968932 0.051379 0.241932
vn 0.734753 -0.502249 0.455943
vn 0.697574 -0.420011 0.580501
vn 0.782293 0.054141 0.620553
vn 0.517825 -0.646847 0.559862
vn 0.734753 -0.502249 0.455943
vn 0.397433 -0.245688 0.884129
vn 0.242201 -0.696775 0.675162
vn 0.000000 -0.844640 0.535335
vn -0.000000 -0.627397 0.778700
vn 0.000000 -0.844640 0.535335
vn 0.424368 0.900071 0.098914
vn 0.584275 0.729793 -0.355000
vn 0.254330 0.965904 0.048442
vn 0.311282 0.835259 -0.453262
vn 0.496737 0.408761 -0.765615
vn 0.224403 0.493667 -0.840200
vn 0.760113 0.183061 -0.623472
vn 0.812565 0.530368 -0.241762
vn 0.949438 0.239151 -0.203405
vn 0.760113 0.183061 -0.623472
vn 0.838190 -0.189479 -0.511406
vn 0.949438 0.239151 -0.203405
vn 0.848065 -0.373755 -0.375624
vn 0.999860 -0.015734 -0.005725
vn 0.949438 0.239151 -0.203405
vn 0.949438 0.239151 -0.203405
vn 0.872518 0.461652 0.159970
vn 0.999860 -0.015734 -0.005725
vn 0.916060 0.195021 0.350429
vn 0.927917 0.343524 -0.144781
vn 0.872518 0.461652 0.159970
vn 0.872518 0.461652 0.159970
vn 0.940795 -0.338856 0.009012
vn 0.907409 -0.120493 0.402604
vn 0.999860 -0.015734 -0.005725
vn 0.755435 0.061719 0.652310
vn 0.616692 -0.177458 0.766942
vn 0.797050 -0.398803 0.453506
vn 0.616692 -0.177458 0.766942
vn 0.755435 0.061719 0.652310
vn 0.588452 -0.607674 0.533345
vn 0.616692 -0.177458 0.766942
vn 0.000000 -0.560262 0.828316
vn 0.943619 0.225118 -0.242703
vn 0.874704 0.327846 0.356946
vn 0.999860 -0.015734 -0.005725
vn 0.782211 -0.477077 -0.400679
vn 0.848065 -0.373755 -0.375624
vn 0.848465 -0.529006 -0.016135
vn 0.797050 -0.398803 0.453506
vn 0.797050 -0.398803 0.453506
vn 0.588451 -0.607674 0.533345
vn 0.530467 0.339603 -0.776707
vn 0.625523 0.182134 -0.758649
vn 0.854307 0.174847 -0.489478
vn 0.921084 -0.024921 -0.388566
vn 0.657178 -0.054045 -0.751796
vn 0.854307 0.174847 -0.489478
vn 0.814432 -0.114798 -0.568790
vn 0.355349 -0.191167 -0.914977
vn 0.657178 -0.054045 -0.751796
vn 0.657178 -0.054045 -0.751796
vn 0.625523 0.182134 -0.758649
vn 0.657178 -0.054045 -0.751796
vn 0.316312 0.105830 -0.942734
vn -0.489974 -0.215276 -0.844738
vn -0.097112 -0.102974 -0.989932
vn -0.227978 -0.302109 -0.925611
vn 0.186113 -0.219628 -0.957667
vn 0.186113 -0.219628 -0.957667
vn -0.754778 -0.411545 -0.510823
vn -0.819870 -0.340060 -0.460622
vn -0.763593 -0.336165 -0.551289
vn -0.344857 -0.354595 -0.869101
vn -0.931000 -0.364569 -0.018146
vn -0.763593 -0.336165 -0.551289
vn -0.954359 -0.293066 -0.057550
vn -0.939134 -0.343370 0.011170
vn -0.923573 -0.283445 0.258211
vn -0.783887 -0.592707 0.184985
vn -0.932556 -0.290281 0.214656
vn -0.923573 -0.283445 0.258211
vn -0.931000 -0.364569 -0.018146
vn -0.763920 -0.281542 0.580655
vn 0.020317 -0.999646 0.017177
vn -0.737268 -0.351916 0.576708
vn -0.923573 -0.283445 0.258211
vn -0.405194 -0.363296 0.838948
vn -0.387525 -0.401851 0.829663
vn -0.763920 -0.281542 0.580655
vn -0.763920 -0.281542 0.580655
vn 0.747546 -0.566027 -0.347547
vn 0.803047 -0.594179 -0.045474
vn 0.609565 -0.759615 -0.226751
vn 0.707195 -0.696029 0.124169
vn 0.618243 -0.566802 -0.544528
vn 0.835134 -0.516491 0.189176
vn 0.618806 -0.784725 -0.035872
vn 0.964028 -0.096173 -0.247793
vn 0.992757 -0.061391 -0.103271
vn 0.911350 -0.388479 -0.136107
vn 0.924866 -0.365138 0.106287
vn 0.835134 -0.516492 0.189176
vn 0.831945 0.003419 -0.554848
vn 0.889117 -0.037565 -0.456136
vn 0.910988 0.268143 -0.313368
vn 0.958559 0.240287 -0.153056
vn 0.984557 -0.164857 0.058895
vn 0.889117 -0.037565 -0.456136
vn 0.992757 -0.061391 -0.103271
vn 0.788381 0.569823 -0.231855
vn 0.950022 0.261773 -0.170096
vn 0.984558 -0.164857 0.058895
vn 0.992757 -0.061391 -0.103271
vn 0.992757 -0.061391 -0.103271
vn 0.937310 0.251891 -0.240832
vn 0.821775 0.544391 -0.168296
vn 0.786002 0.587182 -0.193436
vn 0.992757 -0.061391 -0.103271
vn 0.964028 -0.096173 -0.247793
vn 0.922805 0.139822 -0.359001
vn 0.948236 0.169627 0.268468
vn 0.870207 -0.184768 -0.456728
vn 0.948236 0.169627 0.268468
vn 0.937310 0.251891 -0.240832
vn 0.880905 -0.278968 0.382339
vn 0.870207 -0.184768 -0.456728
vn 0.798509 -0.416097 -0.435025
vn 0.964028 -0.096173 -0.247793
vn 0.803047 -0.594179 -0.045474
vn 0.747546 -0.566027 -0.347547
vn 0.633915 -0.756875 0.159034
vn -0.159520 -0.206985 0.965252
vn 0.578632 0.180803 0.795296
vn 0.948236 0.169627 0.268468
vn 0.578632 0.180803 0.795296
vn 0.948236 0.169627 0.268468
vn 0.578632 0.180803 0.795296
vn 0.618806 -0.784725 -0.035872
vn 0.350625 -0.934661 -0.058915
vn 0.707195 -0.696029 0.124169
vn 0.090635 -0.930573 -0.354711
vn 0.534154 0.827251 -0.174174
vn -0.783887 -0.592707 0.184985
vn 0.239628 -0.869212 -0.432492
vn 0.020317 -0.999646 0.017177
vn 0.494697 -0.750988 -0.437369
vn -0.080897 -0.862432 0.499667
vn 0.606335 -0.646092 -0.463598
vn 0.020317 -0.999646 0.017177
vn 0.609565 -0.759615 -0.226751
vn 0.332232 -0.901524 -0.277265
vn 0.606335 -0.646092 -0.463598
vn 0.927187 -0.173316 -0.332094
vn 0.831945 0.003419 -0.554848
vn 0.935077 0.264197 -0.236284
vn 0.994347 0.077013 0.073098
vn 0.889389 0.366981 -0.272603
vn 0.740640 0.668603 -0.066502
vn 0.836039 0.533940 -0.126278
vn 0.991187 -0.121929 0.051793
vn 0.906114 -0.141306 0.398736
vn 0.694294 -0.121054 0.709437
vn 0.790310 0.085122 0.606766
vn 0.918596 0.000595 0.395197
vn 0.994347 0.077013 0.073098
vn 0.934040 0.232272 0.271328
vn 0.222559 -0.554474 -0.801889
vn 0.618243 -0.566802 -0.544528
vn 0.122863 -0.184816 -0.975063
vn 0.881989 -0.430414 -0.191936
vn 0.618243 -0.566802 -0.544528
vn 0.618243 -0.566802 -0.544528
vn 0.748390 -0.204512 -0.630942
vn 0.696377 -0.158217 -0.700019
vn 0.780047 -0.174266 -0.600964
vn 0.199993 -0.161141 -0.966456
vn 0.199993 -0.161141 -0.966456
vn 0.122863 -0.184816 -0.975063
vn -0.783887 -0.592707 0.184985
vn 0.239628 -0.869212 -0.432492
vn -0.939134 -0.343370 0.011170
vn -0.939134 -0.343370 0.011170
vn -0.836105 -0.157743 -0.525400
vn -0.962262 -0.244326 -0.119821
vn -0.489974 -0.215276 -0.844738
vn -0.836105 -0.157743 -0.525400
vn -0.489974 -0.215276 -0.844738
vn -0.604407 -0.038240 -0.795757
vn -0.695056 0.037617 -0.717971
vn 0.316312 0.105830 -0.942734
vn 0.530467 0.339603 -0.776707
vn 0.978519 0.197914 -0.057705
vn 0.978519 0.197914 -0.057705
vn 0.906946 0.377296 -0.187339
vn 0.849054 0.460480 0.258970
vn 0.978519 0.197914 -0.057705
vn 0.996288 -0.039854 -0.076303
vn 0.978519 0.197914 -0.057705
vn 0.814432 -0.114798 -0.568790
vn 0.978120 -0.106515 -0.178704
vn 0.996288 -0.039854 -0.076303
vn -0.519556 -0.069383 0.851615
vn 0.446046 -0.728942 0.519313
vn -0.357994 -0.891912 0.276284
vn 0.935577 -0.210888 0.283234
vn 0.523333 -0.404395 0.750059
vn 0.947835 0.012632 0.318512
vn 0.040595 -0.394171 0.918140
vn 0.063157 -0.414823 0.907708
vn -0.080897 -0.862432 0.499667
vn -0.405194 -0.363296 0.838948
vn 0.040595 -0.394171 0.918140
vn 0.165467 -0.008023 0.986183
vn -0.159520 -0.206985 0.965252
vn 0.544874 -0.196899 0.815073
vn 0.450108 0.856850 -0.251417
vn 0.463030 0.865477 -0.191189
vn 0.659685 0.715424 -0.230184
vn 0.654737 -0.561260 -0.506268
vn 0.980110 -0.181968 -0.079197
vn 0.688958 -0.690273 0.221042
vn 0.107793 -0.850818 0.514286
vn 0.169175 -0.726630 -0.665875
vn -0.226083 -0.618128 -0.752864
vn -0.448038 -0.714840 0.536905
vn -0.926865 -0.282428 0.247297
vn -0.831670 -0.547617 -0.091872
vn -0.665850 -0.633196 -0.394598
vn 0.107793 -0.850818 0.514286
vn 0.652253 -0.040921 -0.756896
vn 0.169175 -0.726630 -0.665875
vn 0.218251 -0.116521 -0.968912
vn -0.494809 -0.149971 -0.855963
vn -0.905561 -0.114512 -0.408467
vn -0.999641 0.018832 0.019057
vn 0.984450 0.042712 -0.170396
vn 0.874548 0.346501 0.339266
vn 0.980110 -0.181968 -0.079197
vn 0.812679 0.456449 0.362227
vn 0.524989 0.345533 0.777813
vn 0.107793 -0.850818 0.514286
vn -0.312753 0.410522 0.856538
vn 0.107793 -0.850818 0.514286
vn -0.831670 -0.547617 -0.091872
vn -0.953334 0.256132 0.159847
vn -0.312753 0.410522 0.856538
vn -0.810528 0.360106 0.461917
vn -0.926865 -0.282428 0.247297
vn -0.766147 0.423648 0.483261
vn -0.999641 0.018832 0.019057
vn -0.953334 0.256132 0.159847
vn -0.401698 0.758481 0.513173
vn -0.766147 0.423648 0.483261
vn -0.401884 0.407243 0.820148
vn -0.766147 0.423648 0.483261
vn -0.810528 0.360106 0.461917
vn 0.334585 0.263056 0.904906
vn 0.065952 0.822883 0.564370
vn -0.401698 0.758481 0.513173
vn 0.065952 0.822883 0.564370
vn -0.312753 0.410522 0.856538
vn 0.833570 0.047475 0.550370
vn 0.874548 0.346502 0.339266
vn -0.302671 -0.169984 -0.937815
vn -0.494809 -0.149971 -0.855963
vn -0.880270 -0.182743 -0.437870
vn -0.905561 -0.114512 -0.408467
vn 0.450108 0.856850 -0.251417
vn 0.360648 0.835705 -0.414162
vn 0.239628 -0.869212 -0.432492
vn 0.494697 -0.750988 -0.437369
vn -0.000048 -0.916394 -0.400278
vn 0.239628 -0.869212 -0.432492
vn 0.018398 -0.875533 -0.482807
vn 0.015931 -0.763663 -0.645419
vn 0.239628 -0.869212 -0.432492
vn -0.626812 -0.726845 -0.280719
vn -0.983723 -0.111383 0.141007
vn -0.703358 -0.031473 0.710139
vn -0.818490 -0.240512 0.521755
vn -0.818490 -0.240512 0.521755
vn 0.152909 0.007006 0.988216
vn 0.290278 -0.311354 0.904874
vn -0.289117 -0.334532 0.896939
vn 0.884872 -0.012339 0.465671
vn 0.152909 0.007006 0.988216
vn 0.290278 -0.311354 0.904874
vn 0.152909 0.007006 0.988216
vn 0.694153 -0.277010 0.664393
vn 0.437775 0.775043 -0.455699
vn 0.293972 -0.954369 -0.052545
vn 0.242996 -0.883586 0.400287
vn -0.097408 -0.873662 0.476682
vn 0.503255 -0.851822 -0.145373
vn 0.970422 -0.107903 -0.215960
vn 0.549051 -0.248661 -0.797942
vn 0.948483 -0.165205 -0.270347
vn 0.780047 -0.174266 -0.600964
vn -0.432462 -0.308933 -0.847076
vn 0.199993 -0.161141 -0.966456
vn -0.000095 -0.988160 0.153427
vn -0.000158 -0.922146 0.386841
vn 0.293972 -0.954369 -0.052545
vn -0.097408 -0.873662 0.476682
vn -0.898244 -0.211719 -0.385141
vn -0.831499 -0.216217 -0.511722
vn -0.492683 -0.150771 -0.857048
vn -0.831499 -0.216217 -0.511722
vn -0.956439 -0.252576 0.146390
vn -0.983723 -0.111383 0.141007
vn -0.965548 -0.224707 -0.131236
vn 0.037659 0.682320 0.730083
vn 0.688348 0.355240 0.632442
vn 0.884872 -0.012339 0.465671
vn 0.152909 0.007006 0.988216
vn -0.703358 -0.031473 0.710139
vn -0.519904 0.406690 0.751201
vn 0.152909 0.007006 0.988216
vn 0.988123 0.023775 -0.151815
vn 0.970422 -0.107903 -0.215960
vn 0.652952 -0.213955 -0.726552
vn 0.970422 -0.107903 -0.215960
vn 0.988123 0.023775 -0.151815
vn -0.432462 -0.308933 -0.847076
vn -0.197091 -0.279358 -0.939742
vn 0.477242 -0.469613 -0.742767
vn -0.446685 -0.704503 -0.551496
vn -0.197091 -0.279358 -0.939742
vn -0.880115 -0.143665 -0.452501
vn -0.432462 -0.308933 -0.847076
vn -0.794440 -0.543438 -0.271183
vn 0.433753 -0.894016 -0.112218
vn 0.477242 -0.469613 -0.742767
vn 0.652952 -0.213955 -0.726552
vn -0.983723 -0.111383 0.141007
vn -0.979792 0.150100 0.132201
vn -0.519904 0.406690 0.751201
vn -0.898244 -0.211719 -0.385141
vn -0.880115 -0.143665 -0.452501
vn -0.880115 -0.143665 -0.452501
vn -0.979792 0.150100 0.132201
vn -0.794440 -0.543438 -0.271183
vn -0.873859 -0.485470 -0.026256
vn -0.750195 0.502713 0.429521
vn -0.979792 0.150100 0.132201
vn -0.661309 -0.648385 0.377183
vn 0.853138 0.438409 0.282759
vn 0.687270 -0.680569 0.253939
vn 0.988123 0.023775 -0.151815
vn 0.853138 0.438409 0.282759
vn -0.979792 0.150100 0.132201
vn -0.519904 0.406690 0.751201
vn -0.447639 0.524815 0.724009
vn 0.037659 0.682320 0.730083
vn 0.464930 0.489610 0.737646
vn 0.536396 -0.367588 0.759710
vn 0.464930 0.489610 0.737646
vn -0.234063 -0.445397 0.864197
vn 0.464930 0.489610 0.737646
vn 0.464930 0.489610 0.737646
vn -0.661309 -0.648385 0.377183
vn -0.447639 0.524815 0.724009
vn 0.687270 -0.680569 0.253939
vn -0.234063 -0.445397 0.864197
vn 0.687270 -0.680569 0.253939
vn -0.234063 -0.445397 0.864197
vn -0.873859 -0.485470 -0.026256
vn 0.477242 -0.469613 -0.742767
vn 0.000000 -0.976783 0.214230
vn 0.320626 -0.916847 0.237886
vn 0.242996 -0.883586 0.400287
vn 0.000000 -0.996616 0.082203
vn 0.000000 -0.998962 -0.045566
vn 0.350625 -0.934661 -0.058915
vn 0.358976 -0.929032 0.089644
vn -0.000135 -0.972574 -0.232595
vn 0.350625 -0.934661 -0.058915
vn -0.000048 -0.916394 -0.400278
vn 0.332232 -0.901524 -0.277265
vn 0.332232 -0.901524 -0.277265
vn -0.000135 -0.972574 -0.232595
vn -0.519556 -0.069383 0.851615
vn -0.698355 -0.242186 0.673532
vn 0.915099 -0.403222 -0.002588
vn 0.876129 -0.410099 0.253410
vn 0.847670 0.409105 -0.337769
vn 0.738364 0.666719 0.101512
vn 0.847670 0.409105 -0.337769
vn 0.836039 0.533941 -0.126278
vn 0.782211 -0.477077 -0.400679
vn 0.984524 -0.159231 -0.073193
vn 0.848065 -0.373755 -0.375624
vn 0.943619 0.225118 -0.242703
vn 0.838190 -0.189479 -0.511406
vn 0.847670 0.409105 -0.337769
vn 0.889389 0.366981 -0.272603
vn -0.530171 -0.616533 -0.582070
vn -0.530171 -0.616533 -0.582070
vn -0.962262 -0.244326 -0.119821
vn -0.626812 -0.726845 -0.280719
vn 0.496737 0.408761 -0.765615
vn 0.596051 0.733600 -0.326427
vn 0.300122 0.777426 -0.552753
vn 0.496737 0.408761 -0.765615
vn 0.300122 0.777426 -0.552753
vn 0.889389 0.366981 -0.272603
vn 0.496737 0.408761 -0.765615
vn 0.782211 -0.477077 -0.400679
vn 0.848465 -0.529006 -0.016135
vn 0.774935 -0.553394 -0.305336
vn 0.848465 -0.529006 -0.016135
vn 0.701714 -0.703179 0.114619
vn 0.604645 -0.728278 -0.322515
vn -0.357994 -0.891912 0.276284
vn 0.176226 -0.770851 0.612154
vn 0.000000 -0.560262 0.828316
vn -0.000069 -0.833060 0.553183
vn 0.176226 -0.770851 0.612154
vn 0.282694 -0.942294 0.179350
vn 0.531855 -0.833594 0.149167
vn 0.531855 -0.833594 0.149167
vn -0.000150 -0.995033 0.099546
vn 0.604645 -0.728278 -0.322514
vn 0.324440 -0.888673 -0.324037
vn 0.282694 -0.942294 0.179350
vn 0.324439 -0.888673 -0.324037
vn 0.324440 -0.888673 -0.324037
vn -0.000000 -0.910777 -0.412898
vn 0.324439 -0.888673 -0.324037
vn 0.293972 -0.954369 -0.052545
vn -0.000095 -0.988160 0.153427
vn 0.701714 -0.703179 0.114619
vn 0.983563 0.093177 0.154667
vn 0.977430 -0.182503 -0.106408
vn 0.904313 -0.326078 0.275485
vn 0.195026 0.949328 -0.246457
vn 0.542742 0.816976 -0.194888
vn -0.604407 -0.038240 -0.795757
vn -0.836105 -0.157743 -0.525400
vn -0.604407 -0.038240 -0.795757
vn -0.713803 -0.236656 -0.659150
vn -0.695056 0.037617 -0.717971
vn 0.450108 0.856850 -0.251417
vn 0.194112 0.963914 -0.182183
vn 0.204262 0.930681 -0.303496
vn 0.360648 0.835705 -0.414162
vn 0.129856 0.792250 -0.596220
vn 0.148107 0.875913 -0.459175
vn 0.220070 0.960689 -0.169254
vn 0.534153 0.827251 -0.174174
vn -0.981133 -0.191028 0.029781
vn -0.999641 0.018832 0.019057
vn -0.981133 -0.191028 0.029781
vn -0.999641 0.018832 0.019057
vn -0.811188 -0.248896 0.529174
vn -0.999641 0.018832 0.019057
vn -0.766147 0.423648 0.483261
vn 0.484535 -0.125783 -0.865682
vn 0.218251 -0.116521 -0.968911
vn -0.494809 -0.149971 -0.855963
vn 0.657965 0.723104 -0.210241
vn 0.534153 0.827251 -0.174174
vn 0.657966 0.723105 -0.210241
vn 0.735884 0.623908 -0.263084
vn 0.786002 0.587182 -0.193436
vn 0.526533 -0.145429 0.837624
vn 0.362880 -0.430313 0.826528
vn 0.400179 0.091119 0.911896
vn 0.296141 0.571580 0.765243
vn 0.526533 -0.145429 0.837624
vn -0.085943 0.245970 0.965460
vn -0.181983 -0.312560 0.932303
vn 0.296141 0.571580 0.765243
vn 0.236018 0.681269 0.692942
vn -0.581525 0.167353 0.796129
vn -0.428290 0.083097 0.899813
vn -0.611058 0.783484 0.112967
vn -0.670311 0.329011 0.665158
vn -0.398989 0.785755 0.472649
vn -0.398635 0.121169 0.909070
vn -0.752832 0.641056 0.149304
vn -0.428290 0.083097 0.899813
vn 0.236018 0.681269 0.692942
vn -0.398989 0.785755 0.472649
vn -0.555420 0.825274 0.102141
vn -0.361672 -0.023236 0.932016
vn -0.670311 0.329011 0.665158
vn -0.611058 0.783484 0.112967
vn -0.285110 0.280620 0.916496
vn -0.555420 0.825274 0.102141
vn -0.508323 0.830764 0.226804
vn -0.647092 0.707921 0.283055
vn -0.564914 0.802924 0.190224
vn -0.285110 0.280620 0.916496
vn -0.084633 0.465822 0.880822
vn -0.564914 0.802924 0.190224
vn -0.533392 0.834245 0.139747
vn -0.114362 0.783229 0.611125
vn 0.280913 0.141371 0.949264
vn 0.070611 0.162646 0.984155
vn 0.217342 -0.039841 0.975282
vn -0.098833 0.352671 0.930513
vn 0.191766 0.293256 0.936604
vn -0.157615 0.076704 0.984517
vn -0.375268 0.408252 0.832169
vn -0.389360 0.266197 0.881781
vn -0.407164 0.563569 0.718754
vn -0.065701 0.553352 0.830352
vn 0.128693 -0.210785 0.969024
vn 0.191766 0.293256 0.936604
vn 0.191766 0.293256 0.936604
vn 0.400179 0.091119 0.911896
vn -0.041276 -0.287207 0.956979
vn -0.389360 0.266197 0.881781
vn -0.224206 -0.127337 0.966187
vn -0.431426 0.523381 0.734809
vn -0.264625 -0.108298 0.958251
vn -0.238038 0.598921 0.764612
vn -0.224206 -0.127337 0.966187
vn -0.150349 0.058274 0.986914
vn 0.049671 0.686303 0.725618
vn -0.084182 -0.350598 0.932735
vn 0.368330 0.398499 0.839959
vn -0.077389 -0.624211 0.777413
vn 0.436907 -0.263964 0.859904
vn -0.159921 0.088067 0.983194
vn 0.186041 0.548733 0.815035
vn -0.211878 0.954406 0.210280
vn -0.159921 0.088067 0.983194
vn -0.360598 -0.587614 0.724348
vn -0.808313 0.002020 0.588750
vn -0.519587 0.688771 0.505593
vn 0.714047 -0.235188 -0.659412
vn 0.706165 -0.423638 -0.567328
vn 0.835284 -0.157316 -0.526832
vn -0.978133 -0.105608 -0.179171
vn -0.989284 -0.117844 0.086194
vn -0.935949 -0.210498 0.282295
vn -0.845188 -0.080765 -0.528331
vn -0.814836 -0.114574 -0.568255
vn -0.483703 -0.126007 -0.866114
vn -0.814837 -0.114574 -0.568256
vn -0.355330 -0.191371 -0.914941
vn -0.483703 -0.126007 -0.866114
vn 0.302659 -0.170001 -0.937815
vn 0.227978 -0.302109 -0.925611
vn 0.763593 -0.336165 -0.551289
vn 0.880040 -0.182320 -0.438509
vn 0.954391 -0.292742 -0.058657
vn 0.981110 -0.191107 0.030034
vn 0.954391 -0.292742 -0.058657
vn 0.932583 -0.290280 0.214537
vn 0.981110 -0.191107 0.030034
vn 0.810876 -0.249264 0.529479
vn 0.737045 -0.351785 0.577072
vn 0.328083 -0.321285 0.888334
vn 0.388050 -0.401882 0.829402
vn -0.063199 -0.414806 0.907712
vn 0.328083 -0.321285 0.888334
vn -0.185227 -0.289914 0.938957
vn -0.063199 -0.414806 0.907712
vn -0.665268 -0.256779 0.701059
vn -0.523362 -0.404030 0.750234
vn 0.328083 -0.321285 0.888334
vn -0.334336 0.263441 0.904886
vn 0.328083 -0.321285 0.888334
vn 0.402073 0.407127 0.820113
vn 0.426995 -0.000079 -0.904254
vn 0.695716 0.035688 -0.717430
vn 0.273295 0.234850 -0.932821
vn -0.929851 0.350705 0.111284
vn -0.921985 0.139143 -0.361362
vn -0.813145 0.567915 -0.127546
vn -0.833498 0.048848 0.550359
vn -0.665268 -0.256779 0.701059
vn -0.185227 -0.289914 0.938957
vn 0.328083 -0.321285 0.888334
vn 0.810876 -0.249264 0.529479
vn 0.402073 0.407127 0.820113
vn 0.765022 0.425609 0.483321
vn -0.799020 0.566218 -0.202395
vn -0.735313 0.624187 -0.264017
vn 0.962512 -0.243838 -0.118800
vn -0.984246 0.043688 -0.171320
vn -0.652251 -0.040515 -0.756919
vn -0.845188 -0.080765 -0.528331
vn -0.989284 -0.117844 0.086194
vn -0.217956 -0.116464 -0.968985
vn 0.400179 0.091119 0.911896
vn 0.128693 -0.210785 0.969024
vn 0.119090 -0.372952 0.920177
vn 0.128693 -0.210785 0.969024
vn -0.030840 -0.339330 0.940162
vn -0.041276 -0.287207 0.956979
vn -0.041276 -0.287207 0.956979
vn 0.119090 -0.372952 0.920177
vn -0.936982 0.252053 -0.241938
vn -0.658636 0.722125 -0.211505
vn -0.560541 0.811014 -0.167485
vn 0.493646 -0.149479 -0.856720
vn -0.217956 -0.116464 -0.968985
vn 0.302659 -0.170001 -0.937815
vn 0.810876 -0.249264 0.529479
vn 0.999600 0.019967 0.020047
vn 0.999600 0.019967 0.020047
vn 0.905886 -0.114105 -0.407861
vn 0.981110 -0.191107 0.030034
vn -0.464380 0.864673 -0.191552
vn -0.219893 0.960737 -0.169211
vn -0.148164 0.876000 -0.458989
vn -0.000000 0.886423 -0.462877
vn -0.129856 0.792250 -0.596220
vn -0.360751 0.835477 -0.414533
vn -0.304925 0.767724 -0.563579
vn -0.203993 0.930766 -0.303416
vn -0.450359 0.856734 -0.251363
vn -0.193984 0.963930 -0.182233
vn -0.203993 0.930766 -0.303416
vn -0.464380 0.864673 -0.191552
vn -0.437275 0.775085 -0.456108
vn 0.605021 -0.038747 -0.795266
vn -0.519030 0.829753 -0.205227
vn -0.194957 0.949342 -0.246458
vn -0.904373 -0.325567 0.275891
vn -0.966675 -0.232288 -0.107618
vn -0.993710 0.020053 0.110174
vn -0.754351 0.063430 0.653400
vn -0.775048 -0.554523 -0.302993
vn -0.531983 -0.833433 0.149609
vn -0.701714 -0.703179 0.114619
vn -0.293704 -0.954439 -0.052760
vn -0.324496 -0.888749 -0.323772
vn -0.000000 -0.910777 -0.412898
vn -0.282759 -0.942214 0.179670
vn -0.605017 -0.728305 -0.321754
vn -0.504358 -0.851144 -0.145521
vn -0.324496 -0.888749 -0.323772
vn -0.000069 -0.833060 0.553183
vn -0.176494 -0.770910 0.612003
vn -0.282759 -0.942213 0.179670
vn -0.000069 -0.833060 0.553183
vn -0.282759 -0.942213 0.179670
vn -0.000150 -0.995033 0.099546
vn -0.391642 -0.742573 0.543325
vn -0.282759 -0.942213 0.179670
vn -0.176494 -0.770910 0.612003
vn -0.000069 -0.833060 0.553183
vn -0.181595 -0.509751 0.840938
vn -0.176494 -0.770910 0.612003
vn 0.000000 -0.560262 0.828316
vn 0.357014 -0.892424 0.275900
vn -0.531983 -0.833433 0.149609
vn -0.848059 -0.529698 -0.014685
vn -0.775048 -0.554523 -0.302993
vn -0.762316 -0.461152 -0.454107
vn -0.782506 -0.477036 -0.400150
vn -0.876119 -0.410314 0.253097
vn -0.781483 -0.612918 0.116688
vn -0.730774 0.450936 -0.512470
vn -0.760114 0.184108 -0.623162
vn -0.497057 0.408642 -0.765471
vn -0.596747 0.733176 -0.326109
vn -0.888546 0.368917 -0.272739
vn -0.224520 0.493965 -0.839994
vn -0.300204 0.777135 -0.553117
vn 0.515656 -0.783352 -0.347072
vn 0.530015 -0.617362 -0.581333
vn 0.015931 -0.763663 -0.645419
vn 0.530015 -0.617362 -0.581333
vn 0.001754 -0.639735 -0.768594
vn -0.848075 0.408633 -0.337325
vn -0.838350 -0.189339 -0.511195
vn -0.943564 0.221853 -0.245903
vn -0.984781 -0.158397 -0.071528
vn -0.838350 -0.189339 -0.511195
vn -0.848380 -0.373479 -0.375186
vn -0.915480 -0.402360 -0.001606
vn -0.835923 0.534110 -0.126329
vn -0.848075 0.408633 -0.337325
vn -0.848075 0.408633 -0.337325
vn -0.798325 0.596094 0.085727
vn -0.848075 0.408633 -0.337325
vn -0.740152 0.665034 0.099518
vn -0.943564 0.221853 -0.245903
vn -0.848075 0.408633 -0.337325
vn -0.669826 0.026392 0.742049
vn -0.127378 -0.167456 0.977616
vn -0.876119 -0.410314 0.253097
vn -0.915480 -0.402360 -0.001606
vn 0.698316 -0.242112 0.673600
vn 0.519820 -0.069389 0.851453
vn 0.207154 -0.309796 0.927962
vn -0.000135 -0.972574 -0.232595
vn -0.331881 -0.901654 -0.277262
vn -0.495070 -0.750880 -0.437133
vn -0.000048 -0.916394 -0.400278
vn -0.350663 -0.934635 -0.059100
vn -0.000135 -0.972574 -0.232595
vn -0.331881 -0.901655 -0.277262
vn -0.000135 -0.972574 -0.232595
vn 0.000000 -0.996616 0.082203
vn -0.359273 -0.928889 0.089933
vn 0.000000 -0.998962 -0.045566
vn 0.000000 -0.998961 -0.045566
vn -0.321539 -0.916388 0.238425
vn 0.000000 -0.976783 0.214230
vn -0.359273 -0.928889 0.089933
vn 0.000000 -0.996616 0.082203
vn 0.000000 -0.976783 0.214230
vn -0.000158 -0.922146 0.386841
vn -0.242943 -0.883663 0.400149
vn -0.000158 -0.922146 0.386841
vn 0.000000 -0.976783 0.214230
vn -0.915480 -0.402360 -0.001606
vn -0.433791 -0.893991 -0.112276
vn -0.477109 -0.469641 -0.742835
vn 0.445922 -0.704897 -0.551610
vn 0.794132 -0.544110 -0.270737
vn 0.873887 -0.485461 -0.025479
vn 0.661745 -0.647880 0.377285
vn -0.433791 -0.893991 -0.112276
vn 0.233476 -0.445207 0.864453
vn -0.686700 -0.680900 0.254596
vn -0.535216 -0.368681 0.760013
vn 0.446982 0.525241 0.724106
vn 0.661745 -0.647881 0.377285
vn 0.750193 0.502615 0.429637
vn -0.464808 0.488865 0.738218
vn 0.233476 -0.445207 0.864453
vn 0.233476 -0.445207 0.864453
vn -0.852573 0.439630 0.282569
vn -0.686700 -0.680900 0.254596
vn -0.038240 0.682456 0.729926
vn -0.687486 0.356944 0.632420
vn -0.464808 0.488865 0.738218
vn 0.446982 0.525241 0.724106
vn -0.038240 0.682456 0.729926
vn 0.519980 0.406361 0.751327
vn 0.979647 0.150245 0.133110
vn 0.750193 0.502615 0.429637
vn -0.988235 0.024871 -0.150905
vn -0.852573 0.439630 0.282569
vn 0.661745 -0.647881 0.377285
vn 0.750193 0.502615 0.429637
vn 0.794132 -0.544110 -0.270737
vn 0.880227 -0.143083 -0.452468
vn 0.979647 0.150245 0.133110
vn 0.983843 -0.110432 0.140916
vn 0.898904 -0.210629 -0.384198
vn 0.704004 -0.030713 0.709532
vn 0.979647 0.150245 0.133110
vn -0.652773 -0.213992 -0.726701
vn -0.988235 0.024871 -0.150905
vn -0.433791 -0.893991 -0.112276
vn -0.988235 0.024871 -0.150905
vn 0.197396 -0.279720 -0.939570
vn 0.445922 -0.704897 -0.551610
vn 0.433469 -0.308459 -0.846734
vn 0.880227 -0.143083 -0.452468
vn 0.197396 -0.279720 -0.939570
vn -0.477109 -0.469641 -0.742835
vn -0.548908 -0.248703 -0.798027
vn 0.197396 -0.279720 -0.939570
vn -0.970637 -0.107923 -0.214980
vn -0.652773 -0.213992 -0.726701
vn -0.988235 0.024871 -0.150905
vn -0.884151 -0.012541 0.467033
vn -0.988235 0.024871 -0.150905
vn -0.152937 0.006823 0.988212
vn 0.519980 0.406361 0.751327
vn 0.519980 0.406361 0.751327
vn -0.152937 0.006823 0.988213
vn -0.687486 0.356944 0.632420
vn -0.038240 0.682456 0.729926
vn 0.965548 -0.224707 -0.131236
vn 0.956439 -0.252576 0.146390
vn 0.831896 -0.216705 -0.510870
vn 0.492526 -0.151252 -0.857054
vn 0.898904 -0.210629 -0.384198
vn 0.097711 -0.873781 0.476402
vn -0.293704 -0.954439 -0.052760
vn -0.000095 -0.988160 0.153427
vn -0.000095 -0.988160 0.153427
vn -0.200284 -0.161016 -0.966416
vn 0.433469 -0.308459 -0.846734
vn -0.767127 -0.166274 -0.619572
vn -0.548908 -0.248703 -0.798027
vn -0.970637 -0.107923 -0.214980
vn -0.941503 -0.173616 -0.288843
vn -0.548908 -0.248703 -0.798027
vn -0.957479 -0.199111 0.208778
vn -0.970637 -0.107923 -0.214980
vn -0.293704 -0.954439 -0.052760
vn -0.524053 0.784512 -0.331526
vn -0.360751 0.835477 -0.414533
vn -0.694054 -0.277559 0.664266
vn -0.290251 -0.311603 0.904797
vn -0.884151 -0.012541 0.467033
vn 0.290047 -0.334507 0.896648
vn -0.152937 0.006823 0.988213
vn 0.818971 -0.240355 0.521072
vn 0.704004 -0.030713 0.709532
vn 0.983843 -0.110432 0.140916
vn 0.818971 -0.240355 0.521072
vn -0.294179 -0.861049 -0.414794
vn 0.018398 -0.875533 -0.482807
vn -0.000048 -0.916394 -0.400277
vn -0.294179 -0.861049 -0.414793
vn -0.360751 0.835477 -0.414533
vn -0.450359 0.856734 -0.251363
vn -0.626871 0.763293 -0.156260
vn -0.450359 0.856734 -0.251363
vn 0.880040 -0.182320 -0.438509
vn 0.880040 -0.182319 -0.438508
vn 0.302659 -0.170001 -0.937815
vn -0.984246 0.043688 -0.171320
vn -0.873573 0.348752 0.339473
vn -0.334336 0.263441 0.904886
vn -0.812217 0.456571 0.363107
vn -0.066295 0.822917 0.564280
vn -0.812217 0.456571 0.363107
vn -0.524924 0.346254 0.777536
vn 0.312077 0.410622 0.856736
vn 0.400818 0.758965 0.513145
vn -0.066295 0.822917 0.564280
vn -0.066295 0.822917 0.564280
vn 0.402073 0.407127 0.820113
vn -0.334336 0.263441 0.904886
vn 0.809348 0.361355 0.463010
vn 0.400818 0.758965 0.513145
vn 0.400818 0.758965 0.513145
vn 0.952880 0.258214 0.159199
vn 0.999600 0.019967 0.020047
vn 0.926615 -0.282670 0.247955
vn 0.832005 -0.546931 -0.092919
vn 0.447207 -0.714807 0.537641
vn 0.809348 0.361355 0.463010
vn 0.312077 0.410622 0.856736
vn 0.999600 0.019967 0.020047
vn 0.952880 0.258214 0.159199
vn 0.999600 0.019967 0.020047
vn 0.666085 -0.633050 -0.394434
vn -0.107874 -0.850612 0.514609
vn 0.447207 -0.714807 0.537641
vn -0.689753 -0.689320 0.221537
vn -0.107874 -0.850612 0.514609
vn -0.524924 0.346254 0.777536
vn -0.980298 -0.181009 -0.079070
vn -0.812217 0.456571 0.363107
vn -0.873573 0.348752 0.339473
vn -0.980298 -0.181009 -0.079070
vn -0.873573 0.348752 0.339473
vn -0.984246 0.043688 -0.171320
vn -0.652251 -0.040515 -0.756919
vn -0.655168 -0.560339 -0.506730
vn 0.999600 0.019967 0.020047
vn 0.493646 -0.149479 -0.856720
vn 0.226090 -0.617902 -0.753048
vn -0.217956 -0.116464 -0.968985
vn -0.169296 -0.726413 -0.666080
vn -0.652251 -0.040515 -0.756919
vn -0.169296 -0.726413 -0.666080
vn -0.107874 -0.850612 0.514609
vn 0.666085 -0.633050 -0.394434
vn 0.666085 -0.633050 -0.394434
vn 0.926615 -0.282670 0.247955
vn -0.169296 -0.726413 -0.666080
vn -0.689753 -0.689320 0.221537
vn -0.689753 -0.689320 0.221537
vn -0.980298 -0.181009 -0.079070
vn -0.660625 0.714701 -0.229732
vn -0.544405 -0.196797 0.815410
vn -0.040270 -0.394104 0.918183
vn 0.159196 -0.206797 0.965345
vn -0.165709 -0.008365 0.986139
vn 0.159196 -0.206797 0.965345
vn 0.405196 -0.363424 0.838892
vn 0.159196 -0.206797 0.965345
vn 0.080706 -0.862628 0.499359
vn 0.405196 -0.363424 0.838892
vn -0.063199 -0.414806 0.907712
vn -0.523362 -0.404030 0.750234
vn -0.040270 -0.394104 0.918183
vn -0.947783 0.012577 0.318669
vn -0.523362 -0.404031 0.750234
vn -0.996174 -0.039638 -0.077885
vn -0.935949 -0.210498 0.282295
vn -0.978133 -0.105608 -0.179171
vn 0.357014 -0.892424 0.275900
vn 0.446742 -0.650296 0.614441
vn -0.445134 -0.728572 0.520614
vn 0.698316 -0.242112 0.673600
vn 0.446742 -0.650296 0.614441
vn -0.996174 -0.039638 -0.077885
vn -0.921635 -0.024874 -0.387261
vn -0.814837 -0.114574 -0.568255
vn -0.837530 0.317258 0.444849
vn -0.978683 0.197065 -0.057843
vn -0.996174 -0.039638 -0.077885
vn -0.947783 0.012577 0.318669
vn -0.978683 0.197065 -0.057843
vn -0.854579 0.174905 -0.488981
vn -0.921635 -0.024874 -0.387261
vn -0.848660 0.461003 0.259329
vn -0.907057 0.376882 -0.187635
vn -0.763584 0.350986 -0.541986
vn -0.530613 0.339968 -0.776448
vn -0.203074 0.302705 -0.931199
vn -0.328203 0.116865 -0.937350
vn -0.603661 0.151634 -0.782688
vn 0.695716 0.035688 -0.717430
vn 0.068277 -0.058338 -0.995959
vn 0.203183 0.090511 -0.974949
vn 0.489682 -0.215208 -0.844924
vn 0.605021 -0.038747 -0.795266
vn 0.820127 -0.339000 -0.460945
vn 0.962512 -0.243838 -0.118800
vn 0.944573 -0.325489 0.042869
vn 0.962512 -0.243838 -0.118800
vn 0.515656 -0.783352 -0.347072
vn 0.736745 -0.651256 0.181859
vn 0.818971 -0.240356 0.521072
vn 0.698316 -0.242112 0.673600
vn -0.200284 -0.161016 -0.966416
vn -0.123177 -0.184763 -0.975033
vn 0.387060 -0.103413 -0.916237
vn -0.200284 -0.161016 -0.966416
vn 0.492526 -0.151252 -0.857054
vn -0.732071 -0.164584 -0.661048
vn -0.767127 -0.166274 -0.619572
vn -0.406064 -0.214530 -0.888307
vn -0.748101 -0.204663 -0.631236
vn -0.123177 -0.184763 -0.975033
vn -0.619116 -0.566371 -0.543985
vn -0.882183 -0.430332 -0.191228
vn -0.123177 -0.184763 -0.975033
vn -0.222543 -0.553634 -0.802474
vn -0.934161 0.232260 0.270921
vn -0.994328 0.077590 0.072741
vn -0.918596 0.000595 0.395197
vn -0.790310 0.085122 0.606766
vn -0.693873 -0.121039 0.709852
vn -0.906114 -0.141306 0.398736
vn -0.918596 0.000595 0.395197
vn -0.991187 -0.121929 0.051793
vn -0.918596 0.000595 0.395197
vn -0.788312 0.569867 -0.231983
vn -0.740287 0.669031 -0.066128
vn -0.888546 0.368917 -0.272739
vn -0.911230 0.267890 -0.312881
vn -0.835923 0.534110 -0.126329
vn -0.958570 0.239934 -0.153542
vn -0.973000 -0.040417 -0.227238
vn -0.926991 -0.173600 -0.332492
vn -0.935039 0.264414 -0.236191
vn -0.831848 0.003978 -0.554989
vn -0.973000 -0.040417 -0.227238
vn -0.748101 -0.204663 -0.631236
vn -0.605918 -0.646051 -0.464199
vn -0.609190 -0.759906 -0.226783
vn -0.020253 -0.999648 0.017121
vn -0.495070 -0.750880 -0.437133
vn -0.294179 -0.861049 -0.414793
vn -0.294179 -0.861049 -0.414793
vn -0.803114 0.572774 -0.164126
vn -0.707298 -0.695808 0.124826
vn -0.091229 -0.930692 -0.354246
vn -0.359273 -0.928889 0.089933
vn -0.707298 -0.695808 0.124826
vn -0.350663 -0.934635 -0.059100
vn -0.618629 -0.784857 -0.036017
vn -0.578080 0.180312 0.795809
vn -0.985861 0.092724 0.139570
vn -0.578080 0.180312 0.795809
vn -0.745129 -0.208935 0.633347
vn -0.633957 -0.756902 0.158739
vn -0.633957 -0.756902 0.158739
vn -0.745129 -0.208935 0.633347
vn -0.747914 -0.565793 -0.347135
vn -0.605918 -0.646051 -0.464199
vn -0.745129 -0.208935 0.633347
vn -0.633957 -0.756902 0.158739
vn -0.797288 -0.408986 -0.443918
vn -0.911399 -0.388479 -0.135778
vn -0.747914 -0.565793 -0.347135
vn -0.747914 -0.565793 -0.347135
vn -0.803276 -0.593842 -0.045811
vn -0.888529 -0.146872 -0.434677
vn -0.964128 -0.096544 -0.247259
vn -0.745129 -0.208935 0.633347
vn -0.797288 -0.408986 -0.443918
vn -0.936982 0.252053 -0.241938
vn -0.985861 0.092724 0.139570
vn -0.888529 -0.146872 -0.434677
vn -0.921985 0.139143 -0.361362
vn -0.949813 0.262520 -0.170115
vn -0.992791 -0.061923 -0.102623
vn -0.799020 0.566218 -0.202395
vn -0.936982 0.252053 -0.241938
vn -0.936982 0.252053 -0.241938
vn -0.803114 0.572775 -0.164126
vn -0.984452 -0.165531 0.058765
vn -0.958570 0.239934 -0.153542
vn -0.924994 -0.364634 0.106900
vn -0.984452 -0.165531 0.058765
vn -0.888641 -0.038330 -0.456999
vn -0.984452 -0.165531 0.058765
vn -0.882183 -0.430332 -0.191228
vn -0.984452 -0.165531 0.058765
vn -0.958570 0.239934 -0.153542
vn -0.911230 0.267890 -0.312881
vn -0.406064 -0.214530 -0.888307
vn -0.406064 -0.214530 -0.888307
vn -0.748101 -0.204663 -0.631236
vn -0.888641 -0.038330 -0.456999
vn -0.831848 0.003978 -0.554989
vn -0.835172 -0.515911 0.190586
vn -0.924994 -0.364634 0.106900
vn -0.911399 -0.388479 -0.135778
vn -0.924994 -0.364634 0.106900
vn -0.911399 -0.388479 -0.135778
vn -0.992791 -0.061923 -0.102623
vn -0.964128 -0.096544 -0.247259
vn -0.835172 -0.515911 0.190586
vn -0.707298 -0.695808 0.124826
vn -0.803276 -0.593842 -0.045811
vn -0.609190 -0.759906 -0.226783
vn -0.803276 -0.593842 -0.045811
vn 0.764274 -0.281629 0.580147
vn 0.388050 -0.401882 0.829402
vn 0.764274 -0.281629 0.580147
vn -0.020253 -0.999648 0.017121
vn 0.918232 -0.295004 0.264239
vn 0.737045 -0.351785 0.577072
vn 0.932583 -0.290280 0.214537
vn 0.918232 -0.295004 0.264239
vn 0.914090 -0.396731 -0.083926
vn 0.918232 -0.295004 0.264239
vn 0.918232 -0.295004 0.264239
vn 0.736745 -0.651256 0.181859
vn 0.918232 -0.295004 0.264239
vn 0.944573 -0.325489 0.042869
vn 0.918233 -0.295004 0.264239
vn 0.754187 -0.412343 -0.511053
vn 0.763593 -0.336165 -0.551289
vn 0.914090 -0.396731 -0.083926
vn 0.954391 -0.292742 -0.058657
vn 0.944573 -0.325489 0.042869
vn 0.344857 -0.354595 -0.869101
vn 0.820127 -0.339000 -0.460945
vn 0.489682 -0.215208 -0.844924
vn 0.754187 -0.412343 -0.511053
vn 0.489682 -0.215208 -0.844924
vn -0.237591 -0.183919 -0.953795
vn 0.227978 -0.302109 -0.925611
vn 0.489682 -0.215208 -0.844924
vn -0.678566 -0.063989 -0.731747
vn -0.237591 -0.183919 -0.953795
vn -0.678566 -0.063989 -0.731747
vn -0.854579 0.174905 -0.488981
vn -0.921635 -0.024874 -0.387261
vn -0.603661 0.151634 -0.782688
vn -0.530613 0.339968 -0.776448
vn -0.588568 -0.607664 0.533228
vn -0.796637 -0.399964 0.453209
vn -0.848059 -0.529698 -0.014685
vn -0.940486 -0.339720 0.008693
vn -0.907360 -0.121170 0.402511
vn -0.848059 -0.529698 -0.014685
vn -0.848059 -0.529698 -0.014685
vn -0.848380 -0.373479 -0.375186
vn -0.782506 -0.477036 -0.400150
vn -0.940486 -0.339720 0.008693
vn -0.996978 -0.071041 -0.031436
vn -0.943564 0.221853 -0.245903
vn -0.875235 0.327478 0.355979
vn 0.000000 -0.560262 0.828316
vn -0.000000 -0.627397 0.778700
vn -0.242301 -0.696822 0.675077
vn -0.411186 -0.386136 0.825727
vn -0.474608 -0.585754 0.656992
vn -0.616879 -0.178447 0.766562
vn -0.697654 -0.418377 0.581584
vn -0.796637 -0.399964 0.453209
vn -0.616879 -0.178447 0.766562
vn -0.616879 -0.178447 0.766562
vn -0.754351 0.063430 0.653400
vn -0.754351 0.063430 0.653400
vn -0.911193 0.249201 0.328064
vn -0.993710 0.020053 0.110174
vn -0.996978 -0.071041 -0.031436
vn -0.823821 0.543637 0.160557
vn -0.911193 0.249201 0.328064
vn -0.947664 0.290819 -0.131748
vn -0.993710 0.020053 0.110174
vn -0.957333 0.242000 -0.157953
vn -0.911193 0.249201 0.328064
vn -0.996978 -0.071041 -0.031436
vn -0.996978 -0.071041 -0.031436
vn -0.848380 -0.373479 -0.375186
vn -0.787611 0.573862 -0.224391
vn -0.823821 0.543637 0.160557
vn -0.823821 0.543637 0.160557
vn -0.642951 0.758067 0.109310
vn -0.838350 -0.189339 -0.511195
vn -0.957333 0.242000 -0.157953
vn -0.957333 0.242000 -0.157953
vn -0.760114 0.184108 -0.623162
vn -0.571461 0.722679 -0.388803
vn -0.497057 0.408642 -0.765471
vn -0.311472 0.835509 -0.452670
vn -0.497057 0.408642 -0.765471
vn -0.254385 0.965921 0.047811
vn -0.468846 0.881536 0.055482
vn -0.286942 -0.730440 0.619775
vn -0.000000 -0.303138 0.952947
vn -0.000000 -0.303138 0.952947
vn -0.199996 -0.292171 0.935221
vn -0.000000 -0.627397 0.778700
vn 0.000000 -0.844640 0.535335
vn -0.286942 -0.730440 0.619775
vn -0.518229 -0.646031 0.560430
vn -0.397616 -0.245385 0.884131
vn -0.734766 -0.501781 0.456437
vn -0.607489 -0.113581 0.786165
vn -0.697654 -0.418377 0.581584
vn -0.697654 -0.418377 0.581584
vn -0.902235 -0.286347 0.322455
vn -0.607489 -0.113581 0.786166
vn -0.782535 0.053502 0.620304
vn -0.697654 -0.418377 0.581584
vn -0.904373 -0.325567 0.275891
vn -0.974592 0.099345 0.200749
vn -0.702025 0.419125 0.575756
vn -0.910879 0.412630 0.006048
vn -0.741907 0.579215 0.337763
vn -0.966675 -0.232288 -0.107618
vn -0.974592 0.099345 0.200749
vn -0.945485 0.071284 -0.317767
vn -0.945486 0.071284 -0.317767
vn -0.993710 0.020053 0.110174
vn -0.993710 0.020053 0.110174
vn -0.774003 0.291093 -0.562303
vn -0.945486 0.071284 -0.317767
vn -0.775407 0.594392 -0.213173
vn -0.945486 0.071284 -0.317767
vn -0.910879 0.412630 0.006048
vn -0.787295 0.533670 -0.308809
vn -0.947664 0.290819 -0.131748
vn -0.823821 0.543637 0.160557
vn -0.538206 0.734492 -0.413348
vn -0.787295 0.533670 -0.308809
vn -0.525301 0.448142 -0.723345
vn -0.787295 0.533670 -0.308809
vn -0.642951 0.758067 0.109310
vn -0.787295 0.533670 -0.308809
vn -0.642951 0.758067 0.109310
vn -0.538206 0.734492 -0.413348
vn -0.265684 0.857480 -0.440613
vn -0.538206 0.734492 -0.413348
vn -0.245178 0.532021 -0.810458
vn -0.538206 0.734492 -0.413348
vn -0.468846 0.881536 0.055482
vn -0.577163 0.608599 -0.544508
vn -0.214925 0.828834 -0.516568
vn -0.391235 0.919157 0.045674
vn -0.168007 0.985613 0.018465
vn -0.988950 -0.136631 0.057539
vn -0.977212 0.211956 0.011474
vn -0.977212 0.211956 0.011474
vn -0.850453 0.469179 -0.237910
vn -0.741907 0.579215 0.337763
vn -0.614999 0.772915 0.156135
vn -0.741907 0.579215 0.337763
vn -0.910879 0.412630 0.006048
vn -0.614999 0.772915 0.156135
vn -0.850453 0.469179 -0.237910
vn -0.775407 0.594392 -0.213173
vn -0.391235 0.919157 0.045674
vn -0.391235 0.919157 0.045674
vn -0.525313 0.768008 -0.366349
vn -0.525301 0.448142 -0.723345
vn -0.774003 0.291093 -0.562303
vn -0.251121 0.858869 -0.446412
vn -0.525300 0.448142 -0.723345
vn -0.635473 -0.468752 0.613552
vn -0.852942 -0.173037 0.492493
vn -0.782535 0.053503 0.620304
vn -0.607489 -0.113581 0.786165
vn -0.782535 0.053503 0.620304
vn -0.852942 -0.173037 0.492493
vn -0.702025 0.419125 0.575756
vn -0.397616 -0.245385 0.884131
vn -0.391706 -0.543035 0.742751
vn -0.176240 -0.546687 0.818580
vn -0.000000 -0.303138 0.952947
vn -0.518229 -0.646031 0.560430
vn -0.199996 -0.292171 0.935221
vn -0.518229 -0.646031 0.560430
vn -0.199996 -0.292171 0.935221
vn -0.474608 -0.585754 0.656992
vn -0.181595 -0.509751 0.840938
vn -0.242301 -0.696822 0.675077
vn -0.588568 -0.607664 0.533228
vn -0.588568 -0.607664 0.533228
vn -0.391642 -0.742573 0.543325
vn -0.588568 -0.607664 0.533228
vn -0.701714 -0.703179 0.114619
vn -0.391642 -0.742573 0.543325
vn -0.642951 0.758067 0.109310
vn -0.787611 0.573862 -0.224391
vn -0.571461 0.722679 -0.388803
vn -0.787611 0.573862 -0.224391
vn -0.875235 0.327478 0.355980
vn -0.984781 -0.158397 -0.071528
vn -0.984781 -0.158397 -0.071528
vn -0.875235 0.327478 0.355980
vn -0.740152 0.665034 0.099518
vn -0.994328 0.077590 0.072741
vn -0.669826 0.026392 0.742049
vn -0.790310 0.085122 0.606766
vn -0.693873 -0.121039 0.709852
vn -0.596747 0.733176 -0.326109
vn -0.460966 0.884442 -0.072619
vn -0.172968 0.965936 -0.192485
vn -0.487577 0.826451 -0.281509
vn -0.173272 0.952605 -0.250041
vn -0.487577 0.826451 -0.281509
vn 0.521111 -0.852875 -0.032368
vn -0.242943 -0.883663 0.400149
vn -0.359273 -0.928889 0.089933
vn -0.321540 -0.916388 0.238425
vn -0.091229 -0.930692 -0.354246
vn 0.933294 -0.293081 -0.207523
vn 0.521111 -0.852875 -0.032368
vn 0.925744 -0.304942 0.223626
vn 0.097711 -0.873781 0.476402
vn -0.091229 -0.930692 -0.354246
vn 0.770854 -0.197477 -0.605629
vn 0.770854 -0.197477 -0.605629
vn 0.933294 -0.293081 -0.207523
vn 0.492526 -0.151252 -0.857054
vn -0.091229 -0.930692 -0.354246
vn -0.091229 -0.930692 -0.354246
vn 0.387060 -0.103413 -0.916237
vn -0.222543 -0.553634 -0.802474
vn -0.788312 0.569867 -0.231983
vn -0.487577 0.826451 -0.281509
vn -0.740287 0.669031 -0.066128
vn -0.740287 0.669031 -0.066128
vn -0.730774 0.450936 -0.512470
vn -0.740287 0.669031 -0.066128
vn -0.596747 0.733176 -0.326109
vn -0.888641 -0.038330 -0.456999
vn -0.937684 -0.197912 -0.285621
vn -0.941502 -0.173616 -0.288843
vn -0.970660 -0.223788 0.087967
vn -0.957479 -0.199111 0.208778
vn -0.732071 -0.164583 -0.661048
vn -0.941502 -0.173616 -0.288843
vn -0.937684 -0.197912 -0.285621
vn -0.991187 -0.121929 0.051793
vn -0.937684 -0.197912 -0.285621
vn -0.991187 -0.121929 0.051793
vn -0.748101 -0.204663 -0.631236
vn -0.827343 -0.298447 0.475850
vn -0.991187 -0.121929 0.051793
vn -0.827343 -0.298447 0.475850
vn -0.906114 -0.141306 0.398736
vn -0.392464 -0.395445 0.830419
vn -0.906114 -0.141306 0.398736
vn -0.693873 -0.121039 0.709852
vn -0.392464 -0.395445 0.830419
vn 0.290047 -0.334508 0.896648
vn -0.290251 -0.311603 0.904797
vn 0.290047 -0.334508 0.896648
vn -0.392464 -0.395445 0.830419
vn -0.127378 -0.167456 0.977616
vn 0.956439 -0.252576 0.146390
vn 0.933294 -0.293081 -0.207523
vn 0.818971 -0.240355 0.521072
vn 0.698316 -0.242112 0.673600
vn 0.925744 -0.304942 0.223626
vn 0.097711 -0.873781 0.476402
vn -0.487577 0.826451 -0.281509
vn -0.519030 0.829753 -0.205227
vn -0.788312 0.569867 -0.231983
vn -0.519030 0.829753 -0.205227
vn -0.609190 -0.759906 -0.226783
vn -0.331881 -0.901654 -0.277262
vn -0.618629 -0.784857 -0.036017
vn -0.350663 -0.934635 -0.059100
vn -0.985861 0.092724 0.139570
vn -0.929851 0.350705 0.111284
vn -0.985861 0.092724 0.139570
vn -0.848660 0.461003 0.259329
vn 0.203183 0.090511 -0.974949
vn 0.068277 -0.058338 -0.995959
vn -0.203074 0.302705 -0.931199
vn -0.237591 -0.183919 -0.953795
vn 0.068277 -0.058338 -0.995959
vn -0.911230 0.267890 -0.312881
vn -0.798325 0.596094 0.085727
vn -0.837530 0.317258 0.444849
vn -0.947783 0.012577 0.318669
vn -0.578080 0.180312 0.795809
vn -0.544405 -0.196797 0.815410
vn -0.578080 0.180312 0.795809
vn -0.935040 0.264414 -0.236191
vn -0.798325 0.596094 0.085727
vn -0.973000 -0.040417 -0.227238
vn -0.994328 0.077590 0.072741
vn -0.790310 0.085122 0.606766
vn -0.301474 0.779690 0.548814
vn -0.097539 0.817864 0.567085
vn -0.305487 0.895426 0.323868
vn -0.412333 0.841866 0.348200
vn -0.424957 0.744275 0.515235
vn -0.139181 0.941644 0.306490
vn 0.094952 0.911650 0.399848
vn 0.116383 0.803089 0.584383
vn -0.101260 0.657383 0.746723
vn 0.073914 0.687154 0.722743
vn -0.097539 0.817864 0.567085
vn -0.292447 0.667839 0.684446
vn -0.301474 0.779690 0.548814
vn -0.301474 0.779690 0.548814
vn -0.395417 0.618526 0.679023
vn -0.424957 0.744275 0.515235
vn 0.149199 0.821751 0.549968
vn 0.116383 0.803089 0.584383
vn 0.116262 0.949672 0.290871
vn -0.139181 0.941644 0.306490
vn 0.094952 0.911650 0.399848
vn -0.049303 0.986624 0.155382
vn 0.094952 0.911650 0.399848
vn -0.312494 0.940186 0.135641
vn -0.139181 0.941644 0.306490
vn -0.305487 0.895426 0.323868
vn -0.480675 0.863017 0.155413
vn -0.305487 0.895426 0.323868
vn -0.412333 0.841866 0.348200
vn -0.541160 0.816153 0.202585
vn -0.424957 0.744275 0.515235
vn -0.598441 0.732067 0.325493
vn -0.424957 0.744275 0.515235
vn -0.004279 0.110601 0.993856
vn -0.266644 0.338835 0.902270
vn -0.541160 0.816153 0.202585
vn 0.041114 0.537048 0.842549
vn -0.541160 0.816153 0.202585
vn -0.480675 0.863017 0.155413
vn 0.273815 0.920796 0.277778
vn -0.312494 0.940186 0.135641
vn 0.041114 0.537048 0.842549
vn -0.312494 0.940186 0.135640
vn -0.049303 0.986624 0.155382
vn 0.162685 0.939542 -0.301321
vn -0.113892 0.992114 -0.052330
vn 0.116262 0.949672 0.290871
vn 0.116262 0.949672 0.290871
vn 0.000198 0.859626 0.510925
vn 0.000452 0.947636 0.319353
vn -0.000000 0.675407 0.737445
vn 0.149199 0.821751 0.549968
vn 0.000198 0.859626 0.510925
vn -0.654988 0.648174 0.388409
vn -0.445366 0.580552 0.681622
vn -0.395417 0.618526 0.679022
vn -0.833438 0.318927 0.451294
vn -0.598441 0.732067 0.325493
vn -0.439096 0.836635 -0.327470
vn -0.822047 0.554537 -0.129334
vn -0.490998 0.701661 0.516327
vn -0.766852 0.234541 0.597435
vn -0.943056 -0.039602 0.330267
vn -0.067060 0.929616 -0.362377
vn 0.055845 0.988116 0.143206
vn -0.490998 0.701661 0.516327
vn 0.562350 0.818516 -0.117446
vn 0.041301 0.765426 -0.642198
vn -0.436015 0.516377 -0.737052
vn -0.439096 0.836635 -0.327470
vn -0.436015 0.516377 -0.737052
vn -0.883837 0.214108 -0.415920
vn -0.822047 0.554537 -0.129334
vn -0.033257 0.042971 0.998523
vn 0.251497 0.301089 0.919834
vn -0.490998 0.701661 0.516327
vn 0.055845 0.988116 0.143206
vn -0.158282 -0.092660 0.983037
vn 0.684979 0.320432 0.654314
vn 0.055845 0.988116 0.143206
vn 0.450449 -0.338443 0.826168
vn 0.273815 0.920796 0.277778
vn 0.041114 0.537048 0.842549
vn 0.041114 0.537048 0.842549
vn 0.450449 -0.338443 0.826168
vn 0.338262 -0.386426 0.858052
vn 0.251497 0.301089 0.919834
vn -0.033257 0.042971 0.998523
vn -0.004279 0.110601 0.993856
vn 0.041114 0.537048 0.842549
vn -0.158282 -0.092660 0.983037
vn 0.367566 -0.409432 0.835021
vn -0.266644 0.338835 0.902270
vn -0.004279 0.110601 0.993856
vn -0.004279 0.110601 0.993856
vn -0.116582 0.714348 -0.690012
vn 0.041301 0.765426 -0.642198
vn -0.436015 0.516377 -0.737052
vn -0.436015 0.516377 -0.737052
vn -0.437437 0.728100 -0.527748
vn -0.728318 0.452740 -0.514372
vn -0.883837 0.214108 -0.415920
vn -0.436015 0.516377 -0.737052
vn -0.158282 -0.092660 0.983037
vn -0.213432 -0.294693 0.931452
vn 0.367566 -0.409432 0.835021
vn -0.158282 -0.092660 0.983037
vn -0.766852 0.234541 0.597435
vn -0.833438 0.318927 0.451294
vn -0.266644 0.338835 0.902270
vn -0.672178 0.587243 0.450913
vn -0.827467 0.549316 0.116403
vn -0.846648 0.450563 0.283162
vn -0.670907 0.522901 0.525793
vn -0.372054 0.600299 0.707966
vn -0.464827 0.520052 0.716576
vn -0.654988 0.648174 0.388409
vn -0.672178 0.587243 0.450913
vn -0.372054 0.600299 0.707966
vn -0.833438 0.318927 0.451294
vn -0.654988 0.648174 0.388409
vn -0.827467 0.549316 0.116403
vn -0.672178 0.587243 0.450913
vn -0.948046 0.301019 -0.102937
vn -0.943056 -0.039602 0.330267
vn -0.833438 0.318927 0.451294
vn -0.213432 -0.294693 0.931452
vn -0.133724 -0.376110 0.916875
vn -0.107422 -0.204003 0.973059
vn 0.051784 -0.274515 0.960188
vn -0.133724 -0.376110 0.916875
vn 0.019763 -0.338141 0.940888
vn -0.883837 0.214108 -0.415920
vn -0.891571 0.452124 0.026179
vn -0.760392 0.629160 -0.161127
vn -0.113892 0.992114 -0.052330
vn -0.269879 0.903633 -0.332584
vn -0.116582 0.714348 -0.690012
vn -0.728318 0.452740 -0.514373
vn -0.611764 0.752129 -0.245045
vn -0.437437 0.728100 -0.527748
vn -0.310927 0.852523 -0.420153
vn -0.437438 0.728100 -0.527748
vn -0.437437 0.728100 -0.527748
vn -0.116582 0.714348 -0.690012
vn -0.113146 -0.291474 0.949864
vn -0.041276 -0.287207 0.956979
vn -0.184720 -0.336573 0.923362
vn -0.264625 -0.108298 0.958251
vn -0.235503 -0.507063 0.829111
vn -0.264625 -0.108298 0.958251
vn -0.288160 -0.648530 0.704538
vn -0.150349 0.058274 0.986914
vn -0.341481 -0.649555 0.679316
vn -0.084182 -0.350598 0.932735
vn -0.710590 0.177648 0.680811
vn -0.077389 -0.624211 0.777413
vn -0.533392 0.834245 0.139747
vn -0.159921 0.088067 0.983194
vn -0.605017 -0.728305 -0.321754
vn 0.357014 -0.892424 0.275901
vn -0.468141 0.463425 -0.752384
vn -0.530613 0.339968 -0.776448
vn -0.654411 0.487528 -0.577981
vn -0.530613 0.339968 -0.776448
vn -0.654411 0.487528 -0.577981
vn -0.821176 0.521114 -0.232618
vn -0.907057 0.376882 -0.187635
vn -0.848660 0.461003 0.259329
vn -0.789007 0.611645 0.057958
vn 0.003752 -0.605233 -0.796040
vn 0.706165 -0.423638 -0.567328
vn 0.001754 -0.639735 -0.768594
vn 0.530015 -0.617362 -0.581333
vn -0.257979 0.921980 0.288792
vn -0.508323 0.830764 0.226804
vn -0.264908 0.891407 0.367720
vn 0.526533 -0.145429 0.837624
vn 0.265236 -0.503565 0.822236
vn 0.362880 -0.430313 0.826528
vn 0.362880 -0.430313 0.826528
vn -0.013518 -0.433227 0.901184
vn 0.119090 -0.372952 0.920177
vn -0.103998 -0.424989 0.899205
vn -0.113146 -0.291474 0.949864
vn -0.013518 -0.433227 0.901184
vn -0.121734 -0.569256 0.813098
vn -0.184720 -0.336573 0.923362
vn -0.103998 -0.424989 0.899205
vn -0.143766 -0.624615 0.767586
vn -0.235503 -0.507063 0.829111
vn -0.184720 -0.336573 0.923362
vn -0.265280 -0.724252 0.636464
vn -0.288160 -0.648530 0.704538
vn -0.235503 -0.507063 0.829111
vn -0.410635 -0.578266 0.704974
vn -0.288160 -0.648530 0.704538
vn -0.730949 -0.023774 0.682018
vn -0.710590 0.177648 0.680811
vn -0.443865 0.626886 0.640312
vn -0.431426 0.523381 0.734809
vn -0.279494 0.733795 0.619216
vn -0.533392 0.834245 0.139747
vn -0.710590 0.177648 0.680811
vn -0.114362 0.783229 0.611125
vn -0.730949 -0.023774 0.682018
vn 0.335188 0.160960 0.928300
vn -0.098833 0.352671 0.930513
vn -0.372054 0.600300 0.707966
vn -0.372054 0.600299 0.707966
vn -0.065701 0.553352 0.830352
vn -0.375268 0.408252 0.832169
vn -0.098833 0.352671 0.930513
vn -0.395417 0.618526 0.679023
vn -0.445366 0.580552 0.681622
vn -0.443865 0.626885 0.640312
vn -0.395417 0.618526 0.679023
vn -0.389360 0.266197 0.881781
vn -0.730949 -0.023774 0.682018
vn 0.296544 -0.191411 0.935641
vn -0.265280 -0.724252 0.636464
vn 0.283077 -0.065150 0.956882
vn -0.410635 -0.578266 0.704974
vn 0.079540 -0.241919 0.967031
vn -0.143766 -0.624615 0.767586
vn 0.079540 -0.241919 0.967031
vn -0.125551 0.008936 0.992047
vn 0.079540 -0.241919 0.967031
vn -0.103998 -0.424989 0.899205
vn -0.175113 -0.240487 0.954726
vn -0.103998 -0.424989 0.899205
vn -0.013518 -0.433227 0.901184
vn -0.013518 -0.433227 0.901184
vn -0.182147 -0.330824 0.925947
vn -0.013518 -0.433227 0.901184
vn 0.265236 -0.503565 0.822236
vn -0.160121 -0.405645 0.899896
vn -0.182147 -0.330824 0.925947
vn 0.526533 -0.145429 0.837624
vn -0.160121 -0.405645 0.899897
vn 0.556703 0.350831 0.752993
vn 0.716924 0.071519 0.693473
vn 0.296544 -0.191411 0.935641
vn 0.296544 -0.191411 0.935641
vn 0.283077 -0.065150 0.956882
vn 0.390341 0.559075 0.731484
vn 0.079540 -0.241918 0.967031
vn 0.079540 -0.241918 0.967031
vn 0.059881 0.584854 0.808925
vn -0.125551 0.008936 0.992047
vn -0.220207 0.531634 0.817847
vn -0.125551 0.008936 0.992047
vn -0.175113 -0.240486 0.954726
vn -0.459681 0.365370 0.809443
vn -0.125551 0.008936 0.992047
vn -0.238038 0.598921 0.764612
vn -0.238038 0.598921 0.764612
vn -0.141471 0.867289 0.477280
vn -0.568577 0.128268 0.812569
vn -0.054608 0.834899 0.547688
vn -0.292447 0.667839 0.684446
vn -0.395417 0.618526 0.679023
vn -0.443865 0.626886 0.640312
vn -0.160121 -0.405645 0.899896
vn -0.667376 0.012248 0.744621
vn -0.766185 -0.138880 0.627434
vn -0.667376 0.012248 0.744621
vn -0.160121 -0.405645 0.899897
vn -0.160121 -0.405645 0.899896
vn -0.238038 0.598921 0.764612
vn 0.071466 0.885519 0.459074
vn 0.377324 0.762633 0.525374
vn 0.154837 0.713690 0.683134
vn 0.309142 0.684279 0.660450
vn 0.071466 0.885519 0.459074
vn -0.279494 0.733795 0.619216
vn 0.073914 0.687154 0.722743
vn -0.101260 0.657383 0.746723
vn -0.054608 0.834899 0.547688
vn 0.154837 0.713690 0.683134
vn -0.000000 0.675407 0.737445
vn 0.073914 0.687154 0.722743
vn 0.542342 -0.114235 0.832355
vn -0.114362 0.783229 0.611125
vn -0.114362 0.783229 0.611125
vn 0.335188 0.160960 0.928300
vn 0.398133 -0.308015 0.864070
vn -0.084633 0.465822 0.880822
vn -0.084633 0.465822 0.880822
vn -0.114362 0.783229 0.611125
vn 0.542342 -0.114235 0.832355
vn 0.184994 -0.339445 0.922255
vn -0.084633 0.465822 0.880822
vn 0.398133 -0.308015 0.864070
vn 0.021939 -0.474055 0.880222
vn -0.285110 0.280620 0.916496
vn -0.223492 -0.506484 0.832782
vn -0.361672 -0.023236 0.932016
vn -0.361672 -0.023236 0.932016
vn -0.405057 -0.476963 0.780023
vn -0.398635 0.121169 0.909070
vn -0.223492 -0.506484 0.832782
vn -0.594297 -0.348046 0.725035
vn -0.405057 -0.476963 0.780023
vn -0.428290 0.083097 0.899813
vn -0.398635 0.121169 0.909070
vn 0.377324 0.762633 0.525374
vn 0.371438 0.662916 0.650059
vn 0.368330 0.398499 0.839959
vn 0.377324 0.762633 0.525374
vn 0.436907 -0.263964 0.859904
vn 0.420421 0.165724 0.892066
vn 0.368330 0.398499 0.839959
vn 0.436907 -0.263964 0.859904
vn 0.186041 0.548733 0.815035
vn 0.420421 0.165724 0.892066
vn -0.708855 -0.277271 0.648571
vn -0.428290 0.083097 0.899813
vn -0.795084 -0.185913 0.577303
vn -0.085943 0.245970 0.965460
vn -0.581525 0.167353 0.796129
vn -0.766185 -0.138880 0.627434
vn -0.085943 0.245970 0.965460
vn -0.766185 -0.138880 0.627434
vn -0.846647 0.450563 0.283162
vn -0.891571 0.452124 0.026179
vn -0.890754 0.337955 0.303883
vn -0.670907 0.522901 0.525793
vn -0.781014 0.225992 0.582190
vn -0.464827 0.520052 0.716576
vn -0.464827 0.520052 0.716576
vn -0.486966 0.197371 0.850829
vn -0.065701 0.553352 0.830352
vn -0.464827 0.520052 0.716576
vn -0.108437 0.190938 0.975595
vn -0.959804 0.163170 0.228366
vn -0.579457 0.659012 -0.479512
vn -0.310927 0.852523 -0.420153
vn -0.310927 0.852523 -0.420153
vn -0.239266 0.700617 -0.672226
vn -0.821637 0.523363 -0.225840
vn -0.611764 0.752129 -0.245045
vn -0.975540 0.208951 -0.068277
vn -0.821637 0.523363 -0.225840
vn -0.760392 0.629160 -0.161127
vn -0.990750 -0.079444 0.110009
vn -0.891571 0.452124 0.026179
vn -0.108436 0.190938 0.975595
vn 0.134507 0.188787 0.972763
vn -0.270501 0.446506 0.852913
vn 0.296141 0.571580 0.765243
vn 0.236018 0.681269 0.692942
vn -0.727245 -0.362179 0.583045
vn -0.595088 -0.317971 0.738082
vn -0.408647 -0.577034 0.707134
vn -0.293386 -0.330226 0.897149
vn -0.762678 -0.112055 0.636997
vn -0.405095 -0.090410 0.909794
vn -0.294654 -0.609130 0.736302
vn -0.681151 -0.103515 0.724789
vn -0.241085 -0.414191 0.877681
vn -0.023860 -0.490216 0.871274
vn -0.056221 -0.187223 0.980707
vn -0.295786 -0.135927 0.945534
vn -0.075135 -0.810312 0.581162
vn -0.056221 -0.187223 0.980707
vn -0.041642 0.128778 0.990799
vn -0.270392 0.094789 0.958073
vn -0.595088 -0.317971 0.738082
vn -0.762678 -0.112055 0.636997
vn -0.595088 -0.317971 0.738082
vn -0.340628 0.544979 0.766140
vn -0.689835 0.406160 0.599301
vn -0.270392 0.094789 0.958073
vn -0.340628 0.544979 0.766140
vn -0.595088 -0.317971 0.738082
vn -0.062900 0.583558 0.809632
vn -0.340628 0.544979 0.766140
vn -0.307936 0.942232 0.131814
vn -0.097005 0.951075 0.293336
vn -0.340628 0.544979 0.766140
vn -0.340628 0.544979 0.766140
vn -0.264683 0.924972 0.272710
vn -0.013038 0.976134 0.216778
vn -0.097005 0.951075 0.293336
vn -0.047154 0.402917 0.914021
vn 0.167543 0.322687 0.931559
vn 0.059881 0.584854 0.808925
vn -0.220207 0.531634 0.817847
vn -0.289089 0.407700 0.866146
vn -0.514529 0.264637 0.815615
vn -0.289089 0.407700 0.866146
vn -0.666127 0.172957 0.725507
vn -0.385595 0.828998 0.405067
vn -0.198763 0.849368 0.488945
vn -0.433258 0.688329 0.581800
vn -0.673131 0.694144 0.255067
vn -0.689835 0.406160 0.599301
vn -0.307936 0.942232 0.131814
vn -0.726081 -0.029023 0.686997
vn -0.667376 0.012248 0.744621
vn -0.667376 0.012248 0.744621
vn -0.508323 0.830763 0.226804
vn -0.530453 0.673191 0.515202
vn -0.000146 0.970147 0.242520
vn -0.264908 0.891407 0.367720
vn 0.000000 0.933419 0.358789
vn 0.000000 0.933419 0.358789
vn -0.000146 0.970146 0.242520
vn -0.257979 0.921979 0.288792
vn -0.000245 0.887278 0.461235
vn -0.264908 0.891407 0.367720
vn -0.000245 0.887278 0.461235
vn 0.000000 0.933419 0.358789
vn -0.198763 0.849368 0.488945
vn -0.000245 0.887278 0.461235
vn -0.198763 0.849368 0.488945
vn -0.264683 0.924972 0.272710
vn -0.926475 0.276005 0.255861
vn -0.752831 0.641056 0.149304
vn -0.647092 0.707921 0.283055
vn -0.926475 0.276005 0.255861
vn -0.843080 0.233261 0.484567
vn -0.647092 0.707921 0.283055
vn -0.653833 0.317914 0.686610
vn -0.518551 -0.163819 0.839207
vn -0.726240 0.016913 0.687233
vn -0.689835 0.406160 0.599301
vn -0.673131 0.694144 0.255067
vn -0.457207 -0.321657 0.829155
vn -0.389920 -0.425890 0.816444
vn -0.294654 -0.609130 0.736301
vn -0.294654 -0.609130 0.736302
vn -0.157562 -0.686920 0.709448
vn -0.157562 -0.686920 0.709448
vn 0.329218 -0.729630 0.599380
vn -0.445258 0.323813 0.834800
vn -0.530454 0.673191 0.515202
vn -0.838254 -0.107359 0.534607
vn -0.781014 0.225992 0.582190
vn -0.515352 -0.167772 0.840396
vn -0.121130 -0.197042 0.972883
vn -0.486966 0.197371 0.850829
vn -0.515352 -0.167772 0.840396
vn 0.089792 -0.036558 0.995290
vn -0.108437 0.190938 0.975595
vn -0.726240 0.016913 0.687233
vn -0.433258 0.688329 0.581800
vn -0.726240 0.016913 0.687233
vn -0.843080 0.233261 0.484567
vn -0.827193 -0.232804 0.511424
vn -0.895378 -0.272985 0.351819
vn -0.616317 -0.197051 0.762446
vn -0.653833 0.317914 0.686610
vn -0.336192 -0.157273 0.928569
vn -0.653833 0.317914 0.686610
vn -0.726240 0.016913 0.687233
vn -0.167188 -0.080688 0.982618
vn -0.445258 0.323813 0.834800
vn -0.336192 -0.157273 0.928569
vn -0.167188 -0.080688 0.982618
vn 0.207383 -0.395187 0.894885
vn -0.566027 -0.251863 0.784970
vn 0.089792 -0.036558 0.995290
vn 0.142442 -0.482265 0.864368
vn 0.021831 -0.573949 0.818600
vn -0.167188 -0.080688 0.982618
vn 0.142442 -0.482265 0.864367
vn -0.168320 -0.641324 0.748580
vn -0.336192 -0.157273 0.928569
vn -0.616317 -0.197051 0.762446
vn -0.394735 -0.687812 0.609179
vn -0.827193 -0.232804 0.511424
vn -0.494271 -0.767167 0.408840
vn -0.394735 -0.687812 0.609179
vn 0.207383 -0.395187 0.894885
vn 0.518542 -0.565914 0.640980
vn 0.430327 -0.681050 0.592444
vn 0.021831 -0.573949 0.818600
vn 0.295447 -0.787265 0.541226
vn 0.091758 -0.864036 0.494997
vn 0.295447 -0.787265 0.541226
vn -0.168320 -0.641324 0.748580
vn 0.021831 -0.573949 0.818600
vn -0.061742 -0.905503 0.419825
vn 0.091758 -0.864036 0.494997
vn 0.289635 -0.717350 0.633657
vn 0.518542 -0.565914 0.640980
vn 0.518542 -0.565914 0.640980
vn 0.430327 -0.681051 0.592444
vn 0.408659 -0.232665 0.882533
vn 0.289635 -0.717350 0.633657
vn 0.295447 -0.787265 0.541226
vn 0.219679 0.277042 0.935409
vn 0.091758 -0.864036 0.494997
vn -0.013723 -0.120075 0.992670
vn -0.827193 -0.232804 0.511424
vn -0.494271 -0.767167 0.408840
vn -0.717577 -0.626744 0.303768
vn -0.895378 -0.272985 0.351820
vn -0.657586 -0.356023 0.663949
vn -0.859322 -0.320333 0.398688
vn -0.838254 -0.107359 0.534607
vn -0.485021 -0.227626 0.844358
vn -0.838254 -0.107359 0.534607
vn -0.121130 -0.197042 0.972883
vn -0.153850 -0.169272 0.973487
vn -0.515352 -0.167772 0.840396
vn -0.485021 -0.227626 0.844358
vn -0.121130 -0.197042 0.972883
vn -0.064241 -0.068294 0.995595
vn -0.566027 -0.251863 0.784970
vn 0.219679 0.277042 0.935409
vn -0.343553 0.738259 0.580469
vn -0.013723 -0.120075 0.992670
vn -0.624292 0.415804 0.661337
vn -0.552051 -0.517463 0.653814
vn -0.273499 -0.504133 0.819175
vn -0.589430 -0.394958 0.704684
vn -0.252992 -0.006979 0.967443
vn -0.485021 -0.227626 0.844358
vn -0.589430 -0.394958 0.704684
vn -0.383828 -0.440781 0.811411
vn -0.203365 -0.065403 0.976916
vn -0.545235 -0.116387 0.830164
vn -0.252992 -0.006979 0.967443
vn -0.418849 -0.401243 0.814598
vn -0.203365 -0.065403 0.976916
vn -0.252992 -0.006979 0.967443
vn -0.750203 -0.498912 0.433914
vn -0.438593 -0.795146 0.418783
vn -0.273499 -0.504133 0.819175
vn -0.245367 -0.829196 0.502225
vn -0.552051 -0.517463 0.653814
vn -0.000387 -0.797686 0.603073
vn -0.245367 -0.829196 0.502225
vn -0.201518 -0.499409 0.842604
vn -0.201518 -0.499409 0.842604
vn -0.000215 -0.708566 0.705645
vn -0.000387 -0.797686 0.603074
vn -0.245367 -0.829195 0.502225
vn -0.203365 -0.065403 0.976916
vn -0.383828 -0.440781 0.811411
vn -0.165270 -0.453560 0.875768
vn -0.068044 -0.073847 0.994946
vn -0.418849 -0.401243 0.814598
vn 0.000000 -0.113759 0.993508
vn 0.000000 -0.113759 0.993508
vn -0.000215 -0.708566 0.705645
vn -0.201518 -0.499409 0.842604
vn -0.165270 -0.453560 0.875768
vn 0.000000 -0.113759 0.993508
vn 0.000000 -0.113759 0.993508
vn -0.667954 -0.691514 0.275039
vn -0.442065 -0.772247 0.456303
vn -0.832682 -0.553508 0.016433
vn -0.217194 0.381289 -0.898580
vn -0.509919 0.374438 -0.774454
vn -0.774465 0.224106 -0.591591
vn -0.915816 -0.005327 -0.401562
vn -0.821637 0.523363 -0.225840
vn -0.975540 0.208951 -0.068277
vn -0.579457 0.659013 -0.479512
vn -0.975540 0.208951 -0.068277
vn -0.928197 -0.314478 -0.198880
vn -0.990750 -0.079444 0.110009
vn -0.990750 -0.079444 0.110009
vn -0.859322 -0.320333 0.398688
vn -0.928197 -0.314478 -0.198880
vn -0.000105 -0.819320 0.573337
vn -0.000049 -0.541852 0.840474
vn -0.223087 -0.784790 0.578219
vn -0.223087 -0.784790 0.578219
vn -0.165270 -0.453560 0.875768
vn -0.442065 -0.772247 0.456303
vn -0.214925 0.828834 -0.516568
vn -0.577163 0.608599 -0.544508
vn -0.509919 0.374438 -0.774454
vn -0.217194 0.381289 -0.898580
vn -0.509919 0.374438 -0.774454
vn -0.774465 0.224106 -0.591591
vn -0.774465 0.224106 -0.591592
vn -0.977212 0.211956 0.011474
vn -0.915816 -0.005327 -0.401562
vn -0.928197 -0.314478 -0.198881
vn -0.977212 0.211956 0.011474
vn -0.988950 -0.136631 0.057539
vn -0.988950 -0.136631 0.057539
vn -0.928197 -0.314478 -0.198881
vn -0.667954 -0.691514 0.275039
vn -0.852942 -0.173037 0.492493
vn -0.635473 -0.468752 0.613552
vn -0.000105 -0.819320 0.573337
vn -0.000105 -0.819320 0.573337
vn -0.223087 -0.784790 0.578219
vn -0.176240 -0.546687 0.818580
vn -0.391706 -0.543035 0.742751
vn -0.442065 -0.772247 0.456303
vn -0.635473 -0.468752 0.613552
vn -0.762316 -0.461152 -0.454107
vn 0.207155 -0.309796 0.927962
vn 0.519820 -0.069389 0.851453
vn -0.781483 -0.612918 0.116688
vn -0.781483 -0.612918 0.116688
vn -0.127378 -0.167456 0.977616
vn -0.775048 -0.554523 -0.302993
vn -0.445134 -0.728572 0.520614
vn -0.795084 -0.185913 0.577303
vn -0.637601 -0.172978 0.750695
vn -0.726081 -0.029023 0.686997
vn -0.708855 -0.277271 0.648571
vn -0.795084 -0.185913 0.577303
vn -0.594297 -0.348046 0.725035
vn -0.557635 -0.233199 0.796657
vn -0.594297 -0.348046 0.725035
vn -0.637601 -0.172978 0.750695
vn -0.454609 -0.234243 0.859337
vn -0.594297 -0.348046 0.725035
vn -0.289310 -0.225589 0.930274
vn -0.223492 -0.506484 0.832782
vn 0.021939 -0.474055 0.880222
vn -0.090034 -0.171060 0.981138
vn 0.021939 -0.474055 0.880222
vn -0.223492 -0.506484 0.832782
vn 0.066314 -0.069312 0.995389
vn -0.090034 -0.171060 0.981138
vn 0.021939 -0.474055 0.880222
vn 0.217342 -0.039841 0.975282
vn 0.398133 -0.308015 0.864070
vn 0.006626 0.643372 0.765525
vn 0.309142 0.684279 0.660450
vn 0.309142 0.684279 0.660450
vn -0.000146 0.970147 0.242520
vn 0.186041 0.548733 0.815035
vn -0.247085 0.414211 -0.876001
vn 0.080706 -0.862628 0.499359
vn -0.605918 -0.646051 -0.464199
vn -0.633957 -0.756902 0.158739
vn 0.390341 0.559075 0.731484
vn 0.167543 0.322687 0.931559
vn -0.108557 0.158647 0.981349
vn -0.308062 0.118840 0.943915
vn -0.289089 0.407700 0.866146
vn -0.047154 0.402917 0.914021
vn -0.514529 0.264637 0.815615
vn -0.473237 0.028856 0.880463
vn -0.308062 0.118840 0.943915
vn -0.289089 0.407700 0.866146
vn -0.666127 0.172957 0.725507
vn -0.589785 -0.007731 0.807523
vn -0.514529 0.264637 0.815615
vn -0.637601 -0.172978 0.750695
vn -0.589785 -0.007731 0.807523
vn -0.637601 -0.172978 0.750695
vn -0.589785 -0.007731 0.807523
vn -0.454610 -0.234243 0.859337
vn -0.557635 -0.233199 0.796657
vn 0.006626 0.643372 0.765525
vn 0.371438 0.662916 0.650059
vn -0.389920 -0.425890 0.816444
vn 0.109454 0.096684 0.989279
vn -0.457207 -0.321657 0.829155
vn -0.705853 -0.551736 0.444251
vn -0.494271 -0.767167 0.408840
vn 0.186041 0.548733 0.815035
vn 0.420421 0.165724 0.892066
vn -0.457207 -0.321657 0.829155
vn -0.518551 -0.163819 0.839207
vn -0.726240 0.016913 0.687233
vn -0.043153 -0.215877 0.975467
vn -0.141879 -0.483993 0.863494
vn -0.717577 -0.626744 0.303768
vn -0.657586 -0.356023 0.663949
vn -0.589727 0.139115 0.795531
vn -0.762678 -0.112055 0.636997
vn -0.727245 -0.362179 0.583045
vn -0.133724 -0.376110 0.916875
vn -0.107422 -0.204003 0.973059
vn -0.370308 -0.447342 0.814099
vn -0.399220 0.077639 0.913562
vn -0.512768 -0.217330 0.830564
vn -0.681151 -0.103515 0.724789
vn -0.762678 -0.112055 0.636997
vn -0.405095 -0.090410 0.909794
vn -0.589727 0.139115 0.795531
vn -0.295786 -0.135927 0.945534
vn -0.512768 -0.217330 0.830564
vn -0.681151 -0.103514 0.724789
vn -0.289310 -0.225589 0.930274
vn -0.308062 0.118840 0.943915
vn -0.454610 -0.234243 0.859337
vn -0.040002 -0.204942 0.977957
vn -0.518551 -0.163819 0.839207
vn 0.109454 0.096684 0.989279
vn -0.043153 -0.215877 0.975467
vn 0.109454 0.096684 0.989279
vn -0.040002 -0.204942 0.977957
vn -0.141879 -0.483993 0.863494
vn -0.293386 -0.330226 0.897149
vn -0.040002 -0.204942 0.977956
vn -0.062900 0.583558 0.809632
vn -0.001197 0.561594 0.827412
vn -0.000748 0.934250 0.356617
vn -0.000748 0.934250 0.356617
vn -0.000052 0.968170 -0.250293
vn 0.000000 0.969690 -0.244338
vn -0.172968 0.965936 -0.192485
vn -0.000032 0.973324 -0.229433
vn -0.173272 0.952605 -0.250041
vn -0.000032 0.973324 -0.229433
vn -0.173272 0.952605 -0.250041
vn -0.000009 0.755248 -0.655439
vn -0.000032 0.973324 -0.229433
vn -0.224520 0.493965 -0.839994
vn 0.000000 0.497639 -0.867384
vn -0.000009 0.755248 -0.655439
vn -0.000009 0.755248 -0.655439
vn -0.311472 0.835509 -0.452670
vn -0.224520 0.493965 -0.839994
vn -0.000133 0.814536 -0.580113
vn -0.254385 0.965921 0.047811
vn -0.000177 0.997836 -0.065761
vn -0.254385 0.965921 0.047811
vn -0.000062 0.985734 -0.168310
vn -0.000177 0.997836 -0.065761
vn -0.000098 0.483898 -0.875125
vn -0.265684 0.857480 -0.440613
vn -0.000098 0.483898 -0.875125
vn -0.000062 0.985734 -0.168310
vn -0.265684 0.857480 -0.440613
vn -0.000140 0.825581 -0.564284
vn -0.245178 0.532021 -0.810458
vn -0.000140 0.825581 -0.564284
vn -0.000098 0.483898 -0.875125
vn -0.168007 0.985613 0.018465
vn -0.000061 0.995777 -0.091807
vn -0.251121 0.858869 -0.446412
vn -0.000061 0.995777 -0.091807
vn -0.000140 0.825581 -0.564284
vn -0.000000 0.971819 -0.235729
vn -0.000000 0.971819 -0.235729
vn -0.000061 0.995777 -0.091807
vn -0.217194 0.381289 -0.898580
vn -0.000053 0.350131 -0.936701
vn -0.000000 0.971819 -0.235729
vn -0.000085 0.649877 -0.760040
vn -0.000085 0.649877 -0.760040
vn -0.000053 0.350131 -0.936701
vn -0.239266 0.700617 -0.672226
vn -0.000085 0.649877 -0.760040
vn -0.269879 0.903633 -0.332584
vn -0.000066 0.862361 -0.506295
vn -0.000066 0.862361 -0.506295
vn 0.000109 0.998106 0.061517
vn -0.000112 0.955892 -0.293718
vn -0.113892 0.992114 -0.052330
vn -0.000112 0.955892 -0.293718
vn -0.113892 0.992114 -0.052330
vn 0.000109 0.998106 0.061517
vn 0.000000 -0.405302 -0.914183
vn 0.487061 -0.232285 -0.841912
vn 0.487061 -0.232285 -0.841912
vn -0.000000 -0.405302 -0.914183
vn 0.487061 -0.232285 -0.841912
vn -0.494271 -0.767167 0.408840
vn 0.000250 -0.315105 -0.949057
vn 0.123228 0.060166 -0.990553
vn 0.000250 -0.315105 -0.949057
vn 0.123228 0.060166 -0.990553
vn 0.426995 -0.000079 -0.904254
vn 0.164218 0.253605 -0.953267
vn 0.426995 -0.000079 -0.904254
vn 0.273295 0.234850 -0.932821
vn -0.061742 -0.905503 0.419825
vn -0.494271 -0.767167 0.408840
vn -0.013723 -0.120076 0.992670
vn -0.061742 -0.905503 0.419825
vn -0.013723 -0.120075 0.992670
vn -0.887989 -0.027461 0.459043
vn -0.808313 0.002020 0.588750
vn -0.808313 0.002020 0.588750
vn -0.800215 0.302397 0.517892
vn -0.203074 0.302705 -0.931199
vn -0.203074 0.302705 -0.931199
vn -0.000748 0.934250 0.356617
vn -0.013038 0.976134 0.216778
vn -0.800215 0.302396 0.517892
vn -0.013723 -0.120075 0.992670
vn -0.519587 0.688771 0.505593
vn -0.624292 0.415804 0.661338
vn -0.545235 -0.116387 0.830164
vn -0.800215 0.302397 0.517892
vn -0.545235 -0.116387 0.830164
vn -0.750203 -0.498912 0.433914
vn -0.552051 -0.517463 0.653814
vn -0.750203 -0.498912 0.433915
vn -0.552051 -0.517463 0.653814
vn -0.041642 0.128778 0.990799
vn -0.001197 0.561594 0.827412
vn 0.000542 -0.266438 0.963852
vn -0.041642 0.128778 0.990799
vn -0.023860 -0.490216 0.871274
vn 0.001278 -0.480502 0.876993
vn -0.023860 -0.490216 0.871274
vn -0.075135 -0.810312 0.581162
vn 0.000083 -0.794363 0.607444
vn -0.023860 -0.490216 0.871274
vn 0.000083 -0.794363 0.607444
vn 0.001278 -0.480502 0.876993
vn -0.023860 -0.490216 0.871274
vn 0.329218 -0.729630 0.599380
vn 0.000000 -0.847909 0.530142
vn 0.000083 -0.794363 0.607444
vn 0.329218 -0.729630 0.599380
vn 0.000083 -0.794363 0.607444
vn 0.004945 -0.659403 0.751773
vn 0.000000 -0.847909 0.530142
vn 0.000000 -0.726787 0.686863
vn 0.004945 -0.659403 0.751773
vn 0.408659 -0.232665 0.882533
vn -0.137461 0.985862 0.095821
vn -0.162408 0.404332 0.900077
vn -0.001016 0.972648 0.232281
vn 0.000000 0.399936 0.916543
vn 0.408659 -0.232665 0.882533
vn -0.001016 0.972648 0.232281
vn 0.000826 0.353684 0.935365
vn 0.845386 -0.080438 -0.528065
vn 0.218251 -0.116521 -0.968911
vn 0.652253 -0.040921 -0.756896
vn 0.218251 -0.116521 -0.968912
vn 0.989265 -0.117526 0.086847
vn 0.984450 0.042712 -0.170396
vn 0.665331 -0.256245 0.701194
vn 0.984450 0.042712 -0.170396
vn -0.836105 -0.157743 -0.525400
vn -0.962262 -0.244326 -0.119821
vn 0.735884 0.623908 -0.263084
vn 0.812973 0.568178 -0.127471
vn -0.327847 -0.321159 0.888467
vn 0.185227 -0.289738 0.939012
vn 0.334585 0.263056 0.904906
vn 0.665331 -0.256245 0.701194
vn -0.272520 0.235645 -0.932847
vn -0.426321 0.001383 -0.904571
vn -0.401884 0.407243 0.820148
vn 0.334585 0.263056 0.904906
vn 0.989265 -0.117526 0.086847
vn 0.523333 -0.404395 0.750059
vn 0.185227 -0.289738 0.939012
vn 0.063157 -0.414823 0.907708
vn -0.327847 -0.321159 0.888467
vn 0.063157 -0.414823 0.907708
vn -0.327847 -0.321159 0.888467
vn -0.737268 -0.351916 0.576708
vn -0.327847 -0.321159 0.888467
vn -0.737268 -0.351916 0.576708
vn -0.811188 -0.248896 0.529173
vn -0.737268 -0.351916 0.576708
vn -0.811188 -0.248896 0.529173
vn -0.981133 -0.191028 0.029781
vn -0.981133 -0.191028 0.029781
vn -0.932556 -0.290281 0.214656
vn -0.954359 -0.293066 -0.057550
vn -0.981133 -0.191028 0.029781
vn -0.880270 -0.182743 -0.437870
vn -0.227978 -0.302109 -0.925611
vn -0.302671 -0.169984 -0.937814
vn -0.227978 -0.302109 -0.925611
vn -0.302671 -0.169984 -0.937815
vn 0.484535 -0.125783 -0.865682
vn 0.355348 -0.191167 -0.914977
vn 0.814432 -0.114798 -0.568790
vn 0.978120 -0.106515 -0.178704
vn 0.989265 -0.117526 0.086847
vn -0.704778 -0.425099 -0.567961
vn 0.519587 0.688771 0.505592
vn 0.806375 0.000803 0.591404
vn 0.360598 -0.587613 0.724348
vn 0.000000 0.399936 0.916543
vn 0.059908 -0.614741 0.786451
vn 0.176189 0.106399 0.978589
vn 0.068030 -0.370876 0.926187
vn 0.068030 -0.370876 0.926187
vn -0.419517 -0.281247 0.863079
vn 0.151267 0.054182 0.987007
vn -0.039821 0.690380 0.722350
vn 0.151267 0.054182 0.987007
vn 0.272797 -0.097418 0.957127
vn 0.243381 0.603009 0.759701
vn -0.039821 0.690380 0.722350
vn 0.151267 0.054182 0.987007
vn 0.439146 0.529928 0.725484
vn 0.243381 0.603009 0.759701
vn 0.051784 -0.274515 0.960188
vn 0.406940 0.283616 0.868310
vn 0.439146 0.529928 0.725484
vn 0.239286 -0.105938 0.965153
vn 0.173956 0.097000 0.979965
vn -0.178291 0.299394 0.937324
vn -0.107422 -0.204003 0.973059
vn -0.107422 -0.204003 0.973059
vn -0.296433 0.569656 0.766563
vn 0.369694 0.414573 0.831538
vn 0.369694 0.414573 0.831538
vn 0.099240 0.362824 0.926559
vn 0.173956 0.097000 0.979965
vn 0.408659 -0.232665 0.882533
vn 0.219679 0.277042 0.935409
vn -0.343553 0.738259 0.580469
vn -0.137461 0.985862 0.095821
vn -0.343553 0.738259 0.580469
vn -0.090034 -0.171060 0.981138
vn -0.108557 0.158647 0.981349
vn -0.308062 0.118840 0.943915
vn -0.289310 -0.225589 0.930274
vn 0.070611 0.162646 0.984155
vn -0.090034 -0.171060 0.981138
vn 0.217342 -0.039841 0.975282
vn 0.070611 0.162646 0.984155
vn 0.003752 -0.605233 -0.796040
vn 0.003752 -0.605233 -0.796040
vn -0.000000 -0.405302 -0.914183
vn -0.000076 0.955100 -0.296284
vn -0.000076 0.955100 -0.296284
vn -0.000000 0.886423 -0.462877
vn -0.219893 0.960737 -0.169211
vn -0.000032 0.986637 -0.162934
vn 0.000000 0.969690 -0.244338
vn -0.000052 0.982771 -0.184828
vn -0.000052 0.982771 -0.184828
vn -0.219893 0.960737 -0.169211
vn 0.309142 0.684279 0.660450
vn 0.154837 0.713690 0.683134
vn -0.000000 0.675407 0.737445
vn 0.000000 0.825098 -0.564990
vn -0.000009 0.664266 -0.747496
vn -0.000009 0.664266 -0.747496
vn -0.160288 0.665969 -0.728555
vn -0.178893 0.141808 0.973595
vn -0.392777 0.133951 0.909826
vn 0.149240 0.547013 0.823714
vn 0.181997 0.781496 0.596776
vn 0.560262 0.805943 0.191214
vn 0.278717 0.357594 0.891316
vn 0.646697 0.708365 0.282847
vn 0.752466 0.641779 0.148037
vn 0.611102 0.783426 0.113130
vn 0.561508 0.820768 0.105112
vn 0.278717 0.357594 0.891316
vn 0.278717 0.357594 0.891316
vn 0.561508 0.820768 0.105112
vn 0.320483 0.017653 0.947090
vn 0.611102 0.783426 0.113130
vn 0.658436 0.317400 0.682436
vn 0.320483 0.017652 0.947090
vn 0.752466 0.641779 0.148037
vn 0.396374 0.784653 0.476662
vn 0.408735 -0.015452 0.912522
vn 0.136727 0.206335 0.968882
vn 0.640679 0.065803 0.764984
vn -0.224190 0.681401 0.696729
vn -0.224190 0.681402 0.696729
vn -0.296433 0.569656 0.766563
vn 0.136727 0.206335 0.968882
vn 0.322130 -0.306983 0.895541
vn 0.136727 0.206335 0.968882
vn -0.296433 0.569656 0.766563
vn -0.535835 -0.157969 0.829414
vn -0.535835 -0.157969 0.829414
vn -0.000009 0.664266 -0.747496
vn -0.000041 0.377395 -0.926052
vn -0.068036 0.390041 -0.918281
vn -0.000009 0.664266 -0.747496
vn -0.000041 0.377395 -0.926053
vn -0.000002 0.054589 -0.998509
vn -0.000002 0.054589 -0.998509
vn -0.068036 0.390041 -0.918281
vn 0.123228 0.060166 -0.990553
vn -0.046913 0.391106 -0.919149
vn 0.164218 0.253605 -0.953267
vn -0.660625 0.714701 -0.229732
vn -0.660625 0.714701 -0.229732
vn -0.735313 0.624187 -0.264017
vn -0.658636 0.722125 -0.211505
vn -0.660625 0.714701 -0.229732
vn -0.813145 0.567915 -0.127546
vn -0.638007 0.736415 -0.225035
vn -0.789007 0.611645 0.057958
vn -0.626871 0.763293 -0.156260
vn -0.789007 0.611645 0.057958
vn -0.678092 0.636372 -0.367724
vn -0.789007 0.611645 0.057958
vn -0.821176 0.521114 -0.232618
vn -0.552575 0.561371 -0.616055
vn -0.654411 0.487528 -0.577981
vn -0.443802 0.519051 -0.730498
vn -0.068036 0.390041 -0.918281
vn -0.300321 0.588019 -0.751027
vn -0.300321 0.588019 -0.751027
vn -0.129856 0.792250 -0.596220
vn -0.474074 0.721721 -0.504354
vn -0.304925 0.767724 -0.563579
vn -0.437275 0.775085 -0.456108
vn -0.474074 0.721721 -0.504354
vn -0.524053 0.784512 -0.331526
vn -0.405763 0.534801 -0.741177
vn -0.247085 0.414211 -0.876001
vn -0.046913 0.391106 -0.919149
vn -0.247085 0.414211 -0.876001
vn -0.505141 0.638949 -0.580152
vn -0.405763 0.534801 -0.741177
vt 0.754700 0.233300
vt 0.756400 0.243900
vt 0.746100 0.242500
vt 0.746500 0.254500
vt 0.753900 0.270600
vt 0.751800 0.286300
vt 0.739300 0.276900
vt 0.747900 0.260000
vt 0.763300 0.263800
vt 0.770700 0.282400
vt 0.759500 0.251400
vt 0.732800 0.244900
vt 0.734000 0.264800
vt 0.792300 0.264100
vt 0.796800 0.287900
vt 0.792100 0.310400
vt 0.751500 0.054800
vt 0.749600 0.034800
vt 0.774800 0.026100
vt 0.767200 0.055700
vt 0.743000 0.073400
vt 0.722900 0.053700
vt 0.761600 0.084700
vt 0.853500 0.014800
vt 0.835300 0.024600
vt 0.802100 0.015200
vt 0.786700 0.041000
vt 0.781900 0.059800
vt 0.801500 0.037500
vt 0.802200 0.060300
vt 0.822600 0.055300
vt 0.829100 0.043700
vt 0.834500 0.078800
vt 0.808200 0.085700
vt 0.857500 0.064400
vt 0.876100 0.045800
vt 0.909800 0.077600
vt 0.880500 0.094400
vt 0.848800 0.105900
vt 0.858900 0.136100
vt 0.896200 0.130800
vt 0.822000 0.137000
vt 0.816400 0.111300
vt 0.788400 0.135500
vt 0.786000 0.112100
vt 0.781800 0.085500
vt 0.760500 0.109700
vt 0.759200 0.131200
vt 0.734800 0.096100
vt 0.730000 0.118300
vt 0.704700 0.077500
vt 0.698900 0.103200
vt 0.548400 0.168800
vt 0.568500 0.178900
vt 0.578800 0.197000
vt 0.599600 0.171600
vt 0.548700 0.208100
vt 0.530400 0.187700
vt 0.517000 0.217100
vt 0.504600 0.198200
vt 0.563700 0.233300
vt 0.606300 0.216700
vt 0.536600 0.233800
vt 0.888400 0.021400
vt 0.934700 0.056200
vt 0.633900 0.174500
vt 0.966500 0.110800
vt 0.932700 0.122100
vt 0.938900 0.174400
vt 0.975400 0.178200
vt 0.900000 0.170600
vt 0.888800 0.207600
vt 0.923400 0.224600
vt 0.859600 0.166200
vt 0.851300 0.193200
vt 0.821300 0.160500
vt 0.816200 0.182000
vt 0.788500 0.156800
vt 0.786200 0.174600
vt 0.757000 0.151400
vt 0.754400 0.167000
vt 0.726000 0.139200
vt 0.722300 0.159100
vt 0.692000 0.152600
vt 0.691600 0.126900
vt 0.558700 0.159900
vt 0.545300 0.141600
vt 0.563500 0.118600
vt 0.591300 0.139900
vt 0.577100 0.087300
vt 0.621900 0.121000
vt 0.523600 0.091100
vt 0.528200 0.125100
vt 0.954400 0.243800
vt 0.908900 0.290800
vt 0.889300 0.262700
vt 0.845000 0.285000
vt 0.852300 0.313800
vt 0.864200 0.237600
vt 0.830500 0.258200
vt 0.834700 0.216500
vt 0.811000 0.234200
vt 0.805800 0.201400
vt 0.790800 0.216000
vt 0.781100 0.189500
vt 0.772700 0.204100
vt 0.751800 0.181200
vt 0.749000 0.198200
vt 0.722500 0.202700
vt 0.720100 0.179600
vt 0.700900 0.210000
vt 0.690800 0.181100
vt 0.533400 0.164500
vt 0.505900 0.158000
vt 0.499000 0.139800
vt 0.490500 0.176400
vt 0.509200 0.186100
vt 0.473700 0.168500
vt 0.481900 0.119000
vt 0.492000 0.209300
vt 0.499600 0.216600
vt 0.479500 0.207100
vt 0.710900 0.239000
vt 0.728700 0.227900
vt 0.746200 0.218800
vt 0.761300 0.221000
vt 0.773700 0.229000
vt 0.784400 0.243200
vt 0.495900 0.230000
vt 0.484600 0.208900
vt 0.082900 0.615500
vt 0.109100 0.638700
vt 0.098700 0.649600
vt 0.072400 0.635000
vt 0.138500 0.664200
vt 0.738300 0.895600
vt 0.725100 0.939300
vt 0.712200 0.909600
vt 0.718400 0.887600
vt 0.743800 0.863000
vt 0.729400 0.862300
vt 0.747000 0.834000
vt 0.057200 0.600200
vt 0.051500 0.618800
vt 0.137100 0.638200
vt 0.125900 0.628100
vt 0.120100 0.605000
vt 0.122600 0.588300
vt 0.094500 0.586400
vt 0.069500 0.581500
vt 0.709100 0.853500
vt 0.691800 0.878200
vt 0.683300 0.908300
vt 0.688700 0.948800
vt 0.155800 0.642000
vt 0.177800 0.664400
vt 0.704800 0.976000
vt 0.183900 0.636100
vt 0.200400 0.646600
vt 0.194700 0.652000
vt 0.040900 0.595000
vt 0.046700 0.576700
vt 0.052300 0.558000
vt 0.070700 0.559500
vt 0.097800 0.561600
vt 0.125700 0.563700
vt 0.933700 0.341700
vt 0.913100 0.322600
vt 0.928200 0.322500
vt 0.930900 0.337800
vt 0.237800 0.598000
vt 0.243800 0.570800
vt 0.289000 0.602100
vt 0.291400 0.572200
vt 0.195600 0.592300
vt 0.199900 0.568700
vt 0.165700 0.589500
vt 0.167000 0.566700
vt 0.144400 0.588100
vt 0.144400 0.565100
vt 0.197300 0.983300
vt 0.197900 0.990000
vt 0.210500 0.983700
vt 0.211100 0.986700
vt 0.161700 0.722500
vt 0.165100 0.724000
vt 0.162100 0.724700
vt 0.161500 0.720300
vt 0.166000 0.721800
vt 0.161900 0.717400
vt 0.166500 0.719800
vt 0.020700 0.855300
vt 0.022400 0.845000
vt 0.011800 0.843900
vt 0.010300 0.853300
vt 0.094000 0.715100
vt 0.117300 0.718300
vt 0.106300 0.724500
vt 0.092200 0.725600
vt 0.120300 0.724200
vt 0.010000 0.844400
vt 0.120100 0.727200
vt 0.105500 0.726300
vt 0.092900 0.727300
vt 0.080200 0.387000
vt 0.079200 0.386400
vt 0.079200 0.406600
vt 0.081100 0.408500
vt 0.079300 0.378700
vt 0.078500 0.366800
vt 0.079300 0.367700
vt 0.052000 0.798200
vt 0.052700 0.797600
vt 0.051600 0.802100
vt 0.052800 0.802700
vt 0.051600 0.791500
vt 0.052600 0.791900
vt 0.387200 0.767800
vt 0.386400 0.768900
vt 0.390900 0.772000
vt 0.390000 0.773000
vt 0.382400 0.762400
vt 0.381300 0.763400
vt 0.377300 0.757500
vt 0.376500 0.758200
vt 0.034100 0.861700
vt 0.046700 0.870900
vt 0.050300 0.863900
vt 0.038100 0.852700
vt 0.063100 0.886400
vt 0.060400 0.877300
vt 0.072800 0.882100
vt 0.102600 0.699900
vt 0.114100 0.694800
vt 0.112500 0.706100
vt 0.114700 0.694600
vt 0.116500 0.690700
vt 0.120700 0.691500
vt 0.364100 0.744900
vt 0.371600 0.753000
vt 0.372300 0.752400
vt 0.691300 0.842900
vt 0.711700 0.815600
vt 0.130300 0.680800
vt 0.129800 0.682900
vt 0.141800 0.673600
vt 0.100000 0.406100
vt 0.110900 0.409600
vt 0.110300 0.401700
vt 0.104400 0.395900
vt 0.113000 0.415800
vt 0.118600 0.410600
vt 0.027800 0.591700
vt 0.032600 0.571800
vt 0.034500 0.556700
vt 0.117600 0.427200
vt 0.022000 0.560800
vt 0.014700 0.555300
vt 0.018200 0.572800
vt 0.010000 0.560100
vt 0.875900 0.323100
vt 0.879500 0.333100
vt 0.843300 0.323600
vt 0.842700 0.344400
vt 0.818400 0.354100
vt 0.815200 0.324200
vt 0.789300 0.358900
vt 0.785900 0.325000
vt 0.754800 0.325600
vt 0.758400 0.360100
vt 0.731200 0.360800
vt 0.723200 0.326200
vt 0.704500 0.326400
vt 0.707900 0.362900
vt 0.811400 0.940900
vt 0.816800 0.974300
vt 0.801600 0.975400
vt 0.800500 0.942400
vt 0.827900 0.940600
vt 0.830000 0.974300
vt 0.841200 0.941400
vt 0.842600 0.975200
vt 0.852600 0.943800
vt 0.851100 0.976300
vt 0.464100 0.260000
vt 0.495900 0.268100
vt 0.499500 0.245800
vt 0.467100 0.241300
vt 0.461100 0.281800
vt 0.493000 0.287400
vt 0.458100 0.306500
vt 0.489300 0.312700
vt 0.452800 0.328000
vt 0.485800 0.335900
vt 0.379600 0.608500
vt 0.380100 0.574300
vt 0.391300 0.574500
vt 0.393600 0.609600
vt 0.342000 0.605800
vt 0.341600 0.573300
vt 0.039500 0.785600
vt 0.035500 0.784900
vt 0.039400 0.781700
vt 0.041100 0.784000
vt 0.390200 0.755000
vt 0.394200 0.751700
vt 0.385600 0.746700
vt 0.395200 0.749000
vt 0.039400 0.794000
vt 0.036800 0.790600
vt 0.037600 0.789800
vt 0.039900 0.787900
vt 0.033000 0.786000
vt 0.162900 0.714500
vt 0.167100 0.716800
vt 0.041500 0.789800
vt 0.044700 0.790800
vt 0.044100 0.794000
vt 0.049900 0.791600
vt 0.046800 0.788500
vt 0.391800 0.770500
vt 0.391700 0.765900
vt 0.388300 0.765900
vt 0.655800 0.951400
vt 0.658100 0.906500
vt 0.390200 0.762600
vt 0.041700 0.789700
vt 0.045200 0.785300
vt 0.042900 0.784000
vt 0.126100 0.439400
vt 0.121600 0.425600
vt 0.030600 0.790700
vt 0.034700 0.787100
vt 0.039100 0.791000
vt 0.948700 0.318800
vt 0.948700 0.317700
vt 0.959600 0.320700
vt 0.960000 0.323100
vt 0.042700 0.793300
vt 0.041300 0.797600
vt 0.940900 0.326300
vt 0.940400 0.323600
vt 0.163900 0.712800
vt 0.166900 0.713600
vt 0.165300 0.711500
vt 0.167700 0.710400
vt 0.170500 0.712900
vt 0.168100 0.710500
vt 0.170900 0.717200
vt 0.170000 0.721500
vt 0.168400 0.724700
vt 0.166400 0.726900
vt 0.163900 0.726900
vt 0.165800 0.731800
vt 0.168400 0.730800
vt 0.162500 0.731900
vt 0.171000 0.817800
vt 0.168800 0.854700
vt 0.152600 0.824600
vt 0.743500 0.794900
vt 0.143400 0.547100
vt 0.145100 0.545500
vt 0.145100 0.533700
vt 0.159300 0.727700
vt 0.163700 0.726800
vt 0.160900 0.731100
vt 0.158000 0.725400
vt 0.157800 0.722300
vt 0.157300 0.719300
vt 0.157900 0.715800
vt 0.159000 0.712000
vt 0.161100 0.709100
vt 0.163700 0.707400
vt 0.166200 0.706100
vt 0.168200 0.704300
vt 0.122600 0.316000
vt 0.144900 0.305100
vt 0.121100 0.295900
vt 0.690100 0.468700
vt 0.678700 0.436000
vt 0.695100 0.444300
vt 0.700200 0.406300
vt 0.677800 0.481100
vt 0.651900 0.490600
vt 0.166100 0.281200
vt 0.263700 0.544300
vt 0.263100 0.524500
vt 0.227200 0.532700
vt 0.227500 0.551600
vt 0.193400 0.557000
vt 0.193500 0.536300
vt 0.165300 0.558200
vt 0.165600 0.538700
vt 0.302500 0.536100
vt 0.301000 0.517900
vt 0.355900 0.502200
vt 0.356300 0.526400
vt 0.404700 0.515300
vt 0.408500 0.488900
vt 0.738200 0.457400
vt 0.765100 0.452500
vt 0.784100 0.503400
vt 0.757400 0.498200
vt 0.720100 0.409200
vt 0.746000 0.406600
vt 0.223100 0.499800
vt 0.189800 0.502600
vt 0.165900 0.503500
vt 0.299500 0.482700
vt 0.353600 0.472300
vt 0.401900 0.455500
vt 0.771800 0.403600
vt 0.791900 0.449300
vt 0.818900 0.502800
vt 0.254800 0.492000
vt 0.187800 0.470300
vt 0.166100 0.469600
vt 0.182700 0.448300
vt 0.166300 0.450100
vt 0.212000 0.465300
vt 0.201200 0.442800
vt 0.020800 0.869200
vt 0.011000 0.869300
vt 0.012200 0.898600
vt 0.028900 0.896700
vt 0.047600 0.891400
vt 0.036000 0.872700
vt 0.235700 0.453400
vt 0.214500 0.433600
vt 0.230300 0.429600
vt 0.222900 0.427200
vt 0.251200 0.442300
vt 0.268900 0.461300
vt 0.246200 0.406000
vt 0.228200 0.420400
vt 0.233400 0.426100
vt 0.250000 0.443900
vt 0.267800 0.422400
vt 0.286800 0.438000
vt 0.311300 0.448200
vt 0.348900 0.447400
vt 0.042000 0.486000
vt 0.060600 0.499900
vt 0.051700 0.474900
vt 0.067600 0.488800
vt 0.062500 0.463100
vt 0.079700 0.476000
vt 0.095700 0.389300
vt 0.087200 0.407200
vt 0.088600 0.384300
vt 0.081600 0.377500
vt 0.115100 0.398800
vt 0.108500 0.390000
vt 0.101000 0.383100
vt 0.094900 0.377900
vt 0.088000 0.372200
vt 0.081200 0.365400
vt 0.073100 0.455600
vt 0.090700 0.467600
vt 0.083200 0.449900
vt 0.101000 0.461900
vt 0.093600 0.446900
vt 0.102000 0.447000
vt 0.109800 0.459500
vt 0.111200 0.448100
vt 0.119400 0.458100
vt 0.075900 0.514300
vt 0.082400 0.501800
vt 0.259100 0.408200
vt 0.259200 0.390000
vt 0.270700 0.396700
vt 0.120600 0.450100
vt 0.121200 0.470800
vt 0.110400 0.475200
vt 0.100200 0.481200
vt 0.091300 0.489400
vt 0.122800 0.486200
vt 0.127600 0.479600
vt 0.285200 0.403800
vt 0.303100 0.413100
vt 0.322600 0.420100
vt 0.346300 0.425100
vt 0.115300 0.496400
vt 0.048600 0.801300
vt 0.048800 0.796100
vt 0.394500 0.743400
vt 0.383800 0.740100
vt 0.108300 0.506200
vt 0.100000 0.520000
vt 0.091700 0.534200
vt 0.135700 0.485300
vt 0.133800 0.497400
vt 0.145000 0.486600
vt 0.145100 0.502500
vt 0.133500 0.513900
vt 0.145100 0.518300
vt 0.134200 0.528700
vt 0.135100 0.538000
vt 0.124100 0.503000
vt 0.120100 0.515200
vt 0.173400 0.709100
vt 0.170600 0.704900
vt 0.174700 0.712600
vt 0.373200 0.740200
vt 0.376900 0.746900
vt 0.175200 0.717300
vt 0.173700 0.723700
vt 0.171000 0.728600
vt 0.381500 0.754000
vt 0.384800 0.760200
vt 0.388100 0.757700
vt 0.042600 0.780800
vt 0.277000 0.369700
vt 0.268500 0.367800
vt 0.292200 0.376700
vt 0.305400 0.381100
vt 0.400600 0.428600
vt 0.817800 0.442900
vt 0.842300 0.488100
vt 0.799500 0.397400
vt 0.321600 0.387500
vt 0.336400 0.394600
vt 0.356500 0.407200
vt 0.162700 0.697800
vt 0.166800 0.697600
vt 0.159100 0.700200
vt 0.155800 0.705400
vt 0.040600 0.378200
vt 0.053300 0.377900
vt 0.046100 0.385900
vt 0.039900 0.390800
vt 0.029100 0.377500
vt 0.032400 0.400200
vt 0.021700 0.391700
vt 0.015700 0.385900
vt 0.151600 0.709700
vt 0.151700 0.714500
vt 0.152400 0.718800
vt 0.153500 0.723500
vt 0.154500 0.727500
vt 0.154900 0.733300
vt 0.154700 0.738100
vt 0.916000 0.338400
vt 0.930500 0.360400
vt 0.913800 0.357500
vt 0.926600 0.378700
vt 0.908700 0.381600
vt 0.019000 0.399100
vt 0.011900 0.388700
vt 0.018000 0.409800
vt 0.010000 0.406700
vt 0.031800 0.413900
vt 0.173000 0.698500
vt 0.176200 0.706000
vt 0.178000 0.712200
vt 0.926600 0.399900
vt 0.906400 0.400200
vt 0.013800 0.424000
vt 0.178400 0.717200
vt 0.031200 0.429200
vt 0.176800 0.724700
vt 0.173200 0.731300
vt 0.168700 0.736600
vt 0.165100 0.738800
vt 0.160500 0.741000
vt 0.367800 0.897300
vt 0.359500 0.896400
vt 0.360400 0.894000
vt 0.368800 0.896300
vt 0.373200 0.900700
vt 0.375700 0.899400
vt 0.376100 0.904700
vt 0.379200 0.903800
vt 0.377800 0.912000
vt 0.381500 0.912200
vt 0.375600 0.919100
vt 0.378800 0.921300
vt 0.370200 0.923000
vt 0.372200 0.924800
vt 0.366200 0.924200
vt 0.367600 0.926000
vt 0.361100 0.923600
vt 0.362100 0.924800
vt 0.032900 0.445100
vt 0.026200 0.440300
vt 0.040100 0.440900
vt 0.926500 0.408700
vt 0.927300 0.419000
vt 0.905800 0.418500
vt 0.929800 0.428100
vt 0.914800 0.441000
vt 0.332300 0.373200
vt 0.312400 0.365300
vt 0.120400 0.545200
vt 0.123300 0.549100
vt 0.124300 0.548000
vt 0.128000 0.545900
vt 0.125600 0.539000
vt 0.171600 0.985800
vt 0.173900 0.989900
vt 0.168100 0.988400
vt 0.166200 0.984500
vt 0.176100 0.985100
vt 0.179600 0.990000
vt 0.182900 0.982700
vt 0.186600 0.985400
vt 0.185500 0.974100
vt 0.188800 0.974400
vt 0.182400 0.966300
vt 0.184700 0.964400
vt 0.178700 0.962200
vt 0.180100 0.959700
vt 0.171700 0.959800
vt 0.173400 0.956800
vt 0.163900 0.954700
vt 0.163100 0.958500
vt 0.122000 0.528400
vt 0.711200 0.728600
vt 0.718200 0.722900
vt 0.731800 0.741400
vt 0.232000 0.988400
vt 0.231900 0.984600
vt 0.669500 0.986200
vt 0.673900 0.871100
vt 0.069800 0.358100
vt 0.089500 0.334100
vt 0.074500 0.310800
vt 0.134800 0.543500
vt 0.057600 0.396100
vt 0.051700 0.391900
vt 0.057200 0.386800
vt 0.062200 0.392400
vt 0.053200 0.399900
vt 0.046700 0.396400
vt 0.048000 0.406400
vt 0.042500 0.404200
vt 0.044600 0.416600
vt 0.039600 0.415600
vt 0.044200 0.427000
vt 0.039100 0.427900
vt 0.047800 0.432200
vt 0.044800 0.435600
vt 0.826300 0.383400
vt 0.818500 0.399300
vt 0.809900 0.424500
vt 0.831200 0.437200
vt 0.841700 0.369200
vt 0.865100 0.471100
vt 0.382800 0.406800
vt 0.040400 0.906700
vt 0.046400 0.937000
vt 0.024300 0.927600
vt 0.036400 0.953100
vt 0.045200 0.968700
vt 0.027800 0.971000
vt 0.010000 0.959900
vt 0.847000 0.424500
vt 0.880400 0.426700
vt 0.889800 0.454300
vt 0.359500 0.386300
vt 0.116100 0.973000
vt 0.114500 0.984500
vt 0.105500 0.975300
vt 0.096800 0.990000
vt 0.059600 0.965900
vt 0.063000 0.977900
vt 0.118600 0.962400
vt 0.068500 0.900000
vt 0.067200 0.925300
vt 0.087500 0.906200
vt 0.082900 0.927000
vt 0.101300 0.944000
vt 0.103400 0.923500
vt 0.128700 0.966200
vt 0.132300 0.984400
vt 0.127900 0.956600
vt 0.142600 0.964700
vt 0.146500 0.977600
vt 0.140800 0.956200
vt 0.153900 0.963600
vt 0.155500 0.979300
vt 0.119700 0.938100
vt 0.113800 0.950700
vt 0.100400 0.960400
vt 0.089500 0.972900
vt 0.090100 0.958900
vt 0.075500 0.966900
vt 0.075700 0.978600
vt 0.058400 0.955900
vt 0.075700 0.950100
vt 0.087500 0.946000
vt 0.876600 0.401500
vt 0.847500 0.405200
vt 0.900100 0.328800
vt 0.899700 0.322800
vt 0.869800 0.343400
vt 0.853700 0.364900
vt 0.865200 0.364400
vt 0.864600 0.376200
vt 0.852800 0.373700
vt 0.868800 0.391100
vt 0.844500 0.387200
vt 0.885200 0.393100
vt 0.876300 0.376300
vt 0.874600 0.363700
vt 0.878400 0.348400
vt 0.885200 0.341300
vt 0.900000 0.335800
vt 0.890000 0.374200
vt 0.895300 0.351300
vt 0.667900 0.329800
vt 0.678600 0.372700
vt 0.651500 0.374800
vt 0.605600 0.294800
vt 0.624700 0.345600
vt 0.588400 0.340400
vt 0.612700 0.234200
vt 0.649200 0.282600
vt 0.570700 0.958200
vt 0.556200 0.970700
vt 0.532700 0.920600
vt 0.555500 0.905300
vt 0.606600 0.946600
vt 0.541400 0.281000
vt 0.574200 0.251300
vt 0.676700 0.800800
vt 0.620200 0.776900
vt 0.680900 0.781700
vt 0.626100 0.752500
vt 0.718900 0.790900
vt 0.721800 0.771300
vt 0.603800 0.989900
vt 0.216600 0.921400
vt 0.169400 0.896000
vt 0.226200 0.887600
vt 0.185700 0.866100
vt 0.274200 0.676800
vt 0.281200 0.641300
vt 0.321900 0.682400
vt 0.331800 0.642800
vt 0.710600 0.526300
vt 0.701300 0.557700
vt 0.680700 0.566800
vt 0.662500 0.513300
vt 0.629100 0.560200
vt 0.646400 0.582200
vt 0.686300 0.590300
vt 0.656600 0.602900
vt 0.629200 0.479000
vt 0.660300 0.424900
vt 0.613700 0.540800
vt 0.594000 0.521800
vt 0.606600 0.462200
vt 0.638600 0.411700
vt 0.577200 0.506500
vt 0.580300 0.443300
vt 0.606600 0.392500
vt 0.554100 0.491100
vt 0.540300 0.358300
vt 0.572500 0.374300
vt 0.520900 0.409500
vt 0.550600 0.425400
vt 0.500700 0.466200
vt 0.528300 0.478500
vt 0.519200 0.337300
vt 0.510400 0.320600
vt 0.380200 0.652100
vt 0.401400 0.652200
vt 0.380700 0.686300
vt 0.407900 0.684400
vt 0.462400 0.383700
vt 0.463300 0.402700
vt 0.438900 0.393800
vt 0.439500 0.409700
vt 0.457900 0.446400
vt 0.436300 0.445500
vt 0.669800 0.627000
vt 0.702000 0.612300
vt 0.702200 0.582000
vt 0.717500 0.608500
vt 0.290400 0.922100
vt 0.313700 0.941700
vt 0.301000 0.955400
vt 0.262900 0.940000
vt 0.338300 0.945900
vt 0.327800 0.963100
vt 0.695100 0.696300
vt 0.679200 0.697600
vt 0.675600 0.651400
vt 0.692000 0.376600
vt 0.662600 0.278000
vt 0.682200 0.325800
vt 0.698800 0.377800
vt 0.687100 0.328300
vt 0.364600 0.272800
vt 0.414500 0.276500
vt 0.369000 0.249400
vt 0.417800 0.254200
vt 0.076300 0.239400
vt 0.072300 0.278100
vt 0.120600 0.270400
vt 0.122600 0.238700
vt 0.083400 0.195100
vt 0.129900 0.203100
vt 0.099200 0.161000
vt 0.137900 0.169800
vt 0.778900 0.581200
vt 0.799400 0.572700
vt 0.810700 0.610000
vt 0.791900 0.620200
vt 0.749900 0.598300
vt 0.764900 0.632100
vt 0.730600 0.606600
vt 0.741600 0.638700
vt 0.734500 0.568000
vt 0.718200 0.582000
vt 0.773100 0.666900
vt 0.752000 0.673200
vt 0.791900 0.758200
vt 0.773000 0.762400
vt 0.761800 0.710400
vt 0.783700 0.704700
vt 0.841800 0.896800
vt 0.826900 0.897100
vt 0.808600 0.898300
vt 0.840200 0.850000
vt 0.824600 0.851500
vt 0.804500 0.852800
vt 0.798700 0.898900
vt 0.792300 0.851800
vt 0.821000 0.804300
vt 0.799800 0.807300
vt 0.785400 0.809400
vt 0.420500 0.237700
vt 0.854900 0.897300
vt 0.373100 0.231600
vt 0.853400 0.849400
vt 0.321300 0.242300
vt 0.326200 0.222400
vt 0.849300 0.801200
vt 0.837000 0.802400
vt 0.840700 0.750300
vt 0.832000 0.750500
vt 0.815600 0.753400
vt 0.808800 0.697700
vt 0.827700 0.692900
vt 0.799800 0.656800
vt 0.819400 0.647600
vt 0.763500 0.548300
vt 0.784500 0.539500
vt 0.411900 0.303000
vt 0.360600 0.299100
vt 0.315500 0.265800
vt 0.309800 0.291400
vt 0.259100 0.278600
vt 0.265200 0.255400
vt 0.270700 0.232200
vt 0.276900 0.208900
vt 0.209800 0.255200
vt 0.213300 0.232900
vt 0.218500 0.205000
vt 0.174600 0.205300
vt 0.172200 0.235200
vt 0.220700 0.191500
vt 0.175800 0.179700
vt 0.063600 0.151100
vt 0.041500 0.184700
vt 0.669100 0.280700
vt 0.207400 0.270400
vt 0.168400 0.257600
vt 0.663800 0.829500
vt 0.644800 0.860300
vt 0.593000 0.831200
vt 0.608800 0.804900
vt 0.547200 0.796500
vt 0.572800 0.767800
vt 0.683300 0.766200
vt 0.585800 0.739100
vt 0.637700 0.727200
vt 0.687900 0.740800
vt 0.593700 0.715000
vt 0.645100 0.692800
vt 0.593600 0.681100
vt 0.645800 0.654000
vt 0.590100 0.654700
vt 0.439500 0.990000
vt 0.425200 0.964200
vt 0.463100 0.954100
vt 0.473900 0.982800
vt 0.410400 0.910400
vt 0.434400 0.900900
vt 0.504100 0.984600
vt 0.489500 0.943800
vt 0.456300 0.889700
vt 0.193700 0.832800
vt 0.232300 0.852100
vt 0.286700 0.897300
vt 0.265300 0.898500
vt 0.291100 0.868200
vt 0.266400 0.864200
vt 0.219200 0.755000
vt 0.264900 0.762700
vt 0.228600 0.802500
vt 0.268400 0.812400
vt 0.296300 0.819600
vt 0.569800 0.315000
vt 0.341600 0.741000
vt 0.314700 0.773800
vt 0.306300 0.726800
vt 0.296800 0.770700
vt 0.267700 0.716200
vt 0.219500 0.702200
vt 0.224400 0.665400
vt 0.188600 0.694800
vt 0.199500 0.695900
vt 0.192400 0.754800
vt 0.206000 0.753700
vt 0.190200 0.793000
vt 0.200600 0.795600
vt 0.561000 0.986600
vt 0.526100 0.984300
vt 0.527000 0.961600
vt 0.226500 0.637100
vt 0.090700 0.831200
vt 0.125100 0.834200
vt 0.084200 0.843400
vt 0.132200 0.860400
vt 0.378200 0.724000
vt 0.414600 0.706200
vt 0.481900 0.361300
vt 0.491600 0.394300
vt 0.478100 0.452200
vt 0.044800 0.817400
vt 0.717200 0.750500
vt 0.739400 0.772000
vt 0.622000 0.899400
vt 0.573600 0.869000
vt 0.523100 0.828500
vt 0.687900 0.505900
vt 0.510200 0.847700
vt 0.494500 0.864800
vt 0.512900 0.933600
vt 0.476300 0.877300
vt 0.161200 0.616200
vt 0.195100 0.626700
vt 0.020100 0.756000
vt 0.011400 0.721200
vt 0.010000 0.697500
vt 0.028000 0.665500
vt 0.037100 0.761500
vt 0.057700 0.761000
vt 0.063100 0.666800
vt 0.080900 0.696900
vt 0.082200 0.728300
vt 0.072600 0.750600
vt 0.410400 0.149000
vt 0.449300 0.163400
vt 0.439500 0.178700
vt 0.399400 0.169300
vt 0.431000 0.197700
vt 0.389200 0.187800
vt 0.422700 0.214400
vt 0.382200 0.202100
vt 0.377300 0.217800
vt 0.464100 0.129800
vt 0.416000 0.121600
vt 0.431000 0.108300
vt 0.442000 0.094600
vt 0.473600 0.107400
vt 0.451600 0.066400
vt 0.480200 0.070600
vt 0.432600 0.043000
vt 0.469800 0.044100
vt 0.439600 0.024400
vt 0.348100 0.010000
vt 0.372900 0.010200
vt 0.356300 0.054700
vt 0.378000 0.041800
vt 0.403100 0.036000
vt 0.405300 0.013100
vt 0.379400 0.058000
vt 0.354000 0.050300
vt 0.407600 0.056500
vt 0.398400 0.070900
vt 0.412300 0.084000
vt 0.427700 0.071900
vt 0.423400 0.101700
vt 0.533800 0.718200
vt 0.475800 0.693200
vt 0.540200 0.696100
vt 0.483000 0.679000
vt 0.140800 0.612200
vt 0.109500 0.889800
vt 0.074000 0.858800
vt 0.037900 0.827700
vt 0.594400 0.609600
vt 0.580900 0.584800
vt 0.562700 0.561500
vt 0.534700 0.542900
vt 0.355500 0.970000
vt 0.363000 0.958200
vt 0.505800 0.529300
vt 0.475000 0.519500
vt 0.443800 0.513800
vt 0.347300 0.990000
vt 0.319000 0.986300
vt 0.371800 0.944900
vt 0.424000 0.512600
vt 0.603600 0.638100
vt 0.542300 0.584300
vt 0.522000 0.575400
vt 0.550200 0.603700
vt 0.494600 0.569200
vt 0.463600 0.566700
vt 0.435700 0.563000
vt 0.351600 0.112900
vt 0.374800 0.129600
vt 0.356600 0.157300
vt 0.333800 0.141500
vt 0.409800 0.555500
vt 0.395900 0.142300
vt 0.377800 0.173400
vt 0.307300 0.125500
vt 0.329200 0.089900
vt 0.558100 0.626000
vt 0.560300 0.649600
vt 0.229000 0.152900
vt 0.218600 0.174400
vt 0.190500 0.151800
vt 0.193000 0.128200
vt 0.226500 0.118200
vt 0.200500 0.101100
vt 0.285100 0.098000
vt 0.304500 0.069200
vt 0.281700 0.112600
vt 0.241600 0.131700
vt 0.259000 0.117200
vt 0.234700 0.095700
vt 0.261300 0.080800
vt 0.278100 0.056600
vt 0.218900 0.076400
vt 0.249000 0.054100
vt 0.477700 0.654200
vt 0.446700 0.650900
vt 0.447100 0.586800
vt 0.421700 0.637200
vt 0.421200 0.601000
vt 0.496300 0.593900
vt 0.510200 0.613700
vt 0.474100 0.587400
vt 0.506300 0.641500
vt 0.181700 0.296300
vt 0.209600 0.292500
vt 0.289100 0.982200
vt 0.248400 0.972900
vt 0.205000 0.955700
vt 0.153000 0.924700
vt 0.659700 0.257500
vt 0.429100 0.735100
vt 0.259800 0.292500
vt 0.307100 0.309000
vt 0.326800 0.322800
vt 0.358100 0.326200
vt 0.011700 0.808100
vt 0.013500 0.804600
vt 0.411500 0.323400
vt 0.380100 0.326100
vt 0.053900 0.359500
vt 0.041900 0.237700
vt 0.021100 0.232900
vt 0.037700 0.279900
vt 0.010700 0.276100
vt 0.036000 0.314400
vt 0.040000 0.357200
vt 0.010000 0.311400
vt 0.018800 0.355800
vt 0.737900 0.755200
vt 0.541800 0.671500
vt 0.485000 0.662500
vt 0.379100 0.869800
vt 0.359500 0.815800
vt 0.406800 0.857200
vt 0.385400 0.810600
vt 0.519200 0.746100
vt 0.463800 0.711000
vt 0.288100 0.357300
vt 0.291700 0.359700
vt 0.296500 0.363100
vt 0.282700 0.356700
vt 0.286100 0.359300
vt 0.278900 0.358700
vt 0.273100 0.360600
vt 0.107100 0.524100
vt 0.102700 0.541500
vt 0.097900 0.541800
vt 0.267700 0.358400
vt 0.112400 0.527900
vt 0.107200 0.541000
vt 0.111900 0.541200
vt 0.116000 0.541400
vt 0.022100 0.642300
vt 0.023400 0.639600
vt 0.020500 0.640200
vt 0.342800 0.921500
vt 0.350400 0.918600
vt 0.341000 0.914300
vt 0.334100 0.918100
vt 0.332500 0.909200
vt 0.325400 0.913400
vt 0.303300 0.365700
vt 0.344800 0.908200
vt 0.354200 0.913200
vt 0.337300 0.903900
vt 0.331600 0.896200
vt 0.323700 0.897500
vt 0.332000 0.883900
vt 0.324200 0.882200
vt 0.334900 0.872400
vt 0.324900 0.868400
vt 0.339200 0.864700
vt 0.332400 0.859000
vt 0.344200 0.860200
vt 0.338600 0.854200
vt 0.349700 0.855000
vt 0.345800 0.846100
vt 0.479500 0.798000
vt 0.501000 0.768600
vt 0.431800 0.845200
vt 0.449700 0.833700
vt 0.465200 0.819800
vt 0.423400 0.796500
vt 0.407200 0.805600
vt 0.436800 0.779900
vt 0.443400 0.759400
vt 0.451800 0.731700
vt 0.355100 0.907800
vt 0.346200 0.904400
vt 0.340300 0.900400
vt 0.909400 0.619600
vt 0.924400 0.606400
vt 0.916800 0.599700
vt 0.905800 0.582000
vt 0.935400 0.592700
vt 0.921200 0.569900
vt 0.945100 0.564500
vt 0.926000 0.541100
vt 0.901000 0.554500
vt 0.891800 0.569000
vt 0.896600 0.534000
vt 0.872900 0.556100
vt 0.871500 0.539900
vt 0.847500 0.548400
vt 0.898700 0.511200
vt 0.866400 0.508200
vt 0.933000 0.522400
vt 0.849800 0.552700
vt 0.841600 0.508100
vt 0.963200 0.542100
vt 0.967000 0.605400
vt 0.973600 0.568600
vt 0.957500 0.627900
vt 0.903900 0.647000
vt 0.942700 0.661400
vt 0.916100 0.712400
vt 0.875600 0.700100
vt 0.870800 0.715800
vt 0.882600 0.685900
vt 0.924400 0.695700
vt 0.892900 0.667400
vt 0.932900 0.676700
vt 0.130300 0.785700
vt 0.113100 0.791500
vt 0.130100 0.802500
vt 0.114200 0.801500
vt 0.091100 0.788700
vt 0.142100 0.781600
vt 0.144600 0.794500
vt 0.155800 0.779700
vt 0.137500 0.762700
vt 0.121800 0.761000
vt 0.101100 0.772700
vt 0.130300 0.814100
vt 0.144000 0.808500
vt 0.117600 0.813500
vt 0.154900 0.796000
vt 0.368600 0.785500
vt 0.355600 0.778000
vt 0.357300 0.786600
vt 0.168200 0.786300
vt 0.174200 0.773800
vt 0.361200 0.799400
vt 0.370200 0.801100
vt 0.343400 0.788000
vt 0.342600 0.778400
vt 0.347000 0.806200
vt 0.333300 0.784200
vt 0.330900 0.794800
vt 0.329300 0.806300
vt 0.157900 0.759200
vt 0.142000 0.742000
vt 0.123100 0.735800
vt 0.095200 0.742500
vt 0.320300 0.797100
vt 0.099800 0.804300
vt 0.311500 0.811800
vt 0.064800 0.795400
vt 0.082500 0.806600
vt 0.053700 0.436100
vt 0.052300 0.439900
vt 0.079000 0.763300
vt 0.336700 0.895300
vt 0.337000 0.884900
vt 0.340500 0.874700
vt 0.345700 0.868100
vt 0.350100 0.864400
vt 0.354700 0.860600
vt 0.380100 0.958500
vt 0.388700 0.959700
vt 0.380900 0.954600
vt 0.390400 0.956700
vt 0.395700 0.962200
vt 0.397100 0.959600
vt 0.399500 0.966200
vt 0.401800 0.964300
vt 0.402600 0.974000
vt 0.405900 0.974300
vt 0.400000 0.982700
vt 0.403700 0.985300
vt 0.393200 0.985000
vt 0.396700 0.990000
vt 0.388600 0.985800
vt 0.390900 0.989900
vt 0.383200 0.984400
vt 0.385100 0.988400
vt 0.318600 0.908600
vt 0.306200 0.892300
vt 0.407800 0.780900
vt 0.413200 0.782100
vt 0.411900 0.780300
vt 0.406800 0.779700
vt 0.417800 0.780900
vt 0.415800 0.779100
vt 0.424400 0.777400
vt 0.421200 0.775200
vt 0.427000 0.768400
vt 0.423400 0.768100
vt 0.424700 0.760100
vt 0.421600 0.761000
vt 0.421200 0.755700
vt 0.418800 0.757000
vt 0.414400 0.752600
vt 0.413400 0.753600
vt 0.406100 0.750300
vt 0.405200 0.752700
vt 0.024100 0.647300
vt 0.020800 0.647400
vt 0.023400 0.654300
vt 0.018800 0.656500
vt 0.027000 0.652100
vt 0.026700 0.646300
vt 0.031500 0.646800
vt 0.029300 0.644200
vt 0.035100 0.640200
vt 0.032000 0.639200
vt 0.036700 0.632800
vt 0.033500 0.632800
vt 0.310400 0.878100
vt 0.036300 0.627700
vt 0.033000 0.628200
vt 0.302400 0.875000
vt 0.034500 0.621600
vt 0.031700 0.624700
vt 0.028900 0.620500
vt 0.031300 0.614000
vt 0.311400 0.867400
vt 0.314100 0.860000
vt 0.304300 0.857000
vt 0.308100 0.854100
vt 0.019200 0.646600
vt 0.017600 0.643200
vt 0.013300 0.648800
vt 0.013100 0.653600
vt 0.016300 0.640900
vt 0.012800 0.643000
vt 0.016100 0.637800
vt 0.011800 0.639000
vt 0.015700 0.634900
vt 0.010800 0.634400
vt 0.016300 0.631300
vt 0.010000 0.630000
vt 0.017400 0.627600
vt 0.010000 0.625200
vt 0.019400 0.624700
vt 0.014200 0.621000
vt 0.321600 0.845700
vt 0.333100 0.846400
vt 0.022000 0.623000
vt 0.017500 0.615800
vt 0.024500 0.621600
vt 0.021000 0.613400
vt 0.026500 0.619900
vt 0.025100 0.613200
vt 0.026700 0.640200
vt 0.024800 0.642400
vt 0.028300 0.637000
vt 0.029200 0.632800
vt 0.028800 0.628500
vt 0.026400 0.626000
vt 0.026000 0.625900
vt 0.023600 0.627100
vt 0.022200 0.628300
vt 0.021200 0.630100
vt 0.020200 0.632900
vt 0.019900 0.635800
vt 0.020000 0.638100
vt 0.022300 0.642400
vt 0.024300 0.637300
vt 0.024800 0.635400
vt 0.025400 0.632400
vt 0.025200 0.629100
vt 0.062600 0.439500
vt 0.061700 0.444800
vt 0.048600 0.445900
vt 0.057900 0.450300
vt 0.041600 0.449700
vt 0.050400 0.453100
f 1/1/1 2/2/2 3/3/3
f 2/2/2 4/4/4 3/3/3
f 5/5/5 6/6/6 7/7/7
f 5/5/5 7/7/7 8/8/8
f 5/5/5 9/9/9 10/10/10
f 5/5/5 10/10/10 6/6/6
f 5/5/11 8/8/8 11/11/12
f 5/5/13 11/11/12 9/9/9
f 12/12/14 3/3/3 13/13/15
f 3/3/16 4/4/4 13/13/15
f 10/10/17 9/9/9 14/14/18
f 10/10/19 14/14/18 15/15/20
f 10/10/17 15/15/20 16/16/21
f 10/10/22 16/16/21 6/6/6
f 17/17/23 18/18/24 19/19/25
f 17/17/23 19/19/25 20/20/26
f 17/17/23 21/21/27 22/22/28
f 17/17/29 22/22/28 18/18/24
f 17/17/30 20/20/26 21/21/27
f 20/20/26 23/23/31 21/21/27
f 24/24/32 25/25/33 26/26/34
f 27/27/35 28/28/36 20/20/26
f 27/27/35 20/20/37 19/19/25
f 27/27/35 29/29/38 30/30/39
f 27/27/40 30/30/39 28/28/36
f 27/27/35 19/19/25 26/26/34
f 27/27/41 26/26/34 29/29/38
f 31/31/42 30/30/39 29/29/38
f 31/31/42 29/29/43 32/32/44
f 31/31/42 33/33/45 34/34/46
f 31/31/42 34/34/46 30/30/39
f 31/31/47 32/32/44 35/35/48
f 31/31/42 35/35/48 33/33/45
f 35/35/48 32/32/49 36/36/50
f 32/32/51 25/25/33 36/36/50
f 35/35/48 36/36/52 37/37/53
f 35/35/48 37/37/53 38/38/54
f 35/35/55 38/38/54 39/39/56
f 35/35/57 39/39/56 33/33/45
f 39/39/58 38/38/54 40/40/59
f 38/38/60 41/41/61 40/40/59
f 39/39/62 40/40/59 42/42/63
f 39/39/64 42/42/63 43/43/65
f 39/39/64 43/43/65 33/33/66
f 43/43/65 34/34/46 33/33/45
f 43/43/65 42/42/63 44/44/67
f 43/43/68 44/44/67 45/45/69
f 43/43/70 45/45/69 34/34/71
f 45/45/72 46/46/73 34/34/74
f 46/46/73 28/28/36 30/30/39
f 46/46/73 30/30/75 34/34/76
f 46/46/73 45/45/77 47/47/78
f 46/46/73 47/47/78 23/23/31
f 46/46/79 23/23/31 28/28/80
f 23/23/31 20/20/26 28/28/80
f 47/47/78 45/45/72 48/48/81
f 45/45/82 44/44/67 48/48/81
f 47/47/78 48/48/83 49/49/84
f 48/48/83 50/50/85 49/49/84
f 47/47/78 49/49/84 23/23/31
f 49/49/84 21/21/27 23/23/86
f 49/49/87 50/50/85 51/51/88
f 50/50/85 52/52/89 51/51/88
f 49/49/84 51/51/88 22/22/28
f 49/49/90 22/22/28 21/21/91
f 51/53/88 52/54/89 53/55/92
f 52/54/89 54/56/93 53/55/92
f 51/53/94 53/55/92 55/57/95
f 51/53/88 55/57/95 22/58/28
f 55/57/95 56/59/96 22/58/97
f 56/59/96 18/60/98 22/58/28
f 55/57/95 53/55/92 57/61/99
f 53/55/92 58/62/100 57/61/99
f 55/57/95 57/61/99 24/63/32
f 55/57/95 24/63/101 56/59/96
f 57/64/99 58/65/100 36/36/52
f 58/65/102 37/37/53 36/36/103
f 57/64/104 36/36/105 24/24/32
f 36/36/106 25/25/33 24/24/101
f 58/62/102 53/55/107 54/56/93
f 58/62/108 54/56/93 59/66/109
f 58/65/102 59/67/109 37/37/110
f 59/67/109 60/68/111 37/37/112
f 60/68/111 59/67/109 61/69/113
f 59/67/109 62/70/114 61/69/113
f 60/68/115 61/69/113 63/71/116
f 60/68/111 63/71/116 41/41/61
f 60/68/111 41/41/117 37/37/118
f 41/41/117 38/38/60 37/37/119
f 63/71/116 61/69/113 64/72/120
f 61/69/113 65/73/121 64/72/120
f 63/71/116 64/72/120 66/74/122
f 64/72/120 67/75/123 66/74/122
f 63/71/124 66/74/122 41/41/125
f 66/74/122 40/40/126 41/41/127
f 66/74/122 67/75/123 68/76/128
f 67/75/129 69/77/130 68/76/128
f 66/74/122 68/76/128 40/40/126
f 68/76/128 42/42/63 40/40/59
f 68/76/131 69/77/130 70/78/132
f 69/77/130 71/79/133 70/78/132
f 68/76/134 70/78/132 42/42/135
f 70/78/132 44/44/67 42/42/135
f 70/78/132 71/79/133 72/80/136
f 71/79/133 73/81/137 72/80/136
f 70/78/138 72/80/136 48/48/81
f 70/78/139 48/48/83 44/44/140
f 72/80/136 73/81/137 74/82/141
f 73/81/137 75/83/142 74/82/141
f 72/80/136 74/82/141 50/50/85
f 72/80/136 50/50/143 48/48/81
f 74/82/141 75/83/142 76/84/144
f 74/82/145 76/84/144 77/85/146
f 74/82/141 77/85/146 52/52/147
f 74/82/148 52/52/89 50/50/149
f 77/86/146 76/87/144 78/88/150
f 77/86/146 78/88/150 79/89/151
f 77/86/146 79/89/151 54/56/152
f 77/86/153 54/56/152 52/54/147
f 79/89/154 78/88/150 80/90/155
f 79/89/154 80/90/155 62/91/114
f 79/89/156 62/91/114 59/66/109
f 79/89/157 59/66/109 54/56/158
f 80/90/159 78/88/150 81/92/160
f 78/88/150 82/93/161 81/92/160
f 80/94/159 81/95/160 83/96/162
f 80/94/155 83/96/162 65/73/121
f 80/94/159 65/73/121 62/70/163
f 65/73/164 61/69/165 62/70/166
f 83/96/167 81/95/160 84/97/168
f 81/95/160 85/98/169 84/97/168
f 83/96/170 84/97/168 86/99/171
f 84/97/168 87/100/172 86/99/171
f 83/96/173 86/99/171 64/72/120
f 83/96/174 64/72/175 65/73/164
f 86/99/176 87/100/172 88/101/177
f 87/100/178 89/102/179 88/101/177
f 86/99/176 88/101/177 67/75/123
f 86/99/180 67/75/129 64/72/175
f 88/101/181 89/102/179 90/103/182
f 89/102/179 91/104/183 90/103/182
f 88/101/181 90/103/182 69/77/130
f 88/101/181 69/77/184 67/75/129
f 90/103/182 91/104/183 92/105/185
f 91/104/183 93/106/186 92/105/185
f 90/103/182 92/105/187 71/79/133
f 90/103/182 71/79/133 69/77/188
f 92/105/187 93/106/186 94/107/189
f 93/106/186 95/108/190 94/107/189
f 92/105/187 94/107/189 73/81/191
f 92/105/192 73/81/193 71/79/133
f 94/107/194 95/108/190 96/109/195
f 94/107/196 96/109/195 97/110/197
f 94/107/196 97/110/197 75/83/142
f 94/107/198 75/83/142 73/81/199
f 97/110/197 96/109/200 98/111/201
f 97/110/202 98/111/201 99/112/203
f 97/110/202 99/112/203 75/83/142
f 99/112/203 76/84/144 75/83/142
f 99/113/203 98/114/201 100/115/204
f 99/113/205 100/115/204 82/93/161
f 99/113/205 82/93/161 76/87/144
f 82/93/161 78/88/206 76/87/144
f 100/115/204 98/114/201 101/116/207
f 98/114/201 102/117/208 101/116/207
f 100/115/204 101/116/207 16/118/21
f 100/115/204 16/118/209 85/119/169
f 100/115/210 85/119/169 82/93/161
f 85/119/169 81/92/160 82/93/211
f 101/116/212 102/117/208 7/120/7
f 102/117/208 13/121/15 7/120/7
f 101/116/212 7/120/213 6/122/6
f 101/116/214 6/122/215 16/118/216
f 102/123/208 98/111/201 96/109/195
f 102/123/208 96/109/217 103/124/218
f 102/123/208 103/124/218 13/13/15
f 103/124/218 12/12/14 13/13/15
f 103/124/218 96/109/195 95/108/190
f 103/124/219 95/108/190 104/125/220
f 103/124/221 104/125/220 12/12/222
f 104/125/220 3/3/223 12/12/224
f 104/125/220 95/108/225 105/126/226
f 95/108/225 93/106/186 105/126/226
f 104/125/220 105/126/226 1/1/1
f 104/125/220 1/1/227 3/3/228
f 105/126/229 93/106/230 106/127/231
f 93/106/232 91/104/183 106/127/231
f 105/126/226 106/127/231 1/1/227
f 106/127/233 2/2/2 1/1/234
f 106/127/235 91/104/183 107/128/236
f 91/104/237 89/102/179 107/128/236
f 106/127/235 107/128/238 11/11/12
f 106/127/231 11/11/239 2/2/2
f 107/128/240 89/102/179 14/14/18
f 89/102/241 87/100/178 14/14/242
f 107/128/243 14/14/18 9/9/244
f 107/128/245 9/9/246 11/11/12
f 87/100/247 84/97/168 15/15/20
f 87/100/247 15/15/20 14/14/18
f 84/97/248 85/98/249 15/15/20
f 85/98/169 16/16/21 15/15/250
f 32/32/251 29/29/43 25/25/252
f 29/29/43 26/26/34 25/25/253
f 56/59/96 26/129/34 19/130/25
f 56/59/254 19/130/255 18/60/24
f 13/13/15 4/4/256 8/8/8
f 13/13/257 8/8/8 7/7/7
f 11/11/258 8/8/259 2/2/2
f 8/8/260 4/4/261 2/2/262
f 26/129/34 56/59/254 24/63/263
f 108/131/264 109/132/265 110/133/266
f 108/131/264 110/133/266 111/134/267
f 110/133/266 109/132/265 112/135/268
f 110/136/266 112/137/268 113/138/269
f 110/136/266 113/138/269 114/139/270
f 111/140/267 110/136/266 115/141/271
f 110/136/266 114/139/270 115/141/271
f 111/140/272 115/141/273 116/142/274
f 117/143/275 108/131/276 116/144/274
f 108/131/264 111/134/267 116/144/274
f 118/145/277 112/135/278 109/132/265
f 118/145/277 109/132/279 119/146/280
f 119/146/280 109/132/281 120/147/282
f 109/132/283 108/131/276 120/147/282
f 121/148/284 120/147/282 122/149/285
f 120/147/282 108/131/276 122/149/285
f 122/149/286 108/131/264 123/150/287
f 108/131/276 117/143/275 123/150/287
f 116/142/274 115/141/288 124/151/289
f 124/151/289 115/141/288 114/139/290
f 124/151/291 114/139/270 125/152/292
f 125/152/292 114/139/290 113/138/269
f 125/152/292 113/138/293 126/153/294
f 126/153/294 113/138/293 127/154/295
f 113/138/269 112/137/296 127/154/295
f 112/135/297 118/145/277 128/155/298
f 112/135/299 128/155/298 129/156/300
f 127/154/295 112/137/301 129/157/300
f 130/158/302 131/159/303 132/160/304
f 128/155/298 130/158/302 129/156/305
f 130/158/306 132/160/304 129/156/307
f 116/144/308 133/161/309 117/143/310
f 117/143/310 133/161/309 134/162/311
f 117/143/275 134/162/311 123/150/287
f 123/150/287 134/162/311 135/163/312
f 123/150/313 135/163/312 136/164/314
f 122/149/286 123/150/313 137/165/315
f 123/150/316 136/164/314 137/165/315
f 121/148/284 122/149/317 137/165/315
f 121/148/318 137/165/315 138/166/319
f 139/167/320 140/168/321 141/169/322
f 139/167/320 141/169/322 142/170/323
f 143/171/324 144/172/325 145/173/326
f 144/172/325 146/174/327 145/173/326
f 147/175/328 148/176/329 143/171/324
f 148/176/329 144/172/325 143/171/324
f 149/177/330 150/178/331 147/175/328
f 150/178/331 148/176/332 147/175/333
f 151/179/334 152/180/335 150/178/336
f 151/179/334 150/178/337 149/177/330
f 153/181/338 154/182/339 155/183/340
f 154/182/339 156/184/341 155/183/340
f 157/185/342 158/186/343 159/187/344
f 160/188/345 161/189/346 157/185/342
f 161/189/346 158/186/343 157/185/342
f 162/190/347 163/191/348 160/188/345
f 163/191/348 161/189/346 160/188/345
f 164/192/349 165/193/350 166/194/351
f 164/192/349 166/194/351 167/195/352
f 165/196/350 168/197/353 169/198/354
f 165/196/350 169/198/354 166/199/351
f 169/198/354 168/197/353 170/200/355
f 167/195/352 166/194/356 171/201/357
f 172/202/358 173/203/359 169/198/354
f 172/202/358 169/198/360 170/200/355
f 171/204/357 166/199/351 173/203/359
f 166/199/351 169/198/361 173/203/362
f 174/205/363 175/206/364 172/207/358
f 174/205/363 172/207/365 170/208/355
f 176/209/366 175/206/364 174/205/363
f 177/210/367 178/211/368 176/209/366
f 179/212/369 180/213/370 177/214/367
f 180/213/370 178/215/368 177/214/367
f 181/216/371 182/217/372 180/213/370
f 181/216/371 180/213/373 179/212/369
f 183/218/374 184/219/375 181/220/371
f 184/219/375 182/221/372 181/220/371
f 185/222/376 186/223/377 183/218/374
f 186/223/377 184/219/378 183/218/374
f 187/224/379 188/225/380 185/222/376
f 188/225/380 186/223/377 185/222/376
f 189/226/381 190/227/382 191/228/383
f 189/226/381 191/228/383 192/229/384
f 190/227/382 193/230/385 194/231/386
f 190/227/387 194/231/386 191/228/388
f 194/231/386 193/230/385 195/232/389
f 192/233/384 196/234/390 197/235/391
f 196/234/390 198/236/392 197/235/391
f 191/237/388 199/238/393 196/234/390
f 191/237/394 196/234/390 192/233/384
f 200/239/395 201/240/396 202/241/397
f 124/151/291 203/242/398 204/243/399
f 124/151/289 204/243/399 116/142/400
f 191/237/394 194/244/401 199/238/393
f 194/244/402 205/245/403 199/238/404
f 205/245/403 194/244/405 195/246/389
f 197/247/391 198/248/392 206/249/406
f 206/249/406 207/250/407 197/247/391
f 198/248/392 199/251/408 208/252/409
f 198/248/392 208/252/409 206/249/406
f 209/253/410 133/161/411 116/144/412
f 133/161/411 209/253/410 210/254/413
f 133/161/414 210/254/413 134/162/415
f 135/163/416 134/162/417 211/255/418
f 134/162/419 210/254/413 211/255/418
f 208/252/420 199/251/408 205/256/403
f 212/257/421 153/258/338 211/255/422
f 211/255/423 210/254/413 212/257/421
f 210/254/413 213/259/424 212/257/421
f 212/257/421 213/259/424 154/260/339
f 212/257/425 154/260/339 153/258/426
f 214/261/427 215/262/428 216/263/429
f 215/262/428 217/264/430 216/263/429
f 217/264/430 218/265/431 219/266/432
f 217/264/433 219/266/432 216/263/434
f 220/267/435 221/268/436 218/265/431
f 221/268/436 219/266/432 218/265/431
f 222/269/437 221/268/436 223/270/438
f 221/268/436 220/267/435 223/270/438
f 224/271/439 225/272/440 222/269/437
f 224/271/439 222/269/437 223/270/438
f 226/273/441 225/272/440 227/274/442
f 225/272/440 224/271/439 227/274/442
f 228/275/443 229/276/444 226/277/441
f 228/275/443 226/277/441 227/278/445
f 230/279/446 231/280/447 229/276/444
f 230/279/446 229/276/444 228/275/443
f 232/281/448 233/282/449 231/280/447
f 232/281/448 231/280/447 230/279/446
f 234/283/450 235/284/451 233/282/449
f 234/283/450 233/282/449 232/281/452
f 236/285/453 237/286/454 235/287/451
f 236/285/453 235/287/455 234/288/456
f 238/289/457 239/290/458 237/286/454
f 238/289/457 237/286/454 236/285/453
f 240/291/459 241/292/460 239/290/458
f 240/291/459 239/290/458 238/289/461
f 242/293/462 243/294/463 240/291/459
f 243/294/463 241/292/460 240/291/459
f 244/295/464 245/296/465 243/297/466
f 244/295/464 243/297/466 242/298/462
f 246/299/467 247/300/468 245/296/465
f 246/299/467 245/296/465 244/295/464
f 145/173/326 146/174/327 247/300/468
f 145/173/326 247/300/468 246/299/467
f 202/241/397 201/240/396 187/224/379
f 201/240/396 188/225/469 187/224/379
f 248/301/470 249/302/471 250/303/472
f 248/301/470 250/303/472 251/304/473
f 250/305/474 249/306/471 252/307/475
f 252/307/475 249/306/471 253/308/476
f 254/309/477 255/310/478 256/311/479
f 249/302/480 257/312/481 256/311/479
f 249/302/482 256/311/479 253/313/476
f 249/302/482 248/301/470 257/312/481
f 258/314/483 259/315/484 162/190/347
f 259/315/484 163/191/485 162/190/347
f 260/316/486 261/317/487 254/318/477
f 262/319/488 261/317/487 263/320/489
f 262/321/488 263/322/489 264/323/490
f 126/153/294 127/154/295 265/324/491
f 126/153/294 265/324/491 266/325/492
f 264/323/490 263/322/489 267/326/493
f 256/311/479 257/312/481 260/327/486
f 256/311/494 260/327/486 254/309/477
f 260/316/495 267/328/493 261/317/487
f 267/328/493 263/320/496 261/317/497
f 257/312/498 268/329/499 260/316/486
f 268/329/499 267/328/493 260/316/486
f 205/256/403 195/330/389 269/331/500
f 248/301/501 251/304/473 268/329/499
f 248/301/502 268/329/499 257/312/498
f 270/332/503 253/333/504 255/334/478
f 271/335/505 272/336/506 273/337/507
f 271/335/505 273/337/507 274/338/508
f 269/331/500 208/252/420 205/256/403
f 255/310/478 253/313/504 256/311/509
f 255/334/510 254/339/511 275/340/512
f 276/341/513 277/342/514 272/336/506
f 276/341/513 272/336/506 271/335/515
f 278/343/516 279/344/517 258/314/483
f 279/344/517 259/315/484 258/314/483
f 280/345/518 279/344/517 278/343/516
f 281/346/519 279/344/517 280/345/518
f 282/347/520 279/344/517 281/348/519
f 283/349/521 259/315/522 282/347/520
f 259/315/523 279/344/524 282/347/525
f 284/350/526 163/191/348 283/349/521
f 163/191/485 259/315/484 283/349/521
f 285/351/527 161/189/346 284/350/526
f 161/189/346 163/191/348 284/350/526
f 286/352/528 158/186/343 285/351/527
f 158/186/343 161/189/346 285/351/527
f 286/352/528 287/353/529 158/186/343
f 288/354/530 286/352/528 289/355/531
f 290/356/532 287/353/529 288/354/530
f 287/353/533 286/352/528 288/354/534
f 291/357/535 292/358/536 293/359/537
f 116/142/274 204/243/399 209/360/410
f 274/361/508 273/362/507 294/363/538
f 142/170/323 141/169/539 276/341/513
f 141/169/539 277/342/514 276/341/513
f 295/364/540 159/187/344 287/365/541
f 295/364/540 287/365/533 290/366/532
f 296/367/542 159/187/543 295/364/540
f 297/368/544 157/185/342 159/187/344
f 297/368/544 159/187/545 296/367/542
f 298/369/546 160/188/547 297/368/544
f 160/188/547 157/185/548 297/368/544
f 299/370/549 162/190/347 298/369/546
f 162/190/347 160/188/550 298/369/551
f 300/371/552 258/314/483 299/370/549
f 258/314/553 162/190/347 299/370/549
f 301/372/554 278/343/516 300/371/552
f 278/343/555 258/314/556 300/371/552
f 302/373/557 280/345/558 301/372/554
f 280/345/558 278/343/559 301/372/554
f 303/374/560 281/346/519 302/373/557
f 281/346/519 280/345/561 302/373/557
f 304/375/562 281/346/519 303/374/560
f 305/376/563 306/377/564 307/378/565
f 305/379/563 308/380/566 306/381/564
f 308/380/566 309/382/567 306/381/564
f 305/379/563 310/383/568 308/380/569
f 310/383/568 311/384/570 308/380/569
f 306/377/571 312/385/572 307/378/565
f 313/386/573 314/387/574 315/388/575
f 313/386/573 315/388/575 316/389/576
f 317/390/577 316/389/576 318/391/578
f 316/389/576 315/388/575 318/391/578
f 319/392/579 317/390/577 320/393/580
f 317/390/581 318/391/578 320/393/580
f 313/386/573 321/394/582 314/387/574
f 321/394/582 322/395/583 314/387/584
f 323/396/585 322/395/583 324/397/586
f 322/395/583 321/394/587 324/397/586
f 324/397/588 325/398/589 323/396/585
f 325/398/589 326/399/590 323/396/585
f 327/400/591 328/401/592 326/402/590
f 327/400/591 326/402/590 325/403/589
f 328/401/592 327/400/593 329/404/594
f 328/401/592 329/404/594 330/405/595
f 224/271/596 330/405/595 329/404/594
f 224/271/597 329/404/598 227/274/445
f 331/406/599 332/407/600 315/388/575
f 332/407/600 318/391/578 315/388/575
f 318/391/601 332/407/600 333/408/602
f 318/391/603 333/408/602 320/393/604
f 334/409/605 322/395/583 323/396/585
f 334/409/605 323/396/606 335/410/607
f 335/410/607 323/396/585 336/411/608
f 323/396/609 326/399/610 336/411/608
f 328/401/592 330/405/611 337/412/612
f 328/401/592 337/412/612 338/413/613
f 336/414/608 326/402/614 338/413/613
f 326/402/614 328/401/592 338/413/613
f 223/270/438 337/412/612 330/405/615
f 223/270/616 330/405/615 224/271/596
f 314/387/584 322/395/617 339/415/618
f 322/395/617 334/409/605 339/415/618
f 315/388/575 314/387/574 331/406/599
f 314/387/574 339/415/618 331/406/619
f 340/416/620 341/417/621 332/407/622
f 341/417/621 333/408/602 332/407/623
f 342/418/624 343/419/625 341/417/626
f 342/418/624 341/417/626 340/416/620
f 340/416/620 344/420/627 345/421/628
f 340/416/620 345/421/628 342/418/624
f 340/416/629 332/407/623 344/420/627
f 332/407/630 331/406/619 344/420/627
f 346/422/631 347/423/632 343/424/625
f 346/422/631 343/424/625 342/425/633
f 342/425/624 345/426/628 348/427/634
f 342/425/633 348/427/634 346/422/631
f 164/192/349 167/195/352 347/423/632
f 164/192/349 347/423/632 346/422/631
f 346/422/631 348/427/634 189/226/381
f 346/422/635 189/226/381 164/192/636
f 348/427/634 190/227/382 189/226/637
f 348/427/638 345/426/628 190/227/639
f 345/426/628 193/230/385 190/227/640
f 349/428/641 193/429/385 344/420/627
f 193/429/642 345/421/643 344/420/627
f 349/428/641 350/430/644 193/429/645
f 350/430/644 195/431/389 193/429/646
f 349/428/641 351/432/647 350/430/648
f 349/428/641 344/420/627 331/406/619
f 349/428/641 331/406/599 339/415/618
f 334/409/605 352/433/649 339/415/618
f 352/433/649 351/432/647 349/428/641
f 352/433/650 349/428/651 339/415/618
f 165/193/652 164/192/349 192/229/384
f 164/192/349 189/226/653 192/229/654
f 165/196/350 192/233/655 197/235/391
f 165/196/656 197/235/657 168/197/353
f 353/434/658 195/435/659 350/436/648
f 350/436/660 351/437/647 354/438/661
f 350/436/662 354/438/661 353/434/658
f 351/437/647 352/433/649 355/439/663
f 351/437/664 355/439/663 354/438/661
f 356/440/665 355/439/663 352/433/650
f 356/440/665 352/433/666 334/409/605
f 335/410/607 357/441/667 356/440/665
f 335/410/607 356/440/668 334/409/669
f 195/442/659 353/443/658 269/444/500
f 353/443/670 358/445/671 269/444/672
f 269/444/672 358/445/671 208/446/673
f 358/445/674 359/447/675 208/446/409
f 360/448/676 168/449/353 197/247/391
f 360/448/676 197/247/677 207/250/407
f 361/450/678 170/208/679 168/449/680
f 361/450/678 168/449/680 360/448/676
f 174/205/363 170/208/355 361/450/678
f 361/450/678 362/451/681 174/205/363
f 362/451/681 176/209/366 174/205/363
f 176/209/366 362/451/681 177/210/367
f 208/252/409 363/452/682 206/249/406
f 364/453/683 207/250/407 363/452/682
f 207/250/684 206/249/406 363/452/682
f 365/454/685 360/448/676 364/453/683
f 360/448/676 207/250/686 364/453/683
f 366/455/687 361/450/678 360/448/688
f 366/455/687 360/448/676 365/454/685
f 367/456/689 362/451/690 361/450/691
f 367/456/689 361/450/678 366/455/692
f 368/457/693 177/210/367 367/456/694
f 177/210/367 362/451/695 367/456/696
f 363/458/697 208/446/698 359/447/675
f 359/447/675 369/459/699 363/458/700
f 369/459/699 364/460/683 363/458/700
f 369/459/699 370/461/701 364/460/683
f 370/461/701 365/462/702 364/460/683
f 366/463/703 371/464/704 367/465/705
f 371/464/704 275/466/512 367/465/696
f 366/463/706 365/462/702 370/461/701
f 366/463/707 370/461/708 371/464/704
f 353/443/709 372/467/710 373/468/711
f 353/443/712 373/468/711 358/445/674
f 353/434/713 374/469/714 372/470/710
f 374/469/714 375/471/715 372/470/710
f 374/469/716 353/434/717 354/438/661
f 367/465/705 275/466/512 368/472/693
f 275/466/718 371/464/719 270/473/503
f 371/464/704 370/461/720 376/474/721
f 371/464/722 376/474/721 270/473/503
f 370/461/708 369/459/723 377/475/724
f 370/461/708 377/475/724 376/474/721
f 369/459/699 359/447/675 378/476/725
f 369/459/699 378/476/725 377/475/724
f 359/447/726 358/445/727 373/468/711
f 359/447/675 373/468/711 378/476/725
f 270/473/728 376/474/721 379/477/729
f 270/473/728 379/477/729 380/478/730
f 354/438/661 381/479/731 374/469/716
f 381/479/731 375/471/715 374/469/716
f 355/439/732 382/480/733 354/438/734
f 382/480/733 381/479/731 354/438/735
f 356/440/668 383/481/736 355/439/663
f 383/481/736 382/480/737 355/439/732
f 357/441/667 384/482/738 383/481/739
f 357/441/667 383/481/739 356/440/740
f 376/474/721 377/475/724 385/483/741
f 376/474/742 385/483/741 379/477/729
f 177/214/743 368/484/693 179/212/369
f 368/484/744 386/485/745 179/212/746
f 368/484/693 275/340/512 386/485/745
f 275/340/718 254/339/747 386/485/745
f 275/340/748 270/332/749 255/334/510
f 270/486/750 380/487/730 252/307/475
f 270/486/728 252/307/475 253/308/504
f 377/475/724 378/476/725 387/488/751
f 377/475/724 387/488/751 385/483/752
f 378/476/753 373/468/711 387/488/751
f 373/468/754 388/489/755 387/488/756
f 373/468/711 372/467/710 388/489/755
f 372/467/710 389/490/757 388/489/755
f 390/491/758 391/492/759 200/493/395
f 391/492/759 392/494/760 200/493/395
f 380/478/761 379/477/729 390/491/758
f 379/477/729 391/492/759 390/491/758
f 393/495/762 394/496/763 392/494/760
f 393/495/762 392/494/764 391/492/759
f 395/497/765 294/363/538 394/496/763
f 395/497/765 394/496/763 393/495/762
f 274/361/508 294/363/538 396/498/766
f 294/363/538 395/497/765 396/498/766
f 397/499/767 379/477/768 385/483/752
f 385/483/769 387/488/751 397/499/767
f 387/488/751 398/500/770 397/499/767
f 399/501/771 282/347/520 281/348/772
f 399/501/771 281/348/519 304/502/562
f 282/347/520 399/501/771 400/503/773
f 390/504/774 401/505/775 380/487/776
f 401/505/775 252/307/777 380/487/776
f 391/492/759 379/477/768 397/499/778
f 398/500/770 393/495/762 397/499/767
f 393/495/762 391/492/759 397/499/779
f 283/349/521 282/347/780 400/503/773
f 283/349/521 400/503/781 402/506/782
f 284/350/526 283/349/783 402/506/782
f 284/350/526 402/506/782 403/507/784
f 285/351/785 284/350/526 403/507/784
f 285/351/786 403/507/784 404/508/787
f 404/508/787 289/355/531 286/352/528
f 404/508/787 286/352/528 285/351/786
f 200/239/395 202/241/397 390/504/774
f 202/241/397 401/505/775 390/504/774
f 187/224/788 405/509/789 202/241/790
f 405/509/789 401/505/791 202/241/790
f 252/307/475 401/505/775 405/509/789
f 185/222/376 406/510/792 187/224/379
f 406/510/792 405/509/789 187/224/788
f 407/511/793 405/509/794 406/510/792
f 250/305/472 252/307/475 405/509/795
f 250/305/472 405/509/796 407/511/793
f 406/510/797 264/323/798 267/326/493
f 406/510/792 267/326/493 407/511/799
f 406/510/792 185/222/376 264/323/798
f 185/222/800 183/218/801 264/323/490
f 262/319/488 181/216/371 386/485/745
f 181/216/802 179/212/803 386/485/804
f 264/323/490 183/218/801 262/321/805
f 183/218/801 181/220/806 262/321/488
f 261/317/487 262/319/807 386/485/804
f 261/317/487 386/485/808 254/339/747
f 268/329/499 407/512/793 267/328/809
f 251/304/810 250/303/811 407/512/812
f 251/304/813 407/512/814 268/329/815
f 372/470/710 408/513/816 389/514/757
f 372/470/817 375/471/818 409/515/819
f 372/470/820 409/515/819 408/513/816
f 375/471/818 381/479/821 409/515/819
f 381/479/821 410/516/822 409/515/819
f 336/411/608 411/517/823 357/441/667
f 336/411/608 357/441/824 335/410/607
f 338/413/825 412/518/826 411/519/823
f 338/413/827 411/519/823 336/414/608
f 337/412/828 413/520/829 338/413/613
f 413/520/829 412/518/826 338/413/613
f 223/270/438 220/267/830 337/412/828
f 220/267/830 413/520/829 337/412/828
f 357/441/667 411/517/823 384/482/738
f 381/479/831 382/480/832 410/516/822
f 382/480/833 414/521/834 410/516/835
f 382/480/832 383/481/836 414/521/834
f 383/481/836 415/522/837 414/521/834
f 383/481/739 384/482/838 415/522/837
f 384/482/838 416/523/839 415/522/837
f 384/482/840 411/517/823 416/523/839
f 303/374/560 417/524/841 304/375/562
f 417/524/841 418/525/842 304/375/562
f 302/373/557 419/526/843 303/374/560
f 419/526/843 417/524/844 303/374/560
f 301/372/554 420/527/845 302/373/846
f 420/527/845 419/526/843 302/373/846
f 271/528/505 274/529/508 421/530/847
f 422/531/848 276/532/513 271/528/505
f 422/531/848 271/528/849 421/530/847
f 423/533/850 424/534/851 422/531/852
f 424/534/851 276/532/853 422/531/852
f 142/535/323 276/532/854 424/534/851
f 300/371/552 425/536/855 420/527/845
f 300/371/856 420/527/845 301/372/554
f 299/370/857 426/537/858 300/371/552
f 426/537/858 425/536/855 300/371/552
f 298/369/546 427/538/859 299/370/549
f 427/538/859 426/537/860 299/370/861
f 297/368/862 428/539/863 298/369/546
f 428/539/863 427/538/859 298/369/546
f 296/367/542 429/540/864 428/539/863
f 296/367/865 428/539/863 297/368/544
f 295/364/540 430/541/866 429/540/864
f 295/364/540 429/540/864 296/367/867
f 431/542/868 430/541/866 290/366/869
f 430/541/866 295/364/870 290/366/532
f 432/543/871 140/168/321 139/167/320
f 139/167/320 433/544/872 432/543/871
f 433/544/872 434/545/873 432/543/871
f 433/544/874 435/546/875 434/545/873
f 435/546/875 436/547/876 434/545/873
f 437/548/877 139/549/320 424/534/851
f 139/549/878 142/535/323 424/534/879
f 438/550/880 433/551/872 437/548/877
f 433/551/872 139/549/320 437/548/877
f 424/534/881 423/533/850 437/548/882
f 437/548/877 423/533/883 438/550/880
f 423/533/883 439/552/884 438/550/880
f 418/553/842 440/554/885 304/502/886
f 440/554/885 399/501/887 304/502/888
f 400/503/781 399/501/771 441/555/889
f 399/501/771 440/554/890 441/555/889
f 442/556/891 443/557/892 435/546/875
f 443/557/892 436/547/876 435/546/875
f 433/551/893 438/550/880 435/558/894
f 402/506/782 400/503/781 444/559/895
f 400/503/781 441/555/889 444/559/895
f 435/558/896 438/550/897 439/552/884
f 435/558/896 439/552/884 445/560/898
f 403/507/899 402/506/782 446/561/900
f 402/506/782 444/559/901 446/561/900
f 404/508/902 403/507/903 446/561/904
f 404/508/787 446/561/905 447/562/906
f 289/355/531 404/508/902 447/562/906
f 289/355/907 447/562/906 448/563/908
f 288/354/530 289/355/909 448/563/908
f 288/354/530 448/563/910 449/564/911
f 449/564/911 431/565/868 290/356/912
f 449/564/911 290/356/913 288/354/914
f 440/566/885 418/567/842 450/568/915
f 440/566/916 450/568/915 451/569/917
f 441/570/918 440/566/919 451/569/917
f 441/570/920 451/569/917 452/571/921
f 444/572/922 441/570/923 452/571/921
f 444/572/895 452/571/921 453/573/924
f 446/574/905 444/572/895 453/573/924
f 446/574/925 453/573/924 454/575/926
f 447/576/906 446/574/905 454/575/926
f 447/576/906 454/575/926 455/577/927
f 448/578/928 447/576/906 456/579/929
f 447/576/906 455/577/927 456/579/929
f 449/580/930 448/578/908 457/581/931
f 448/578/908 456/579/932 457/581/931
f 431/582/933 449/580/911 458/583/934
f 449/580/911 457/581/931 458/583/934
f 459/584/935 442/585/891 460/586/936
f 443/557/892 442/556/937 459/587/935
f 461/588/938 462/589/939 459/587/935
f 462/589/939 443/557/940 459/587/935
f 463/590/941 464/591/942 461/588/938
f 464/591/942 462/589/943 461/588/938
f 410/516/944 414/521/834 464/592/942
f 410/516/822 464/592/942 463/593/941
f 430/594/945 431/595/946 458/596/934
f 458/596/934 465/597/947 430/594/948
f 465/597/947 466/598/949 430/594/866
f 442/585/950 445/560/898 460/586/936
f 435/558/951 445/560/898 442/585/891
f 457/599/952 467/600/953 465/601/954
f 457/599/952 465/601/954 458/602/955
f 456/603/929 468/604/956 467/600/953
f 456/603/932 467/600/957 457/599/931
f 455/605/927 469/606/958 468/604/956
f 455/605/927 468/604/956 456/603/959
f 454/607/926 470/608/960 455/605/927
f 470/608/960 469/606/958 455/605/961
f 453/609/962 471/610/963 470/608/960
f 453/609/964 470/608/960 454/607/926
f 452/611/965 472/612/966 471/610/963
f 452/611/967 471/610/963 453/609/968
f 451/613/917 473/614/969 452/611/970
f 473/614/969 472/612/966 452/611/971
f 474/615/972 473/614/969 451/613/973
f 474/615/972 451/613/973 450/616/974
f 475/617/975 395/497/976 393/495/762
f 475/617/975 393/495/762 398/500/770
f 466/598/949 396/498/977 395/497/976
f 466/598/949 395/497/765 475/617/975
f 476/618/978 477/619/979 156/620/341
f 477/621/979 478/622/980 156/184/341
f 478/622/980 155/183/340 156/184/981
f 127/154/295 129/157/982 479/623/983
f 127/154/295 479/623/983 265/324/491
f 126/153/294 266/325/492 480/624/984
f 126/153/294 480/624/984 125/152/292
f 125/152/292 480/624/984 203/242/398
f 125/152/985 203/242/398 124/151/291
f 481/625/986 482/626/987 483/627/988
f 482/626/987 305/376/563 483/627/988
f 305/376/989 307/378/565 483/627/988
f 465/597/954 484/628/990 466/598/949
f 484/628/990 396/498/977 466/598/949
f 467/629/991 485/630/992 484/631/993
f 467/629/994 484/631/990 465/632/954
f 468/633/995 486/634/996 485/630/992
f 468/633/995 485/630/997 467/629/998
f 469/635/999 487/636/1000 486/634/996
f 469/635/958 486/634/1001 468/633/956
f 470/637/960 488/638/1002 469/635/1003
f 488/638/1002 487/636/1000 469/635/1004
f 471/639/963 489/640/1005 470/637/1006
f 489/640/1005 488/638/1002 470/637/1006
f 472/641/966 490/642/1007 471/639/1008
f 490/642/1007 489/640/1009 471/639/1010
f 491/643/1011 492/644/1012 218/265/431
f 492/644/1012 220/267/830 218/265/431
f 413/520/829 220/267/830 492/644/1012
f 493/645/1013 413/520/1014 492/644/1012
f 412/518/826 413/520/829 493/645/1013
f 494/646/1015 412/518/826 493/645/1016
f 495/647/1017 491/643/1011 218/265/1018
f 495/647/1017 218/265/1019 217/264/430
f 494/646/1015 496/648/1020 411/519/1021
f 494/646/1022 411/519/823 412/518/826
f 416/523/839 411/517/1023 496/649/1020
f 493/650/1013 497/651/1024 494/652/1025
f 497/651/1024 498/653/1026 494/652/1022
f 499/654/1027 500/655/1028 498/653/1026
f 500/655/1028 494/656/1029 498/653/1026
f 496/648/1020 494/646/1030 500/657/1028
f 501/658/1031 502/659/1032 496/648/1033
f 501/658/1031 496/648/1034 500/657/1028
f 462/589/943 464/591/942 502/659/1032
f 462/589/939 502/659/1032 501/658/1031
f 464/592/942 414/521/1035 415/522/1036
f 415/522/837 502/660/1032 464/592/1037
f 415/522/1036 416/523/1038 502/660/1039
f 416/523/1040 496/649/1041 502/660/1042
f 503/661/1043 504/662/1044 499/663/1027
f 504/662/1044 500/664/1028 499/663/1027
f 498/653/1026 505/665/1045 499/654/1046
f 505/665/1045 506/666/1047 499/654/1046
f 503/661/1043 499/663/1048 506/667/1047
f 492/668/1049 507/669/1050 493/650/1016
f 507/669/1050 497/651/1051 493/650/1052
f 492/668/1053 491/670/1011 507/669/1050
f 491/670/1011 508/671/1054 507/669/1050
f 509/672/1055 508/671/1054 495/673/1056
f 508/671/1054 491/670/1057 495/673/1058
f 510/674/1059 511/675/1060 503/661/1043
f 511/675/1060 504/662/1061 503/661/1043
f 503/661/1062 506/667/1047 510/674/1059
f 506/667/1063 512/676/1064 510/674/1059
f 513/677/1065 514/678/1066 511/675/1067
f 513/677/1065 511/675/1060 510/674/1068
f 510/674/1068 512/676/1064 515/679/1069
f 510/674/1070 515/679/1069 513/677/1065
f 516/680/1071 517/681/1072 514/678/1066
f 516/680/1071 514/678/1066 513/677/1065
f 509/672/1055 495/682/1058 517/683/1072
f 509/672/1055 517/683/1073 516/684/1071
f 513/677/1065 515/679/1069 516/680/1071
f 515/685/1074 518/686/1075 516/684/1076
f 518/686/1075 509/672/1055 516/684/1076
f 519/687/1077 512/688/1078 506/666/1079
f 519/687/1077 506/666/1063 505/665/1045
f 518/686/1080 515/685/1081 519/687/1077
f 515/685/1069 512/688/1082 519/687/1083
f 520/689/1084 498/653/1026 497/651/1024
f 497/651/1085 507/669/1086 520/689/1084
f 507/669/1086 521/690/1087 520/689/1084
f 507/669/1050 508/671/1088 521/690/1087
f 508/671/1088 522/691/1089 521/690/1090
f 508/671/1091 509/672/1055 522/691/1089
f 509/672/1055 518/686/1075 522/691/1089
f 518/686/1092 519/687/1077 521/690/1087
f 518/686/1093 521/690/1090 522/691/1094
f 498/653/1095 520/689/1084 505/665/1096
f 519/687/1097 505/665/1098 520/689/1099
f 519/687/1100 520/689/1101 521/690/1102
f 523/692/1103 501/658/1104 500/657/1028
f 523/692/1103 500/657/1028 504/693/1044
f 443/557/940 462/589/1105 501/658/1104
f 443/557/892 501/658/1106 523/692/1103
f 524/694/1107 525/695/1108 140/168/321
f 524/694/1107 140/168/321 432/543/871
f 214/261/427 525/695/1108 215/262/1109
f 525/695/1110 524/694/1107 215/262/428
f 215/262/428 526/696/1111 217/264/433
f 217/264/1112 526/696/1111 517/697/1073
f 217/264/1113 517/697/1073 495/647/1056
f 526/696/1111 527/698/1114 517/697/1072
f 527/698/1114 528/699/1115 514/700/1116
f 527/698/1114 514/700/1066 517/697/1072
f 528/699/1115 529/701/1117 511/702/1060
f 528/699/1115 511/702/1118 514/700/1119
f 529/701/1117 523/692/1120 504/693/1044
f 529/701/1117 504/693/1044 511/702/1121
f 530/703/1122 523/692/1103 529/701/1117
f 443/557/1123 523/692/1103 530/703/1122
f 529/701/1124 528/699/1115 531/704/1125
f 529/701/1117 531/704/1125 530/703/1122
f 528/699/1126 527/698/1114 532/705/1127
f 528/699/1126 532/705/1127 531/704/1125
f 527/698/1114 526/696/1111 533/706/1128
f 527/698/1114 533/706/1128 532/705/1127
f 526/696/1129 215/262/1130 534/707/1131
f 526/696/1132 534/707/1131 533/706/1128
f 215/262/1133 524/694/1134 534/707/1131
f 524/694/1135 535/708/1136 534/707/1131
f 524/694/1137 432/543/871 535/708/1136
f 530/703/1138 436/547/876 443/557/892
f 536/709/1139 434/545/873 436/547/876
f 536/709/1139 436/547/1140 530/703/1141
f 537/710/1142 434/545/873 536/709/1139
f 535/708/1136 432/543/1143 537/710/1142
f 432/543/871 434/545/873 537/710/1142
f 534/707/1131 535/708/1144 537/710/1142
f 533/706/1128 534/707/1145 537/710/1146
f 537/710/1146 532/705/1147 533/706/1128
f 536/709/1139 530/703/1148 531/704/1125
f 531/704/1125 532/705/1149 536/709/1150
f 532/705/1151 537/710/1152 536/709/1139
f 538/711/1153 539/712/1154 540/713/1155
f 541/714/1156 542/715/1157 543/716/1158
f 544/717/1159 545/718/1160 541/714/1156
f 546/719/1161 547/720/1162 548/721/1163
f 546/719/1161 549/722/1164 550/723/1165
f 541/714/1156 545/718/1160 538/711/1153
f 551/724/1166 552/725/1167 541/714/1168
f 553/726/1169 554/727/1170 555/728/1171
f 554/727/1170 556/729/1172 555/728/1171
f 204/243/1173 553/726/1169 557/730/1174
f 553/726/1169 555/728/1171 557/730/1174
f 209/360/410 204/243/399 557/730/1174
f 557/730/1175 558/731/1176 209/360/1177
f 550/723/1165 265/324/1178 559/732/1179
f 265/324/1180 479/623/983 559/732/1179
f 560/733/1181 561/734/1182 562/735/1183
f 561/734/1182 563/736/1184 562/735/1183
f 564/737/1185 565/738/1186 566/739/1187
f 565/738/1186 567/740/1188 566/739/1187
f 481/741/986 568/742/1189 569/743/1190
f 481/741/986 569/743/1190 570/744/1191
f 570/744/1191 569/743/1190 571/745/1192
f 569/743/1193 572/746/1194 571/745/1192
f 573/747/1195 574/748/1196 572/746/1194
f 573/747/1195 572/746/1194 569/743/1197
f 308/380/566 311/384/570 575/749/1198
f 308/380/569 575/749/1198 576/750/1199
f 577/751/1200 578/752/1201 575/749/1202
f 577/751/1200 575/749/1198 311/384/570
f 576/750/1199 575/749/1198 579/753/1203
f 576/750/1199 579/753/1203 580/754/1204
f 578/752/1201 581/755/1205 575/749/1198
f 581/755/1205 579/753/1203 575/749/1202
f 580/754/1204 579/753/1203 582/756/1206
f 580/754/1204 582/756/1206 583/757/1207
f 581/755/1205 584/758/1208 579/753/1203
f 584/758/1208 582/756/1209 579/753/1210
f 585/759/1211 586/760/1212 587/761/1213
f 586/760/1212 588/762/1214 587/761/1213
f 583/757/1207 582/756/1215 588/762/1214
f 583/757/1207 588/762/1214 586/760/1212
f 587/761/1216 588/762/1214 589/763/1217
f 588/762/1214 590/764/1218 589/763/1217
f 582/756/1215 584/758/1219 588/762/1214
f 584/758/1220 590/764/1218 588/762/1221
f 551/724/1166 591/765/1222 592/766/1223
f 593/767/1224 594/768/1225 595/769/1226
f 594/768/1225 596/770/1227 595/769/1226
f 567/740/1188 593/767/1224 595/769/1228
f 567/740/1188 595/769/1228 566/739/1187
f 597/771/1229 598/772/1230 599/773/1231
f 598/772/1230 600/774/1232 599/773/1231
f 601/775/1233 602/776/1234 600/774/1232
f 601/775/1233 600/774/1232 598/772/1230
f 574/748/1196 573/747/1195 602/777/1234
f 573/747/1195 600/778/1232 602/777/1234
f 600/778/1235 573/747/1195 603/779/1236
f 600/778/1235 603/779/1236 599/780/1231
f 569/743/1197 568/742/1189 603/779/1236
f 569/743/1193 603/779/1236 573/747/1237
f 599/781/1231 603/782/1236 604/783/1238
f 599/781/1239 604/783/1238 605/784/1240
f 568/785/1189 606/786/1241 603/782/1236
f 606/786/1241 604/783/1238 603/782/1236
f 607/787/1242 608/788/1243 609/789/1244
f 565/738/1245 145/173/1246 567/740/1188
f 145/173/326 246/299/1247 567/740/1188
f 567/740/1248 246/299/1247 593/767/1249
f 246/299/1250 244/295/464 593/767/1251
f 593/767/1251 244/295/464 242/298/1252
f 593/767/1253 242/298/1252 594/768/1225
f 576/750/1199 539/712/1154 610/790/1254
f 576/750/1199 610/790/1254 308/380/569
f 541/714/1255 552/725/1167 544/717/1159
f 538/711/1153 542/715/1157 541/714/1256
f 545/718/1160 611/791/1257 612/792/1258
f 545/718/1259 612/792/1258 538/711/1153
f 613/793/1260 610/790/1254 614/794/1261
f 610/790/1262 612/792/1258 614/794/1261
f 539/712/1263 538/711/1153 612/792/1258
f 539/712/1263 612/792/1258 610/790/1254
f 615/795/1264 616/796/1265 617/797/1266
f 616/796/1265 618/798/1267 617/797/1266
f 619/799/1268 620/800/1269 621/801/1270
f 619/799/1268 621/801/1270 622/802/1271
f 623/803/1272 619/799/1268 622/802/1271
f 623/803/1272 622/802/1271 624/804/1273
f 625/805/1274 623/803/1272 624/804/1273
f 625/805/1274 624/804/1275 626/806/1276
f 627/807/1277 625/808/1278 626/809/1276
f 627/807/1277 626/809/1276 628/810/1279
f 629/811/1280 627/807/1277 628/810/1279
f 629/811/1280 628/810/1279 630/812/1281
f 317/813/577 629/811/1282 316/814/1283
f 629/811/1284 630/812/1281 316/814/1285
f 631/815/1286 629/811/1280 317/813/581
f 631/815/1286 317/813/577 319/816/579
f 632/817/1287 313/818/1288 630/812/1281
f 313/818/1289 316/814/1285 630/812/1290
f 633/819/1291 324/820/1292 321/821/582
f 633/819/1291 321/821/1293 634/822/1294
f 632/817/1287 634/822/1294 321/821/582
f 632/817/1287 321/821/582 313/818/573
f 232/281/452 230/279/446 635/823/1295
f 230/279/446 636/824/1296 635/823/1295
f 228/275/1297 637/825/1298 636/824/1296
f 228/275/1297 636/824/1296 230/279/1299
f 638/826/1300 635/823/1295 636/824/1296
f 638/826/1300 636/824/1296 639/827/1301
f 636/824/1296 637/825/1298 639/827/1301
f 637/825/1298 640/828/1302 639/827/1301
f 329/829/594 327/830/1303 640/828/1302
f 329/829/594 640/828/1302 637/825/1298
f 641/831/1304 639/827/1301 640/828/1302
f 641/831/1304 640/828/1305 642/832/1306
f 640/828/1307 327/830/591 642/832/1306
f 327/830/1308 325/833/589 642/832/1306
f 633/819/1291 642/832/1306 325/833/589
f 633/819/1291 325/833/1309 324/820/1310
f 637/825/1298 228/275/1311 329/829/1312
f 228/275/1311 227/278/442 329/829/1312
f 236/285/453 234/288/456 618/798/1267
f 234/288/1313 643/834/1314 618/798/1315
f 232/281/1316 635/823/1317 643/835/1314
f 232/281/1316 643/835/1318 234/283/1319
f 618/798/1315 643/834/1318 617/797/1320
f 643/834/1321 644/836/1322 617/797/1266
f 635/823/1295 638/826/1300 644/837/1322
f 635/823/1295 644/837/1322 643/835/1321
f 645/838/1323 617/797/1320 646/839/1324
f 617/797/1325 644/836/1326 646/839/1324
f 644/837/1326 638/826/1327 646/840/1324
f 638/826/1300 647/841/1328 646/840/1324
f 639/827/1301 641/831/1304 647/841/1328
f 639/827/1301 647/841/1329 638/826/1330
f 648/842/1331 646/840/1324 647/841/1332
f 648/842/1331 647/841/1328 649/843/1333
f 647/841/1334 641/831/1304 649/843/1333
f 641/831/1304 650/844/1335 649/843/1333
f 642/832/1306 633/819/1291 641/831/1336
f 633/819/1291 650/844/1335 641/831/1337
f 649/843/1333 650/844/1335 651/845/1338
f 649/843/1339 651/845/1338 652/846/1340
f 633/819/1341 634/822/1294 650/844/1342
f 634/822/1343 651/845/1344 650/844/1345
f 652/846/1340 651/845/1344 653/847/1346
f 652/846/1340 653/847/1346 654/848/1347
f 634/822/1348 632/817/1287 651/845/1338
f 632/817/1287 653/847/1346 651/845/1344
f 654/848/1347 653/847/1346 628/810/1349
f 654/848/1347 628/810/1349 626/809/1276
f 653/847/1350 632/817/1287 630/812/1290
f 653/847/1350 630/812/1351 628/810/1349
f 625/808/1352 627/807/1277 655/849/1353
f 625/808/1274 655/849/1353 656/850/1354
f 629/811/1280 631/815/1286 627/807/1277
f 631/815/1286 655/849/1355 627/807/1277
f 618/798/1356 616/796/1357 236/285/453
f 616/796/1265 238/289/457 236/285/1358
f 238/289/1359 616/796/1357 657/851/1360
f 238/289/1359 657/851/1360 240/291/1361
f 616/796/1357 615/795/1264 658/852/1362
f 616/796/1357 658/852/1362 657/851/1360
f 658/852/1362 615/795/1363 659/853/1364
f 658/852/1365 659/853/1364 660/854/1366
f 617/797/1325 645/838/1323 615/795/1264
f 645/838/1323 659/853/1367 615/795/1264
f 661/855/1368 660/854/1366 662/856/1369
f 660/854/1366 659/853/1370 662/856/1369
f 659/853/1371 645/838/1372 662/856/1373
f 645/838/1323 663/857/1374 662/856/1373
f 646/839/1375 648/858/1331 645/838/1376
f 648/858/1331 663/857/1374 645/838/1377
f 664/859/1378 662/856/1373 665/860/1379
f 662/856/1380 663/857/1374 665/860/1379
f 663/857/1374 648/858/1331 666/861/1381
f 663/857/1374 666/861/1381 665/860/1379
f 665/860/1379 666/861/1381 667/862/1382
f 665/860/1379 667/862/1382 668/863/1383
f 652/864/1340 654/865/1347 666/861/1381
f 654/865/1347 667/862/1384 666/861/1385
f 668/863/1383 667/862/1384 624/804/1275
f 668/863/1383 624/804/1273 622/802/1386
f 667/862/1384 654/865/1347 626/806/1276
f 667/862/1387 626/806/1276 624/804/1275
f 625/805/1352 656/866/1354 623/803/1272
f 656/866/1354 669/867/1388 623/803/1272
f 612/792/1258 611/791/1257 670/868/1389
f 612/792/1390 670/868/1389 614/794/1261
f 662/856/1391 664/859/1378 661/855/1368
f 664/859/1378 671/869/1392 661/855/1393
f 671/869/1392 664/859/1378 672/870/1394
f 671/869/1392 672/870/1394 312/385/572
f 665/860/1379 668/863/1395 664/859/1378
f 668/863/1396 672/870/1394 664/859/1378
f 672/870/1394 668/863/1395 622/802/1271
f 672/870/1394 622/802/1397 621/801/1270
f 203/242/1398 480/624/984 673/871/1399
f 480/624/984 674/872/1400 673/871/1399
f 674/872/1400 675/873/1401 676/874/1402
f 674/872/1403 676/874/1402 673/871/1399
f 677/875/1404 678/876/1405 676/874/1406
f 677/875/1404 676/874/1407 675/873/1401
f 673/871/1408 676/874/1406 553/726/1169
f 676/874/1409 554/727/1170 553/726/1410
f 676/874/1407 678/876/1405 554/727/1170
f 556/729/1172 679/877/1411 555/728/1412
f 678/876/1405 680/878/1413 554/727/1414
f 680/878/1413 556/729/1172 554/727/1415
f 679/877/1411 556/729/1172 681/879/1416
f 679/877/1411 681/879/1416 682/880/1417
f 680/878/1413 683/881/1418 556/729/1172
f 683/881/1418 681/879/1416 556/729/1419
f 682/880/1417 681/879/1416 608/788/1243
f 681/879/1416 684/882/1420 608/788/1243
f 683/881/1421 685/883/1422 684/882/1420
f 683/881/1418 684/882/1420 681/879/1416
f 608/788/1423 684/882/1420 609/789/1244
f 684/882/1420 686/884/1424 609/789/1425
f 685/883/1422 687/885/1426 686/884/1424
f 685/883/1422 686/884/1427 684/882/1428
f 609/886/1244 686/887/1424 688/888/1429
f 609/886/1244 688/888/1429 689/889/1430
f 687/890/1426 690/891/1431 686/887/1424
f 690/891/1431 688/888/1429 686/887/1432
f 689/889/1430 688/888/1429 293/892/537
f 688/888/1429 691/893/1433 293/892/537
f 690/891/1431 692/894/1434 688/888/1435
f 692/894/1434 691/893/1433 688/888/1436
f 563/736/1184 693/895/1437 694/896/1438
f 563/736/1439 694/896/1438 562/735/1183
f 597/897/1229 695/898/1440 696/899/1441
f 695/898/1440 697/900/1442 696/899/1441
f 562/735/1183 694/896/1438 697/900/1442
f 562/735/1443 697/900/1442 695/898/1440
f 698/901/1444 699/902/1445 700/903/1446
f 699/902/1445 701/904/1447 700/903/1446
f 696/899/1441 697/900/1442 592/905/1223
f 697/900/1442 701/904/1447 592/905/1223
f 694/896/1438 700/903/1446 701/904/1447
f 694/896/1438 701/904/1447 697/900/1448
f 541/714/1256 702/906/1449 551/724/1166
f 585/759/1211 591/765/1222 702/906/1449
f 591/765/1222 551/724/1450 702/906/1449
f 552/907/1451 551/908/1166 703/909/1452
f 551/908/1166 704/910/1453 703/909/1452
f 592/905/1223 704/910/1453 551/908/1454
f 701/904/1447 699/902/1455 704/910/1453
f 701/904/1447 704/910/1453 592/905/1223
f 566/739/1456 703/909/1452 564/737/1185
f 703/909/1452 705/911/1457 564/737/1185
f 704/910/1458 699/902/1459 703/909/1452
f 699/902/1460 705/911/1457 703/909/1452
f 564/737/1185 705/911/1457 706/912/1461
f 564/737/1462 706/912/1461 707/913/1463
f 699/902/1464 698/901/1444 705/911/1457
f 698/901/1465 706/912/1461 705/911/1457
f 479/914/983 708/915/1466 559/916/1467
f 708/915/1466 709/917/1468 559/916/1469
f 706/912/1470 698/901/1444 709/917/1468
f 706/912/1470 709/917/1468 708/915/1466
f 559/916/1467 709/917/1468 710/918/1471
f 709/917/1472 711/919/1473 710/918/1471
f 698/901/1444 700/903/1446 711/919/1473
f 698/901/1474 711/919/1473 709/917/1472
f 694/896/1475 693/895/1437 700/903/1446
f 693/895/1437 711/919/1473 700/903/1446
f 711/919/1473 693/895/1476 291/357/535
f 711/919/1473 291/357/535 710/918/1471
f 563/736/1184 292/358/536 693/895/1476
f 292/358/536 291/357/535 693/895/1476
f 710/920/1471 291/921/535 547/720/1162
f 291/921/1477 712/922/1478 547/720/1162
f 293/892/537 712/922/1478 291/921/1477
f 710/920/1471 547/720/1162 546/719/1161
f 710/920/1471 546/719/1479 559/732/1480
f 548/721/1163 549/722/1164 546/719/1481
f 550/723/1165 559/732/1482 546/719/1483
f 562/735/1484 695/898/1440 560/733/1181
f 695/898/1440 605/784/1240 560/733/1485
f 597/897/1229 599/781/1231 695/898/1486
f 599/781/1487 605/784/1240 695/898/1486
f 564/737/1185 707/913/1463 565/738/1186
f 707/913/1463 713/923/1488 565/738/1186
f 609/924/1489 689/925/1430 714/926/1490
f 689/925/1491 715/927/1492 714/926/1490
f 293/359/1493 292/358/1494 715/927/1492
f 293/359/537 715/927/1492 689/925/1495
f 563/736/1496 561/734/1182 292/358/536
f 561/734/1497 715/927/1492 292/358/1498
f 585/759/1211 702/906/1449 543/716/1158
f 585/759/1211 543/716/1158 586/760/1499
f 543/716/1158 702/906/1500 541/714/1501
f 583/757/1207 586/760/1499 543/716/1158
f 583/757/1207 543/716/1158 542/715/1502
f 703/909/1452 566/739/1456 552/907/1451
f 566/739/1187 544/928/1159 552/907/1167
f 716/929/1503 544/928/1159 595/769/1228
f 716/929/1503 595/769/1504 596/770/1227
f 595/769/1226 544/928/1505 566/739/1456
f 580/754/1204 583/757/1506 540/713/1155
f 583/757/1207 542/715/1157 540/713/1155
f 576/750/1199 580/754/1507 540/713/1155
f 576/750/1508 540/713/1155 539/712/1509
f 540/713/1510 542/715/1511 538/711/1512
f 597/771/1513 696/930/1514 717/931/1515
f 597/771/1513 717/931/1515 598/772/1230
f 592/766/1516 591/765/1222 696/930/1517
f 591/765/1222 717/931/1515 696/930/1518
f 585/759/1519 587/761/1520 717/931/1515
f 585/759/1519 717/931/1515 591/765/1222
f 589/763/1521 718/932/1522 587/761/1213
f 718/932/1522 717/931/1515 587/761/1213
f 601/775/1233 598/772/1230 718/932/1523
f 598/772/1230 717/931/1524 718/932/1522
f 577/751/1200 311/384/570 570/744/1191
f 577/751/1200 570/744/1191 571/745/1192
f 609/924/1525 714/926/1526 607/933/1242
f 682/880/1417 608/788/1527 476/618/978
f 608/788/1528 607/787/1242 476/618/978
f 719/934/1529 682/880/1417 476/618/1530
f 679/877/1411 682/880/1417 719/934/1529
f 679/877/1531 719/934/1532 558/731/1176
f 679/877/1531 558/731/1176 557/730/1175
f 679/877/1533 557/730/1175 555/728/1412
f 558/731/1534 213/935/1535 209/360/1177
f 673/871/1408 553/726/1536 203/242/1537
f 553/726/1169 204/243/399 203/242/1398
f 674/872/1403 480/624/984 266/325/492
f 674/872/1400 266/325/492 720/936/1538
f 550/723/1165 720/936/1538 265/324/1180
f 720/936/1539 266/325/1540 265/324/1541
f 675/873/1401 674/872/1400 720/936/1542
f 675/873/1401 720/936/1538 721/937/1543
f 549/722/1164 721/937/1543 720/936/1539
f 549/722/1164 720/936/1544 550/723/1165
f 677/875/1545 675/873/1401 722/938/1546
f 675/873/1401 721/937/1547 722/938/1546
f 482/939/987 570/744/1191 310/383/568
f 482/939/987 310/383/1548 305/379/1549
f 570/744/1191 482/939/987 481/741/1550
f 723/940/1551 722/938/1546 721/937/1543
f 723/940/1551 721/937/1547 549/722/1164
f 548/721/1163 724/941/1552 723/940/1551
f 548/721/1163 723/940/1551 549/722/1553
f 725/942/1554 726/943/1555 724/941/1552
f 725/942/1554 724/941/1552 548/721/1163
f 692/894/1434 726/943/1555 691/893/1433
f 726/943/1555 725/942/1554 691/893/1433
f 293/892/1556 691/893/1433 712/922/1478
f 691/893/1557 725/942/1558 712/922/1478
f 547/720/1559 712/922/1478 548/721/1163
f 712/922/1560 725/942/1558 548/721/1561
f 727/944/1562 728/945/1563 130/158/306
f 727/944/1562 130/158/1564 128/155/298
f 131/159/303 130/158/1564 728/945/1563
f 729/946/1565 730/947/1566 731/948/1567
f 731/948/1567 732/949/1568 733/950/1569
f 732/949/1568 734/951/1570 733/950/1569
f 735/952/1571 736/953/1572 737/954/1573
f 737/954/1573 738/955/1574 735/952/1571
f 738/955/1574 734/951/1570 732/949/1568
f 738/955/1574 732/949/1575 735/952/1571
f 731/948/1567 733/950/1569 729/946/1565
f 739/956/1576 729/957/1565 733/958/1577
f 739/956/1576 733/958/1569 740/959/1578
f 740/959/1578 733/958/1577 734/960/1570
f 740/959/1578 734/960/1570 741/961/1579
f 741/961/1579 734/960/1570 738/962/1574
f 741/961/1579 738/962/1574 742/963/1580
f 743/964/1581 742/963/1580 738/962/1574
f 730/965/1566 729/957/1565 744/966/1582
f 729/957/1565 739/956/1576 744/966/1582
f 744/966/1582 745/967/1583 730/965/1566
f 730/965/1584 745/967/1583 746/968/1585
f 730/965/1584 746/968/1585 731/969/1567
f 746/968/1585 747/970/1586 731/969/1567
f 747/970/1586 732/971/1587 731/969/1567
f 747/970/1586 748/972/1588 732/973/1587
f 748/972/1588 735/974/1571 732/973/1589
f 738/975/1574 737/976/1573 743/977/1581
f 737/976/1590 749/978/1591 743/977/1581
f 748/972/1592 750/979/1593 735/974/1571
f 750/979/1593 736/980/1572 735/974/1571
f 737/976/1590 736/980/1572 749/978/1591
f 736/980/1594 750/979/1593 749/978/1591
f 751/981/1595 743/982/1596 749/978/1597
f 749/978/1591 750/979/1593 751/981/1595
f 750/979/1593 752/983/1598 751/981/1599
f 753/984/1600 751/981/1601 752/983/1598
f 750/979/1602 748/972/1592 752/983/1598
f 754/985/1603 753/984/1600 755/986/1604
f 753/984/1600 752/983/1598 755/986/1604
f 755/986/1604 752/983/1605 748/972/1588
f 755/986/1606 748/972/1607 747/970/1586
f 755/986/1606 747/970/1586 746/968/1585
f 755/986/1604 746/968/1585 754/985/1603
f 746/968/1585 745/967/1583 754/985/1603
f 756/987/1608 754/985/1603 745/967/1583
f 756/987/1608 745/967/1609 744/966/1582
f 757/988/1610 741/989/1611 758/990/1612
f 741/989/1579 742/991/1613 758/990/1612
f 727/944/1614 128/155/298 118/145/277
f 727/944/1614 118/145/277 759/992/1615
f 714/926/1616 715/927/1617 760/993/1618
f 714/926/1619 760/993/1618 761/994/1620
f 761/994/1620 762/995/1621 714/926/1622
f 762/995/1621 607/933/1623 714/926/1490
f 763/996/1624 764/997/1625 571/745/1626
f 763/996/1624 571/745/1626 572/746/1194
f 764/997/1625 577/751/1200 571/745/1627
f 765/998/1628 578/752/1629 577/751/1630
f 765/998/1628 577/751/1200 764/997/1625
f 766/999/1631 581/755/1205 765/998/1632
f 581/755/1205 578/752/1633 765/998/1634
f 766/999/1631 584/758/1208 581/755/1635
f 759/992/1615 118/145/277 119/146/1636
f 767/1000/1637 606/786/1638 568/785/1639
f 767/1000/1637 568/785/1639 768/1001/1640
f 769/1002/1641 590/764/1218 584/758/1208
f 769/1002/1641 584/758/1219 766/999/1631
f 770/1003/1642 589/763/1521 590/764/1218
f 770/1003/1642 590/764/1643 769/1002/1641
f 770/1003/1642 718/932/1522 589/763/1644
f 771/1004/1645 601/775/1233 718/932/1522
f 771/1004/1645 718/932/1646 770/1003/1642
f 772/1005/1647 773/1006/1648 606/786/1638
f 772/1005/1647 606/786/1241 767/1000/1649
f 768/1001/1640 568/785/1650 481/1007/986
f 774/1008/1651 602/776/1652 771/1004/1645
f 602/776/1652 601/775/1653 771/1004/1645
f 774/1009/1651 574/748/1196 602/777/1654
f 763/996/1624 572/746/1655 574/748/1196
f 763/996/1656 574/748/1657 774/1009/1651
f 775/1010/1658 776/1011/1659 765/998/1632
f 776/1011/1659 766/999/1660 765/998/1661
f 764/997/1662 777/1012/1663 765/998/1664
f 777/1012/1663 775/1010/1658 765/998/1664
f 769/1002/1641 766/999/1660 778/1013/1665
f 766/999/1631 776/1011/1659 778/1013/1665
f 770/1003/1642 769/1002/1666 779/1014/1667
f 769/1002/1668 778/1013/1669 779/1014/1667
f 771/1004/1670 770/1003/1642 780/1015/1671
f 770/1003/1642 779/1014/1667 780/1015/1671
f 781/1016/1672 782/1017/1673 780/1018/1674
f 781/1016/1672 780/1018/1671 779/1019/1667
f 780/1015/1674 783/1020/1675 771/1004/1676
f 783/1020/1675 774/1008/1651 771/1004/1676
f 782/1017/1673 784/1021/1677 783/1022/1675
f 782/1017/1673 783/1022/1675 780/1018/1671
f 778/1023/1669 785/1024/1678 781/1016/1679
f 778/1023/1669 781/1016/1672 779/1019/1680
f 763/996/1681 786/1025/1682 764/997/1625
f 786/1025/1682 777/1012/1683 764/997/1662
f 774/1009/1684 783/1026/1675 763/996/1681
f 783/1026/1685 786/1025/1682 763/996/1624
f 786/1027/1682 783/1028/1686 784/1029/1677
f 786/1027/1687 784/1029/1688 787/1030/1689
f 788/1031/1690 786/1027/1691 787/1030/1689
f 788/1031/1690 787/1030/1689 789/1032/1692
f 790/1033/1693 791/1034/1694 785/1024/1678
f 790/1033/1693 785/1024/1678 778/1023/1665
f 778/1023/1695 776/1035/1659 790/1033/1696
f 788/1031/1690 777/1036/1663 786/1027/1697
f 775/1037/1658 777/1036/1698 788/1031/1690
f 775/1037/1658 788/1031/1690 792/1038/1699
f 775/1037/1700 793/1039/1701 790/1033/1696
f 775/1037/1700 790/1033/1696 776/1035/1659
f 775/1037/1658 792/1038/1699 793/1039/1701
f 794/1040/1702 791/1034/1694 793/1039/1703
f 791/1034/1694 790/1033/1693 793/1039/1701
f 792/1038/1699 795/1041/1704 793/1039/1705
f 795/1041/1704 794/1042/1702 793/1039/1706
f 788/1031/1690 789/1032/1692 792/1038/1699
f 789/1032/1707 795/1041/1704 792/1038/1708
f 785/1043/1678 791/1044/1694 789/1045/1707
f 791/1044/1709 794/1046/1702 795/1047/1710
f 791/1044/1711 795/1047/1712 789/1045/1692
f 785/1043/1678 784/1048/1677 782/1049/1673
f 785/1043/1678 789/1045/1707 787/1050/1713
f 785/1043/1678 787/1050/1713 784/1048/1688
f 782/1049/1673 781/1051/1714 785/1043/1678
f 671/869/1392 309/1052/567 613/1053/1260
f 796/1054/1715 604/783/1716 773/1006/1648
f 604/783/1716 606/786/1717 773/1006/1648
f 796/1054/1715 797/1055/1718 605/784/1240
f 796/1054/1715 605/784/1240 604/783/1238
f 798/1056/1719 560/733/1720 605/784/1240
f 798/1056/1719 605/784/1721 797/1055/1718
f 799/1057/1722 561/734/1497 560/733/1723
f 799/1057/1722 560/733/1723 798/1056/1719
f 760/993/1724 715/927/1492 561/734/1725
f 760/993/1618 561/734/1726 799/1057/1727
f 311/384/570 310/383/1728 570/744/1729
f 613/793/1730 309/382/1731 610/790/1254
f 309/382/567 308/380/569 610/790/1254
f 611/791/1257 800/1058/1732 670/868/1389
f 611/791/1733 545/718/1259 800/1058/1732
f 545/718/1160 544/717/1159 800/1058/1732
f 716/929/1503 800/1059/1734 544/928/1735
f 671/869/1736 613/1053/1260 661/855/1368
f 613/1053/1730 614/1060/1737 661/855/1368
f 660/854/1366 661/855/1738 614/1060/1261
f 660/854/1366 614/1060/1261 670/1061/1389
f 670/1061/1739 800/1062/1732 660/854/1740
f 660/854/1366 800/1062/1732 658/852/1362
f 800/1062/1741 716/1063/1742 658/852/1362
f 762/995/1621 478/1064/980 477/1065/979
f 762/995/1621 477/1065/1743 607/933/1623
f 477/619/1744 476/618/1745 607/787/1746
f 657/851/1747 594/1066/1748 242/293/1749
f 657/851/1750 242/293/1751 240/291/459
f 596/1067/1227 658/852/1362 716/1063/1752
f 594/1066/1748 657/851/1360 596/1067/1227
f 657/851/1753 658/852/1362 596/1067/1227
f 309/1052/1731 312/385/572 306/377/571
f 309/1052/1731 671/869/1754 312/385/572
f 672/870/1755 307/378/565 312/385/572
f 307/378/1756 672/870/1757 621/801/1758
f 483/627/988 307/378/1756 620/800/1269
f 483/627/1759 768/1068/1640 481/625/1760
f 669/867/1388 801/1069/1761 623/803/1272
f 801/1069/1761 619/799/1268 623/803/1272
f 669/867/1762 802/1070/1763 801/1069/1764
f 803/1071/1765 620/800/1766 801/1069/1761
f 620/800/1767 619/799/1268 801/1069/1761
f 804/1072/1768 803/1071/1765 802/1070/1763
f 803/1071/1765 801/1069/1761 802/1070/1763
f 483/627/1769 805/1073/1770 768/1068/1640
f 805/1073/1770 767/1074/1637 768/1068/1640
f 620/800/1767 803/1071/1771 483/627/1769
f 803/1071/1765 805/1073/1772 483/627/988
f 805/1073/1773 803/1071/1771 804/1072/1768
f 805/1073/1770 804/1072/1768 806/1075/1774
f 767/1074/1637 805/1073/1775 806/1075/1774
f 767/1074/1776 806/1075/1774 772/1076/1777
f 621/801/1778 620/800/1767 307/378/565
f 666/861/1381 648/858/1779 652/864/1340
f 648/842/1779 649/843/1780 652/846/1781
f 145/173/1782 565/738/1245 143/171/324
f 565/738/1783 713/923/1488 143/171/324
f 558/731/1784 719/934/1785 154/1077/339
f 558/731/1786 154/1077/1787 213/935/1788
f 119/146/280 120/147/282 759/992/1615
f 728/945/1563 147/175/333 143/171/324
f 728/945/1563 727/944/1562 147/175/328
f 727/944/1789 149/177/330 147/175/1790
f 727/944/1614 759/992/1615 149/177/1791
f 759/992/1792 151/179/334 149/177/1791
f 120/147/282 121/148/284 151/179/334
f 120/147/282 151/179/334 759/992/1792
f 121/148/1793 138/166/319 151/179/1794
f 138/166/319 152/180/335 151/179/334
f 728/945/1563 143/171/1795 713/923/1488
f 728/945/1563 713/923/1796 131/159/303
f 758/990/1612 742/991/1580 807/1078/1797
f 742/991/1580 743/1079/1798 807/1078/1797
f 807/1080/1799 743/1081/1800 808/1082/1801
f 743/1081/1802 751/1083/1803 808/1082/1801
f 757/988/1610 809/1084/1804 740/1085/1578
f 757/988/1610 740/1085/1805 741/989/1806
f 131/159/1807 713/923/1808 707/913/1463
f 131/159/1809 707/913/1463 132/160/1810
f 707/913/1811 706/912/1470 708/915/1466
f 810/1086/1812 811/1087/1813 812/1088/1814
f 810/1086/1812 812/1088/1814 813/515/1815
f 810/1086/1816 813/515/1815 814/1089/1817
f 815/1090/1818 810/1086/1812 814/1089/1817
f 813/515/1819 816/513/1820 814/1089/1817
f 816/513/1820 817/1091/1821 814/1089/1817
f 817/1091/1821 816/513/1820 818/1092/1822
f 819/1093/1823 820/1094/1824 821/490/1825
f 820/1094/1824 822/1095/1826 821/490/1825
f 819/1093/1823 821/490/1825 823/489/1827
f 822/1096/1826 818/1092/1822 821/514/1825
f 818/1092/1828 816/513/1829 821/514/1830
f 824/1097/1831 825/1098/1832 820/1094/1833
f 824/1097/1831 820/1094/1833 819/1093/1834
f 825/1098/1832 824/1097/1831 826/1099/1835
f 826/1099/1835 824/1097/1836 827/500/1837
f 827/500/1837 824/1097/1831 828/488/1838
f 824/1097/1831 819/1093/1823 828/488/1838
f 819/1093/1834 823/489/1827 828/488/1838
f 829/617/1839 826/1099/1840 827/500/1837
f 826/1099/1835 829/617/1839 830/1100/1841
f 829/617/1842 831/598/1843 830/1100/1841
f 831/598/1843 832/594/1844 830/1100/1841
f 833/1101/1845 834/1102/1846 835/1103/1847
f 836/1104/1848 837/1105/1849 838/1106/1850
f 836/1104/1848 838/1106/1850 839/1107/1851
f 838/1106/1850 840/1108/1852 839/1107/1851
f 840/1108/1852 841/1109/1853 839/1107/1851
f 837/1110/1849 836/593/1848 842/516/1854
f 837/1110/1849 842/516/1854 813/515/1815
f 812/1088/1814 837/1110/1849 813/515/1815
f 843/1111/1855 838/1106/1850 837/1105/1856
f 843/1111/1855 837/1105/1857 812/1112/1858
f 844/1113/1859 840/1108/1860 843/1111/1855
f 840/1108/1852 838/1106/1850 843/1111/1855
f 845/1114/1861 846/1115/1862 840/1108/1860
f 845/1114/1861 840/1108/1860 844/1113/1859
f 847/1116/1863 848/1117/1864 846/1115/1862
f 847/1116/1863 846/1115/1862 845/1114/1865
f 849/1118/1866 850/1119/1867 848/1117/1864
f 849/1118/1866 848/1117/1864 847/1116/1863
f 851/1120/1868 852/1121/1869 849/1118/1866
f 852/1121/1869 850/1119/1867 849/1118/1866
f 853/1122/1870 854/1123/1871 851/1120/1868
f 854/1123/1871 852/1121/1869 851/1120/1868
f 855/1124/1872 856/1125/1873 854/1123/1871
f 855/1124/1872 854/1123/1871 853/1122/1870
f 857/498/1874 856/361/1873 855/628/1875
f 858/236/1876 859/238/1877 860/234/1878
f 861/1077/1879 862/620/1880 863/934/1881
f 864/938/1882 865/1126/1883 866/940/1884
f 865/1126/1883 864/938/1882 867/1127/1885
f 864/938/1882 868/875/1886 867/1127/1885
f 867/1127/1885 868/875/1886 869/1084/1887
f 868/875/1888 870/876/1889 869/1084/1887
f 869/1084/1890 870/876/1889 871/988/1891
f 870/876/1889 872/878/1892 871/988/1891
f 871/988/1891 872/878/1892 873/881/1893
f 871/988/1891 873/881/1893 874/990/1894
f 874/990/1894 873/881/1893 875/883/1895
f 874/990/1894 875/883/1895 876/1078/1896
f 875/883/1897 877/885/1898 876/1078/1896
f 876/1080/1899 877/890/1898 878/1082/1900
f 877/890/1898 879/891/1901 878/1082/1900
f 878/1082/1900 879/891/1901 880/1128/1902
f 879/891/1901 881/894/1903 880/1128/1902
f 880/1128/1902 881/894/1903 882/943/1904
f 880/1128/1905 882/943/1904 883/1129/1906
f 883/1129/1906 882/943/1907 884/1130/1908
f 882/943/1904 885/941/1909 884/1130/1908
f 884/1130/1908 885/941/1909 866/940/1884
f 884/1130/1908 866/940/1884 865/1126/1883
f 880/1128/1910 883/1129/1906 886/1131/1911
f 880/1128/1912 886/1131/1911 887/1132/1913
f 888/254/1914 889/259/1915 890/253/1916
f 891/914/1917 892/915/1918 893/156/1919
f 894/1133/1920 886/1131/1911 884/1130/1921
f 886/1131/1911 883/1129/1922 884/1130/1908
f 880/1128/1923 887/1132/1913 878/1082/1924
f 887/1132/1925 895/1083/1926 878/1082/1900
f 893/156/1919 892/915/1918 896/913/1927
f 893/156/1919 896/913/1927 897/160/1928
f 862/620/1880 898/618/1929 863/934/1881
f 899/1134/1930 894/1133/1920 865/1126/1883
f 894/1133/1920 884/1130/1908 865/1126/1883
f 900/1135/1931 899/1134/1930 867/1127/1932
f 899/1134/1930 865/1126/1933 867/1127/1932
f 901/1085/1934 900/1135/1931 867/1127/1932
f 901/1085/1934 867/1127/1932 869/1084/1887
f 812/1112/1935 811/1136/1813 843/1111/1936
f 811/1136/1813 902/1137/1937 843/1111/1938
f 903/1138/1939 844/1113/1940 902/1137/1937
f 844/1113/1941 843/1111/1936 902/1137/1942
f 892/915/1918 904/912/1943 896/913/1927
f 897/160/1928 896/913/1927 905/159/1944
f 896/913/1927 906/923/1945 905/159/1944
f 907/989/1946 901/1085/1947 871/988/1891
f 901/1085/1934 869/1084/1887 871/988/1948
f 878/1082/1949 895/1083/1926 908/1081/1950
f 878/1082/1900 908/1081/1950 876/1080/1896
f 876/1078/1896 908/1079/1951 909/991/1952
f 876/1078/1953 909/991/1952 874/990/1894
f 905/159/1944 906/923/1945 910/945/1954
f 906/923/1945 911/171/1955 910/945/1954
f 912/179/1956 152/180/1957 138/166/319
f 912/179/1956 138/166/319 913/148/1958
f 914/992/1959 912/179/1956 915/147/1960
f 912/179/1956 913/148/1958 915/147/1960
f 916/177/1961 912/179/1956 914/992/1959
f 916/177/1961 914/992/1959 917/944/1962
f 918/175/1963 916/177/1964 917/944/1962
f 918/175/1963 917/944/1962 910/945/1965
f 911/171/1955 918/175/1963 910/945/1965
f 914/992/1959 915/147/1960 919/146/1966
f 889/935/1915 861/1077/1879 920/731/1967
f 861/1077/1879 863/934/1881 920/731/1967
f 911/171/1955 906/923/1945 921/738/1968
f 911/171/1955 921/738/1968 922/173/1969
f 923/846/1970 924/843/1971 925/842/1972
f 923/864/1970 925/858/1972 926/861/1973
f 927/378/1974 928/800/1975 929/801/1976
f 772/1076/1647 806/1075/1774 930/1074/1977
f 806/1075/1774 931/1073/1978 930/1074/1977
f 806/1075/1979 804/1072/1768 931/1073/1978
f 804/1072/1768 932/1071/1980 931/1073/1978
f 933/627/1981 931/1073/1978 932/1071/1980
f 933/627/1981 932/1071/1980 928/800/1975
f 934/1068/1982 930/1074/1977 931/1073/1978
f 934/1068/1982 931/1073/1983 933/627/1981
f 802/1070/1984 935/1069/1985 932/1071/1986
f 802/1070/1987 932/1071/1988 804/1072/1989
f 935/1069/1985 936/799/1990 928/800/1975
f 935/1069/1985 928/800/1975 932/1071/1991
f 935/1069/1992 802/1070/1993 669/867/1388
f 937/803/1994 936/799/1990 935/1069/1995
f 937/803/1994 935/1069/1985 669/867/1996
f 938/625/1997 934/1068/1982 933/627/1981
f 928/800/1998 927/378/1974 933/627/1981
f 929/801/1976 939/870/1999 927/378/2000
f 940/385/2001 927/378/1974 939/870/1999
f 940/385/2001 941/869/2002 942/1052/2003
f 943/377/2004 940/385/2001 942/1052/2003
f 944/1067/2005 945/852/2006 946/851/2007
f 944/1067/2005 946/851/2007 947/1066/2008
f 948/1063/2009 945/852/2006 944/1067/2005
f 949/291/2010 950/293/2011 946/851/2007
f 950/293/2011 947/1066/2008 946/851/2007
f 951/787/2012 898/618/1929 952/619/2013
f 951/933/2012 952/1065/2013 762/995/2014
f 952/1065/2015 478/1064/2016 762/995/1621
f 945/852/2006 948/1063/2009 953/1062/2017
f 945/852/2006 953/1062/2017 954/854/2018
f 954/854/2018 953/1062/2017 955/1061/2019
f 955/1061/2019 956/1060/2020 954/854/2021
f 956/1060/2020 957/855/2022 954/854/2018
f 957/855/2022 956/1060/2020 958/1053/2023
f 957/855/2022 958/1053/2023 941/869/2002
f 959/928/2024 953/1059/2025 948/929/2009
f 953/1058/2026 959/717/2024 960/718/2027
f 953/1058/2028 960/718/2027 961/791/2029
f 955/868/2030 953/1058/2031 961/791/2029
f 962/790/2032 963/380/2033 942/382/2003
f 962/790/2032 942/382/2034 958/793/2035
f 964/744/2036 965/383/2037 966/384/2038
f 799/1057/2039 967/734/2040 760/993/1618
f 967/734/2040 968/927/2041 760/993/2042
f 798/1056/1719 969/733/2043 799/1057/2044
f 969/733/2043 967/734/2045 799/1057/2046
f 797/1055/2047 970/784/2048 798/1056/2049
f 970/784/2048 969/733/2043 798/1056/2050
f 971/783/2051 970/784/2048 796/1054/2052
f 970/784/2053 797/1055/2054 796/1054/2055
f 773/1006/2056 972/786/2057 971/783/2051
f 773/1006/2058 971/783/2051 796/1054/2059
f 958/1053/2060 942/1052/2003 941/869/2002
f 973/1043/2061 974/1051/2062 975/1049/2063
f 976/1048/2064 977/1050/2065 973/1043/2061
f 977/1050/2065 978/1045/2066 973/1043/2061
f 975/1049/2063 976/1048/2064 973/1043/2067
f 978/1045/2066 979/1047/2068 980/1044/2069
f 979/1047/2068 981/1046/2070 980/1044/2069
f 978/1045/2066 980/1044/2069 973/1043/2067
f 982/1038/2071 979/1041/2068 978/1032/2066
f 982/1038/2071 978/1032/2072 983/1031/2073
f 984/1039/2074 981/1042/2070 979/1041/2075
f 984/1039/2074 979/1041/2076 982/1038/2071
f 984/1039/2074 985/1033/2077 980/1034/2078
f 984/1039/2074 980/1034/2078 981/1040/2070
f 984/1039/2074 982/1038/2071 986/1037/2079
f 987/1035/2080 985/1033/2077 986/1037/2079
f 985/1033/2077 984/1039/2081 986/1037/2079
f 982/1038/2082 983/1031/2073 986/1037/2083
f 983/1031/2073 988/1036/2084 986/1037/2079
f 989/1027/2085 988/1036/2084 983/1031/2086
f 985/1033/2077 987/1035/2080 990/1023/2087
f 990/1023/2087 973/1024/2061 985/1033/2077
f 973/1024/2067 980/1034/2078 985/1033/2088
f 978/1032/2089 977/1030/2065 983/1031/2086
f 977/1030/2065 989/1027/2085 983/1031/2090
f 977/1030/2065 976/1029/2091 989/1027/2085
f 976/1029/2064 991/1028/2092 989/1027/2093
f 992/996/2094 989/1025/2093 991/1026/2092
f 992/996/2094 991/1026/2092 993/1009/2095
f 994/997/2096 988/1012/2084 989/1025/2093
f 994/997/2096 989/1025/2097 992/996/2094
f 995/1019/2098 974/1016/2062 990/1023/2099
f 974/1016/2062 973/1024/2100 990/1023/2101
f 996/1018/2102 991/1022/2092 975/1017/2063
f 991/1022/2092 976/1021/2064 975/1017/2103
f 997/1004/2104 993/1008/2095 991/1020/2105
f 997/1004/2104 991/1020/2105 996/1015/2102
f 995/1019/2098 996/1018/2106 974/1016/2107
f 996/1018/2106 975/1017/2103 974/1016/2062
f 996/1015/2106 995/1014/2098 998/1003/2108
f 996/1015/2109 998/1003/2108 997/1004/2104
f 995/1014/2098 990/1013/2101 999/1002/2110
f 995/1014/2111 999/1002/2110 998/1003/2108
f 990/1013/2112 987/1011/2080 1000/999/2113
f 990/1013/2114 1000/999/2113 999/1002/2110
f 1001/998/2115 986/1010/2083 988/1012/2116
f 1001/998/2115 988/1012/2117 994/997/2096
f 1001/998/2115 1000/999/2113 987/1011/2080
f 1001/998/2118 987/1011/2119 986/1010/2120
f 993/1009/2095 1002/748/2121 992/996/2094
f 1002/748/2121 1003/746/2122 992/996/2094
f 1004/777/2123 1002/748/2121 993/1009/2095
f 997/1004/2104 1005/775/2124 1004/776/2123
f 997/1004/2104 1004/776/2123 993/1008/2125
f 938/1007/1997 1006/785/2126 934/1001/1982
f 930/1000/2127 972/786/2057 772/1005/2128
f 972/786/2057 773/1006/2056 772/1005/2129
f 998/1003/2108 1007/932/2130 997/1004/2104
f 1007/932/2130 1005/775/2124 997/1004/2131
f 1008/763/2132 1007/932/2130 998/1003/2133
f 999/1002/2134 1009/764/2135 998/1003/2108
f 1009/764/2135 1008/763/2132 998/1003/2136
f 1000/999/2113 1010/758/2137 999/1002/2110
f 1010/758/2137 1009/764/2135 999/1002/2138
f 934/1001/1982 1006/785/2126 930/1000/2127
f 1006/785/2126 972/786/2057 930/1000/2139
f 919/146/1966 1011/145/2140 914/992/2141
f 1012/755/2142 1010/758/2137 1000/999/2113
f 1001/998/2118 1013/752/2143 1012/755/2142
f 1001/998/2115 1012/755/2142 1000/999/2144
f 994/997/2096 1014/751/2145 1001/998/2118
f 1014/751/2145 1013/752/2143 1001/998/2146
f 1015/745/2147 1014/751/2145 994/997/2148
f 1003/746/2122 1015/745/2147 992/996/2149
f 1015/745/2150 994/997/2148 992/996/2094
f 1016/926/2151 951/933/2012 761/994/1620
f 951/933/2012 762/995/1621 761/994/2152
f 761/994/1620 760/993/1618 1016/926/2151
f 760/993/2153 968/927/2041 1016/926/2154
f 914/992/2155 1011/145/2140 917/944/2156
f 1011/145/2140 1017/155/2157 917/944/2158
f 874/990/2159 909/991/1952 907/989/1946
f 874/990/2160 907/989/1946 871/988/2161
f 899/1139/2162 1018/1140/2163 894/1141/1920
f 1018/1140/2163 886/1142/1911 894/1141/1920
f 886/1142/2164 1018/1140/2163 1019/1143/2165
f 886/1142/2164 1019/1143/2165 1020/1144/2166
f 1019/1143/2167 1021/1145/2168 1020/1144/2166
f 1021/1145/2168 1022/1146/2169 1020/1144/2166
f 1022/1146/2169 1023/1147/2170 1020/1144/2171
f 1020/1144/2171 1023/1147/2170 887/1148/1913
f 1020/1144/2172 887/1148/2173 886/1142/2174
f 1023/1147/2170 1022/1146/2169 1024/1149/2175
f 1023/1147/2176 895/1150/1926 887/1148/2173
f 895/1150/1926 1023/1147/2177 1024/1149/2175
f 895/1150/1926 1024/1149/2175 1025/1151/2178
f 1025/1151/2178 908/1152/2179 895/1150/1926
f 1025/1151/2178 1024/1149/2175 1026/1153/2180
f 1025/1151/2178 1026/1153/2180 1027/1154/2181
f 1028/1155/2182 1026/1153/2180 1024/1149/2175
f 1028/1155/2182 1024/1149/2183 1022/1146/2184
f 908/1156/2185 1025/1151/2186 1027/1154/2181
f 908/1156/2187 1027/1154/2181 1029/1157/2188
f 1030/1158/2189 1028/1155/2190 1022/1146/2184
f 1030/1158/2189 1022/1146/2184 1021/1145/2168
f 1031/1159/2191 1030/1160/2192 1021/1145/2193
f 1031/1159/2191 1021/1145/2193 1019/1143/2167
f 1031/1159/2191 1019/1143/2165 1032/1161/2194
f 1019/1143/2195 1018/1140/2196 1032/1161/2194
f 1032/1161/2197 1018/1140/2198 899/1139/1930
f 899/1139/2199 900/1162/2200 1033/1163/2201
f 899/1139/1930 1033/1163/2201 1032/1161/2194
f 1029/1164/2188 909/1165/1952 908/1166/2202
f 909/1165/1952 1029/1164/2188 907/1167/2203
f 1029/1164/2188 1034/1168/2204 907/1167/1946
f 907/1167/2203 1034/1168/2204 901/1169/2205
f 1034/1168/2204 1035/1170/2206 901/1169/2205
f 901/1169/2205 1035/1170/2206 900/1162/2207
f 1035/1170/2206 1033/1163/2201 900/1162/1931
f 1033/946/2201 1035/950/2208 1031/948/2191
f 1028/952/2182 1030/949/2209 1029/955/2188
f 1030/949/2189 1034/951/2204 1029/955/2210
f 1028/952/2182 1029/955/2211 1027/954/2181
f 1027/954/2181 1026/953/2212 1028/952/2182
f 1035/950/2208 1034/951/2204 1030/949/2189
f 1035/950/2213 1030/949/2189 1031/948/2214
f 1031/948/2215 1032/947/2216 1033/946/2201
f 910/945/1954 1036/158/2217 905/159/1944
f 1017/155/2157 1036/158/2217 917/944/2156
f 1036/158/2217 910/945/1954 917/944/2156
f 1037/721/2218 1038/942/2219 1039/922/2220
f 1037/721/2218 1039/922/2220 1040/720/2221
f 1039/922/2222 1038/942/2219 1041/893/2223
f 1039/922/2224 1041/893/2223 1042/892/2225
f 1041/893/2226 1038/942/2219 882/943/2227
f 1041/893/2226 882/943/2227 881/894/1903
f 1037/721/2218 885/941/2228 1038/942/2229
f 885/941/2228 882/943/1904 1038/942/2219
f 1043/722/2230 866/940/1884 1037/721/2218
f 866/940/1884 885/941/2231 1037/721/2218
f 1043/722/2230 1044/937/2232 866/940/2233
f 1044/937/2232 864/938/2234 866/940/2233
f 938/741/2235 1045/939/2236 964/744/2036
f 1046/379/2237 965/383/2037 1045/939/2236
f 965/383/2037 964/744/2238 1045/939/2239
f 864/938/2234 1044/937/2240 1047/873/2241
f 864/938/1882 1047/873/2241 868/875/2242
f 1048/723/2243 1049/936/2244 1043/722/2230
f 1049/936/2244 1044/937/2245 1043/722/2246
f 1044/937/2240 1049/936/2247 1047/873/2241
f 1049/936/2247 1050/872/2248 1047/873/2249
f 1051/324/2250 1052/325/2251 1049/936/2247
f 1051/324/2250 1049/936/2244 1048/723/2243
f 1049/936/2244 1052/325/2251 1050/872/2248
f 1052/325/2251 1053/624/2252 1050/872/2248
f 1054/242/2253 1055/243/2254 1056/726/2255
f 1054/242/2253 1056/726/2255 1057/871/2256
f 890/360/1916 889/935/2257 920/731/1967
f 1058/728/2258 1059/730/2259 1060/877/2260
f 1059/730/2259 920/731/2261 1060/877/2260
f 920/731/2261 863/934/1881 1060/877/2260
f 863/934/1881 1061/880/2262 1060/877/2260
f 898/618/1929 1061/880/2262 863/934/1881
f 898/618/2263 951/787/2012 1062/788/2264
f 898/618/2265 1062/788/2264 1061/880/2262
f 951/933/2266 1016/926/2154 1063/924/2267
f 1015/745/2268 964/744/2269 1014/751/2145
f 964/744/2238 966/384/2038 1014/751/2145
f 1007/932/2270 1064/931/2271 1065/772/2272
f 1007/932/2273 1065/772/2272 1005/775/2274
f 1066/761/2275 1064/931/2271 1007/932/2273
f 1066/761/2275 1007/932/2273 1008/763/2276
f 1067/765/2277 1064/931/2271 1068/759/2278
f 1064/931/2279 1066/761/2275 1068/759/2278
f 1069/930/2280 1064/931/2271 1067/765/2277
f 1069/930/2280 1067/765/2277 1070/766/2281
f 1065/772/2272 1064/931/2282 1071/771/2283
f 1064/931/2271 1069/930/2280 1071/771/2283
f 1072/711/2284 1073/715/2285 1074/713/2286
f 1075/712/2287 1074/713/2286 1076/750/2288
f 1074/713/2286 1077/754/2289 1076/750/2288
f 1074/713/2290 1073/715/2285 1078/757/2291
f 1074/713/2292 1078/757/2291 1077/754/2289
f 1079/739/2293 959/928/2024 1080/769/2294
f 944/770/2005 1080/769/2294 948/929/2009
f 1080/769/2294 959/928/2024 948/929/2295
f 1081/907/2296 959/928/2297 1079/739/2293
f 1081/907/2296 1079/739/2293 1082/909/2298
f 1073/715/2285 1083/716/2299 1078/757/2291
f 1083/716/2299 1084/760/2300 1078/757/2291
f 1085/714/2301 1086/906/2302 1083/716/2299
f 1084/760/2300 1083/716/2299 1068/759/2278
f 1083/716/2303 1086/906/2302 1068/759/2304
f 1087/358/2305 968/927/2041 967/734/2040
f 1087/358/2305 967/734/2045 1088/736/2306
f 1089/925/2307 968/927/2041 1042/359/2225
f 968/927/2308 1087/358/2305 1042/359/2225
f 1016/926/2309 968/927/2308 1089/925/2307
f 1016/926/2310 1089/925/2307 1063/924/2267
f 921/738/1968 906/923/1945 1090/737/2311
f 906/923/1945 896/913/1927 1090/737/2311
f 1091/898/2312 970/784/2053 1092/781/2313
f 1091/898/2312 1092/781/2313 1071/897/2283
f 969/733/2043 970/784/2314 1091/898/2315
f 969/733/2316 1091/898/2315 1093/735/2317
f 1094/719/2318 1095/732/2319 1048/723/2243
f 1094/719/2318 1043/722/2230 1037/721/2218
f 1095/732/2319 1094/719/2320 1096/920/2321
f 1094/719/2320 1040/720/2221 1096/920/2321
f 1097/921/2322 1039/922/2220 1042/892/2225
f 1040/720/2221 1039/922/2220 1097/921/2322
f 1040/720/2221 1097/921/2323 1096/920/2324
f 1098/895/2325 1097/357/2322 1087/358/2305
f 1098/895/2325 1087/358/2326 1088/736/2306
f 1096/918/2327 1097/357/2328 1099/919/2329
f 1097/357/2322 1098/895/2325 1099/919/2329
f 1100/903/2330 1099/919/2329 1098/895/2331
f 1100/903/2330 1098/895/2332 1101/896/2333
f 1102/917/2334 1099/919/2329 1103/901/2335
f 1099/919/2329 1100/903/2330 1103/901/2335
f 1096/918/2336 1099/919/2329 1095/916/2319
f 1099/919/2337 1102/917/2334 1095/916/2319
f 892/915/1918 1102/917/2334 904/912/1943
f 1102/917/2334 1103/901/2335 904/912/2338
f 1095/916/2339 1102/917/2340 892/915/2341
f 1095/916/2319 892/915/2341 891/914/1917
f 1104/911/2342 904/912/2338 1103/901/2335
f 1104/911/2342 1103/901/2335 1105/902/2343
f 896/913/2344 904/912/2345 1090/737/2311
f 904/912/2346 1104/911/2342 1090/737/2347
f 1082/909/2298 1104/911/2342 1105/902/2343
f 1082/909/2298 1105/902/2343 1106/910/2348
f 1090/737/2347 1104/911/2342 1082/909/2349
f 1090/737/2311 1082/909/2349 1079/739/2293
f 1070/905/2281 1106/910/2348 1107/904/2350
f 1106/910/2351 1105/902/2343 1107/904/2350
f 1108/908/2352 1106/910/2353 1070/905/2354
f 1082/909/2349 1106/910/2355 1108/908/2352
f 1082/909/2356 1108/908/2352 1081/907/2357
f 1086/906/2302 1108/724/2352 1067/765/2358
f 1086/906/2302 1067/765/2359 1068/759/2360
f 1108/724/2361 1086/906/2362 1085/714/2301
f 1109/900/2363 1107/904/2350 1101/896/2333
f 1107/904/2350 1100/903/2330 1101/896/2333
f 1070/905/2281 1107/904/2364 1109/900/2363
f 1070/905/2354 1109/900/2363 1069/899/2280
f 1100/903/2365 1107/904/2366 1105/902/2343
f 1100/903/2367 1105/902/2368 1103/901/2369
f 1091/898/2315 1109/900/2363 1093/735/2317
f 1109/900/2370 1101/896/2333 1093/735/2317
f 1069/899/2280 1109/900/2370 1091/898/2312
f 1069/899/2280 1091/898/2371 1071/897/2283
f 1093/735/2317 1101/896/2372 1088/736/2373
f 1101/896/2374 1098/895/2325 1088/736/2373
f 1110/888/2375 1041/893/2223 881/894/1903
f 1110/888/2375 881/894/2376 879/891/1901
f 1042/892/2225 1041/893/2223 1110/888/2377
f 1042/892/2225 1110/888/2375 1089/889/2378
f 1111/887/2379 1110/888/2377 879/891/1901
f 1111/887/2379 879/891/2380 877/890/2381
f 1089/889/2307 1110/888/2375 1063/886/2267
f 1110/888/2375 1111/887/2382 1063/886/2267
f 1112/882/2383 1111/884/2384 875/883/1897
f 1111/884/2385 877/885/1898 875/883/1897
f 1063/789/2386 1111/884/2387 1062/788/2388
f 1111/884/2389 1112/882/2383 1062/788/2388
f 1113/879/2390 1112/882/2383 873/881/2391
f 1112/882/2392 875/883/2393 873/881/2391
f 1062/788/2388 1112/882/2392 1113/879/2390
f 1062/788/2394 1113/879/2390 1061/880/2262
f 1114/729/2395 1113/879/2390 873/881/2391
f 1114/729/2395 873/881/1893 872/878/1892
f 1061/880/2396 1113/879/2390 1060/877/2397
f 1113/879/2398 1114/729/2395 1060/877/2399
f 1115/727/2400 1114/729/2395 872/878/2401
f 1115/727/2400 872/878/2401 870/876/1889
f 1058/728/2258 1060/877/2402 1114/729/2395
f 1115/727/2400 870/876/1889 1116/874/2403
f 1056/726/2255 1115/727/2400 1057/871/2256
f 1115/727/2404 1116/874/2403 1057/871/2256
f 1047/873/2249 1116/874/2403 868/875/2242
f 1116/874/2405 870/876/1889 868/875/1888
f 1057/871/2256 1116/874/2405 1050/872/2406
f 1116/874/2403 1047/873/2407 1050/872/2248
f 1057/871/2408 1050/872/2248 1053/624/2252
f 1057/871/2256 1053/624/2252 1054/242/2409
f 929/801/1976 1117/802/2410 939/870/1999
f 1117/802/2410 1118/863/2411 939/870/2412
f 1119/859/2413 939/870/2412 1118/863/2411
f 1119/859/2413 1118/863/2411 1120/860/2414
f 940/385/2001 939/870/2415 941/869/2002
f 939/870/2416 1119/859/2413 941/869/2002
f 957/855/2417 941/869/2418 1119/859/2413
f 957/855/2022 1119/859/2419 1121/856/2420
f 956/794/2020 955/868/2421 1122/792/2422
f 955/868/2421 961/791/2029 1122/792/2422
f 937/803/1994 669/867/2423 656/866/1354
f 937/803/1994 656/866/2424 1123/805/2425
f 1124/804/2426 1125/806/2427 1126/862/2428
f 1125/806/2427 1127/865/2429 1126/862/2428
f 1117/802/2410 1124/804/2426 1118/863/2430
f 1124/804/2426 1126/862/2428 1118/863/2411
f 926/861/1973 1126/862/2428 1127/865/2429
f 926/861/1973 1127/865/2429 923/864/1970
f 1118/863/2430 1126/862/2431 1120/860/2414
f 1126/862/2432 926/861/2433 1120/860/2414
f 1120/860/2414 926/861/2434 1128/857/2435
f 926/861/2433 925/858/2436 1128/857/2435
f 1120/860/2414 1128/857/2435 1121/856/2420
f 1120/860/2414 1121/856/2437 1119/859/2419
f 1129/838/2438 1128/857/2439 1130/839/2440
f 1128/857/2435 925/858/2441 1130/839/2440
f 1121/856/2437 1128/857/2439 1131/853/2442
f 1128/857/2443 1129/838/2438 1131/853/2442
f 1121/856/2444 1131/853/2442 954/854/2021
f 1121/856/2445 954/854/2021 957/855/2446
f 1132/795/2447 1131/853/2442 1129/838/2448
f 1132/795/2447 1129/838/2449 1133/797/2450
f 954/854/2451 1131/853/2452 945/852/2006
f 1131/853/2453 1132/795/2447 945/852/2006
f 946/851/2007 945/852/2454 1134/796/2455
f 945/852/2454 1132/795/2447 1134/796/2455
f 949/291/2010 946/851/2456 1135/289/2457
f 946/851/2458 1134/796/2455 1135/289/2457
f 1136/285/2459 1135/289/2457 1134/796/2455
f 1136/285/2459 1134/796/2455 1137/798/2460
f 1138/807/2461 655/849/1355 631/815/2462
f 1138/807/2461 631/815/2463 1139/811/2464
f 656/850/2465 655/849/2466 1123/808/2425
f 655/849/1353 1138/807/2467 1123/808/2425
f 1140/810/2468 1141/812/2469 1142/847/2470
f 1141/812/2469 1143/817/2471 1142/847/2470
f 1125/809/2427 1140/810/2468 1127/848/2472
f 1140/810/2468 1142/847/2470 1127/848/2473
f 1144/845/2474 1142/847/2470 1143/817/2471
f 1144/845/2474 1143/817/2475 1145/822/2476
f 1127/848/2477 1142/847/2470 923/846/1970
f 1142/847/2470 1144/845/2474 923/846/2478
f 1146/844/2479 1144/845/2474 1145/822/2476
f 1146/844/2479 1145/822/2476 1147/819/2480
f 923/846/2478 1144/845/2474 924/843/1971
f 1144/845/2474 1146/844/2479 924/843/1971
f 1148/831/2481 1146/844/2479 1149/832/2482
f 1146/844/2479 1147/819/2480 1149/832/2482
f 924/843/2483 1146/844/2484 1150/841/2485
f 1146/844/2479 1148/831/2481 1150/841/2485
f 924/843/1971 1150/841/2486 925/842/2487
f 1150/841/2486 1130/840/2440 925/842/2488
f 1151/826/2489 1150/841/2490 1152/827/2491
f 1150/841/2492 1148/831/2493 1152/827/2491
f 1130/840/2440 1150/841/2492 1151/826/2489
f 1130/840/2440 1151/826/2489 1153/837/2494
f 1130/839/2495 1153/836/2494 1129/838/2449
f 1153/836/2494 1133/797/2450 1129/838/2496
f 1154/835/2497 1153/837/2498 1155/823/2499
f 1153/837/2500 1151/826/2489 1155/823/2499
f 1133/797/2501 1153/836/2502 1154/834/2497
f 1133/797/2503 1154/834/2504 1137/798/2460
f 1156/283/2505 1154/835/2506 1157/281/2507
f 1154/835/2504 1155/823/2499 1157/281/2507
f 1137/798/2460 1154/834/2508 1156/288/2505
f 1137/798/2509 1156/288/2505 1136/285/2459
f 1158/829/2510 1159/278/2511 1160/825/2512
f 1159/278/2511 1161/275/2513 1160/825/2512
f 1162/820/2514 1163/833/2515 1147/819/2480
f 1163/833/2515 1149/832/2482 1147/819/2480
f 1149/832/2482 1163/833/2516 1164/830/2517
f 1149/832/2518 1164/830/2517 1165/828/2519
f 1149/832/2520 1165/828/2519 1148/831/2493
f 1165/828/2519 1152/827/2491 1148/831/2521
f 1160/825/2512 1165/828/2522 1158/829/2510
f 1165/828/2519 1164/830/2523 1158/829/2510
f 1152/827/2524 1165/828/2522 1160/825/2525
f 1152/827/2524 1160/825/2526 1166/824/2527
f 1152/827/2524 1166/824/2527 1151/826/2489
f 1166/824/2527 1155/823/2528 1151/826/2529
f 1167/279/2530 1166/824/2527 1161/275/2513
f 1166/824/2527 1160/825/2512 1161/275/2513
f 1155/823/2528 1166/824/2527 1167/279/2530
f 1155/823/2531 1167/279/2530 1157/281/2507
f 1168/818/2532 1169/821/2533 1143/817/2471
f 1169/821/2533 1145/822/2534 1143/817/2535
f 1145/822/2536 1169/821/2533 1147/819/2480
f 1169/821/2537 1162/820/2514 1147/819/2538
f 1141/812/2539 1170/814/2540 1168/818/2532
f 1141/812/2469 1168/818/2532 1143/817/2471
f 319/816/579 1171/813/2541 631/815/2542
f 1171/813/2541 1139/811/2464 631/815/1286
f 1170/814/2540 1141/812/2539 1139/811/2464
f 1170/814/2540 1139/811/2464 1171/813/2541
f 1141/812/2469 1140/810/2543 1139/811/2544
f 1140/810/2545 1138/807/2461 1139/811/2546
f 1140/810/2468 1125/809/2427 1138/807/2461
f 1125/809/2427 1123/808/2425 1138/807/2467
f 1125/806/2547 1124/804/2426 1123/805/2425
f 1124/804/2426 937/803/2548 1123/805/2549
f 1124/804/2426 1117/802/2550 937/803/1994
f 1117/802/2551 936/799/2552 937/803/1994
f 1117/802/2553 929/801/1976 936/799/2552
f 929/801/2554 928/800/1998 936/799/2555
f 1133/797/2556 1137/798/2460 1132/795/2557
f 1137/798/2509 1134/796/2558 1132/795/2559
f 962/790/2032 1122/792/2422 1075/712/2287
f 1122/792/2560 1072/711/2284 1075/712/2287
f 956/794/2561 1122/792/2560 962/790/2032
f 956/794/2562 962/790/2032 958/793/2035
f 1072/711/2284 1122/792/2563 960/718/2027
f 1122/792/2563 961/791/2564 960/718/2027
f 1085/714/2301 1073/715/2565 1072/711/2284
f 959/717/2024 1081/725/2296 1085/714/2301
f 963/380/2033 962/790/2032 1076/750/2288
f 962/790/2566 1075/712/2567 1076/750/2568
f 947/768/2569 950/298/2011 1172/767/2570
f 950/298/2011 1173/295/2571 1172/767/2570
f 1172/767/2570 1173/295/2571 1174/740/2572
f 1173/295/2571 1175/299/2573 1174/740/2572
f 1174/740/2574 1175/299/2573 922/173/1969
f 1174/740/2574 922/173/1969 921/738/1968
f 1063/789/2267 1062/788/2394 951/787/2266
f 1176/782/2575 971/783/2051 972/786/2576
f 1176/782/2575 972/786/2057 1006/785/2126
f 970/784/2577 971/783/2578 1092/781/2579
f 971/783/2578 1176/782/2575 1092/781/2313
f 1177/747/2580 1176/779/2581 1178/743/2582
f 1176/779/2581 1006/742/2583 1178/743/2582
f 1092/780/2584 1176/779/2575 1179/778/2585
f 1176/779/2575 1177/747/2580 1179/778/2585
f 1004/777/2123 1179/778/2586 1177/747/2580
f 1004/777/2123 1177/747/2587 1002/748/2121
f 1065/772/2272 1179/774/2586 1005/775/2274
f 1179/774/2586 1004/776/2123 1005/775/2588
f 1092/773/2589 1179/774/2586 1065/772/2272
f 1092/773/2590 1065/772/2591 1071/771/2592
f 1079/739/2593 1080/769/2294 1174/740/2594
f 1080/769/2595 1172/767/2570 1174/740/2594
f 1080/769/2596 944/770/2597 947/768/2569
f 1080/769/2598 947/768/2599 1172/767/2570
f 1070/766/2281 1067/765/2277 1108/724/2600
f 1180/762/2601 1009/764/2602 1181/756/2603
f 1009/764/2602 1010/758/2604 1181/756/2603
f 1008/763/2132 1009/764/2602 1066/761/2605
f 1009/764/2606 1180/762/2601 1066/761/2275
f 1084/760/2300 1180/762/2607 1078/757/2608
f 1180/762/2609 1181/756/2603 1078/757/2610
f 1066/761/2275 1180/762/2601 1084/760/2300
f 1066/761/2275 1084/760/2300 1068/759/2611
f 1182/753/2612 1181/756/2603 1010/758/2604
f 1182/753/2612 1010/758/2604 1012/755/2142
f 1078/757/2613 1181/756/2603 1077/754/2289
f 1181/756/2603 1182/753/2614 1077/754/2615
f 1183/749/2616 1182/753/2612 1012/755/2142
f 1183/749/2616 1012/755/2142 1013/752/2143
f 1077/754/2617 1182/753/2614 1076/750/2618
f 1182/753/2612 1183/749/2619 1076/750/2288
f 966/384/2038 1183/749/2616 1014/751/2620
f 1183/749/2616 1013/752/2621 1014/751/2622
f 1076/750/2288 1183/749/2623 963/380/2624
f 1183/749/2623 966/384/2038 963/380/2033
f 1178/743/2582 1003/746/2122 1177/747/2580
f 1003/746/2625 1002/748/2121 1177/747/2626
f 1015/745/2627 1003/746/2122 1178/743/2582
f 1015/745/2150 1178/743/2582 964/744/2036
f 964/744/2628 1178/743/2629 938/741/1997
f 1178/743/2582 1006/742/2630 938/741/2235
f 1079/739/2593 1174/740/2631 921/738/2632
f 1079/739/2633 921/738/2634 1090/737/2347
f 1093/735/2317 1088/736/2635 967/734/2636
f 1093/735/2637 967/734/2045 969/733/2638
f 1095/732/2639 891/623/2640 1051/324/2250
f 1095/732/2641 1051/324/2642 1048/723/2243
f 890/360/1916 920/731/1967 1059/730/2259
f 1059/730/2259 1055/243/2254 890/360/1916
f 1059/730/2643 1058/728/2644 1055/243/2645
f 1058/728/2258 1056/726/2255 1055/243/2254
f 1058/728/2644 1114/729/2395 1115/727/2646
f 1058/728/2647 1115/727/2404 1056/726/2255
f 1085/714/2301 1081/725/2648 1108/724/2600
f 1072/711/2284 960/718/2649 1085/714/2301
f 1048/723/2650 1043/722/2651 1094/719/2652
f 1037/721/2653 1040/720/2221 1094/719/2654
f 1085/714/2655 960/718/2656 959/717/2024
f 1083/716/2657 1073/715/2658 1085/714/2301
f 1074/713/2290 1075/712/2659 1072/711/2284
f 1184/709/2660 1185/710/2661 1186/705/2662
f 1184/709/2660 1186/705/2662 1187/704/2663
f 1187/704/2663 1188/703/2664 1184/709/2660
f 1189/706/2665 1186/705/2662 1185/710/2661
f 1185/710/2661 1190/707/2666 1189/706/2665
f 1185/710/2661 1191/708/2667 1190/707/2666
f 1185/710/2661 1192/545/2668 1193/543/2669
f 1185/710/2670 1193/543/2669 1191/708/2667
f 1184/709/2660 1192/545/2668 1185/710/2670
f 1188/703/2664 1194/547/2671 1184/709/2672
f 1194/547/2671 1192/545/2668 1184/709/2673
f 1195/557/2674 1194/547/2671 1188/703/2675
f 1191/708/2667 1193/543/2669 1196/694/2676
f 1190/707/2666 1191/708/2677 1196/694/2676
f 1190/707/2666 1196/694/2676 1197/262/2678
f 1189/706/2679 1190/707/2680 1198/696/2681
f 1190/707/2682 1197/262/2678 1198/696/2681
f 1186/705/2662 1189/706/2679 1199/698/2683
f 1189/706/2684 1198/696/2681 1199/698/2683
f 1187/704/2663 1186/705/2685 1200/699/2686
f 1186/705/2687 1199/698/2683 1200/699/2686
f 1188/703/2664 1187/704/2688 1201/701/2689
f 1187/704/2688 1200/699/2686 1201/701/2689
f 1188/703/2690 1202/692/2691 1195/557/2674
f 1201/701/2689 1202/692/2691 1188/703/2692
f 1203/702/2693 1204/693/2694 1201/701/2695
f 1204/693/2694 1202/692/2691 1201/701/2695
f 1205/700/2696 1203/702/2693 1200/699/2686
f 1203/702/2693 1201/701/2697 1200/699/2698
f 1206/697/2699 1205/700/2696 1199/698/2700
f 1205/700/2701 1200/699/2698 1199/698/2702
f 1206/697/2699 1199/698/2700 1198/696/2703
f 1207/647/2704 1206/697/2699 1208/264/2705
f 1206/697/2699 1198/696/2703 1208/264/2705
f 1208/264/2705 1198/696/2703 1197/262/2706
f 1197/262/2706 1196/694/2676 525/695/1108
f 1197/262/2707 525/695/2708 214/261/2709
f 1193/543/2669 140/168/2710 1196/694/2711
f 140/168/2710 525/695/2712 1196/694/2711
f 1202/692/2691 1209/658/2713 1195/557/2674
f 1209/658/2713 1210/589/2714 1195/557/2715
f 1204/693/2694 1211/657/2716 1202/692/2717
f 1211/657/2716 1209/658/2713 1202/692/2691
f 1212/1171/2718 1213/1172/2719 1214/1173/2720
f 1213/1172/2719 1215/1174/2721 1214/1173/2720
f 1215/1174/2721 1213/1172/2719 1216/1175/2722
f 1217/1176/2723 1212/1171/2718 1218/1177/2724
f 1212/1171/2718 1214/1173/2725 1218/1177/2724
f 1217/1176/2723 1218/1177/2724 1219/1178/2726
f 1217/1176/2723 1219/1178/2726 1220/1179/2727
f 1212/1171/2718 1217/1176/2723 1220/1179/2727
f 1212/1171/2718 1220/1179/2727 1221/1180/2728
f 1213/1172/2719 1212/1171/2729 1221/1180/2728
f 1213/1172/2719 1221/1180/2730 1222/1181/2731
f 1222/1181/2731 1216/1175/2722 1213/1172/2732
f 1214/1173/2725 1223/1182/2733 1224/1183/2734
f 1214/1173/2735 1224/1183/2734 1218/1177/2736
f 1215/1174/2721 1225/1184/2737 1214/1173/2720
f 1225/1184/2737 1223/1182/2733 1214/1173/2735
f 1226/1185/2738 1219/1178/2726 1218/1177/2739
f 1226/1185/2738 1218/1177/2739 1224/1183/2734
f 1226/1186/2738 1224/1187/2734 1227/1188/2740
f 1226/1185/2738 1206/1189/2741 1219/1178/2726
f 1206/1189/2699 1207/1190/2704 1219/1178/2726
f 1227/1188/2740 1205/1191/2742 1226/1186/2738
f 1205/1191/2743 1206/1192/2699 1226/1186/2738
f 1227/1188/2744 1224/1187/2734 1228/1193/2745
f 1224/1187/2746 1223/1194/2747 1228/1193/2745
f 1228/1193/2745 1203/1195/2693 1227/1188/2740
f 1203/1195/2748 1205/1191/2749 1227/1188/2744
f 1228/1193/2745 1223/1194/2747 1225/1196/2750
f 1228/1193/2745 1225/1196/2750 1229/1197/2751
f 1229/1197/2751 1204/1198/2752 1203/1195/2753
f 1229/1197/2751 1203/1195/2754 1228/1193/2745
f 1207/1199/2704 1230/1200/2755 1220/1179/2756
f 1207/1199/2704 1220/1179/2756 1219/1178/2726
f 1221/1180/2757 1220/1179/2727 1230/1200/2755
f 1221/1180/2758 1230/1200/2755 1231/1201/2759
f 1232/1202/2760 1222/1181/2761 1221/1180/2728
f 1232/1202/2760 1221/1180/2762 1231/1201/2759
f 1225/1196/2763 1233/1203/2764 1229/1197/2765
f 1233/1204/2764 1225/1184/2766 1215/1174/2721
f 1233/1204/2764 1215/1174/2767 1216/1175/2722
f 1233/1203/2764 1211/1205/2768 1204/1198/2694
f 1233/1203/2764 1204/1198/2769 1229/1197/2751
f 1234/660/2770 1235/649/2771 1236/523/2772
f 1234/660/2770 1236/523/2772 1237/522/2773
f 1238/592/2774 1234/660/2770 1237/522/2773
f 1237/522/2773 1239/521/2775 1238/592/2774
f 1209/658/2776 1234/659/2777 1210/589/2714
f 1234/659/2777 1238/591/2778 1210/589/2714
f 1211/657/2779 1235/648/2771 1209/658/2780
f 1235/648/2781 1234/659/2782 1209/658/2776
f 1211/657/2768 1240/646/2783 1235/648/2781
f 1216/1175/2722 1240/1206/2783 1211/1207/2779
f 1216/1175/2784 1211/1207/2785 1233/1204/2786
f 473/1208/2787 1241/1209/2788 490/642/2789
f 473/1208/2790 490/642/1007 472/641/2791
f 1240/1210/2783 1216/1175/2784 1222/1181/2792
f 1240/1210/2783 1222/1181/2731 1232/1202/2760
f 1235/649/2781 1242/517/2793 1236/523/2772
f 1243/518/2794 1242/519/2793 1240/646/2783
f 1242/519/2793 1235/648/2781 1240/646/2783
f 1208/264/2795 1244/265/2796 1207/647/2704
f 1244/265/2796 1230/643/2797 1207/647/2704
f 1232/645/2798 1243/518/2794 1240/646/2783
f 1232/645/2760 1245/520/2799 1243/518/2794
f 1231/644/2800 1245/520/2799 1232/645/2760
f 1231/644/2800 1246/267/2801 1245/520/2799
f 1244/265/2796 1246/267/2801 1231/644/2802
f 1244/265/2796 1231/644/2803 1230/643/2804
f 1247/1211/2805 845/1114/1861 844/1113/1941
f 1247/1211/2805 844/1113/2806 903/1138/1939
f 1248/1212/2807 847/1116/2808 845/1114/1861
f 1248/1212/2807 845/1114/1861 1247/1211/2805
f 1249/1213/2809 849/1118/1866 847/1116/2810
f 1249/1213/2809 847/1116/2810 1248/1212/2807
f 1250/1214/2811 851/1120/1868 1249/1213/2809
f 851/1120/1868 849/1118/2812 1249/1213/2809
f 1251/1215/2813 853/1122/1870 1250/1214/2811
f 853/1122/1870 851/1120/2814 1250/1214/2811
f 1252/1216/2815 855/1124/1875 1251/1215/2813
f 855/1124/1875 853/1122/2816 1251/1215/2813
f 831/598/2817 857/498/1874 855/628/1875
f 831/598/2817 855/628/2818 1252/597/2815
f 933/627/1981 927/378/2000 1046/376/2237
f 933/627/1981 1046/376/2237 1045/626/2236
f 933/627/2819 1045/626/2236 938/625/2820
f 1253/151/2821 1054/242/2822 1254/152/2823
f 1054/242/2824 1053/624/2252 1254/152/2823
f 1254/152/2825 1053/624/2252 1255/153/2826
f 1053/624/2252 1052/325/2827 1255/153/2826
f 1051/324/2828 891/623/2640 1256/154/2829
f 891/623/2640 893/157/1919 1256/154/2829
f 862/184/1880 155/183/2830 478/622/980
f 862/184/2831 478/622/2832 952/621/2833
f 862/620/2831 952/619/2833 898/618/2263
f 829/617/1842 1257/497/2834 831/598/2817
f 1257/497/2834 857/498/1874 831/598/2817
f 827/500/2835 1258/495/2836 829/617/1842
f 1258/495/2836 1257/497/2834 829/617/1842
f 810/1217/2837 1259/1218/2838 811/1219/2839
f 1259/1218/2838 902/1220/1937 811/1219/2840
f 1260/1221/2841 903/1222/1939 902/1220/1942
f 1260/1221/2841 902/1220/2842 1259/1218/2838
f 1261/1223/2843 1247/1224/2805 1260/1221/2841
f 1247/1224/2844 903/1222/1939 1260/1221/2845
f 1262/1225/2846 1248/1226/2807 1261/1223/2843
f 1248/1226/2847 1247/1224/2805 1261/1223/2848
f 1263/1227/2849 1249/1228/2850 1248/1226/2847
f 1263/1227/2849 1248/1226/2851 1262/1225/2846
f 1264/1229/2852 1250/1230/2853 1263/1227/2849
f 1250/1230/2811 1249/1228/2854 1263/1227/2849
f 1265/1231/2855 1251/1232/2813 1264/1229/2852
f 1251/1232/2813 1250/1230/2856 1264/1229/2852
f 1266/1233/2857 1252/1234/2858 1265/1231/2855
f 1252/1234/2815 1251/1232/2813 1265/1231/2855
f 1267/1235/2859 846/1115/2860 1268/1236/2861
f 840/1108/1860 846/1115/2860 1267/1235/2859
f 832/594/1844 831/598/2862 1252/597/2863
f 832/594/2864 1252/597/2863 1266/596/2857
f 1266/596/2865 1269/595/2866 832/594/2864
f 836/593/2867 1238/592/2868 842/516/1854
f 1238/592/2869 1239/521/2775 842/516/2870
f 839/588/2871 1210/589/2714 1238/591/2869
f 839/588/2871 1238/591/2869 836/590/2872
f 841/587/1853 1195/557/2873 1210/589/2714
f 841/587/1853 1210/589/2874 839/588/2871
f 841/587/1853 1267/556/2875 1195/557/2876
f 840/1108/2877 1267/1235/2859 841/1109/1853
f 1266/1237/2878 1265/1238/2855 1270/1239/2879
f 1266/1237/2865 1270/1239/2879 1269/1240/2866
f 1265/1238/2855 1264/1241/2880 1271/1242/2881
f 1265/1238/2882 1271/1242/2881 1270/1239/2879
f 1264/1241/2852 1263/1243/2849 1272/1244/2883
f 1264/1241/2852 1272/1244/2883 1271/1242/2881
f 1263/1243/2884 1262/1245/2846 1272/1244/2885
f 1262/1245/2846 1273/1246/2886 1272/1244/2887
f 1262/1245/2846 1261/1247/2888 1273/1246/2886
f 1261/1247/2888 1274/1248/2889 1273/1246/2886
f 1261/1247/2890 1260/1249/2891 1274/1248/2889
f 1260/1249/2892 1275/1250/2893 1274/1248/2889
f 1260/1249/2894 1259/1251/2838 1275/1250/2893
f 1259/1251/2895 1276/1252/2896 1275/1250/2897
f 1259/1251/2895 810/1253/2898 1276/1252/2896
f 810/1253/2898 815/1254/1818 1276/1252/2899
f 1277/1255/2900 1278/1256/2901 1270/1257/2902
f 1278/1256/2901 1269/1258/2866 1270/1257/2879
f 1270/1257/2903 1271/1259/2904 1277/1255/2900
f 1271/1259/2904 1279/1260/2905 1277/1255/2900
f 1271/1259/2904 1272/1261/2906 1279/1260/2905
f 1272/1261/2907 1280/1262/2908 1279/1260/2905
f 1272/1261/2885 1273/1263/2886 1280/1262/2908
f 1273/1263/2909 1281/1264/2910 1280/1262/2908
f 1273/1263/2911 1274/1265/2912 1282/1266/2913
f 1273/1263/2914 1282/1266/2913 1281/1264/2910
f 846/1115/2860 848/1117/2915 1268/1236/2861
f 848/1117/2916 1283/1267/2917 1268/1236/2861
f 1274/1265/2889 1275/1268/2893 1284/1269/2918
f 1274/1265/2912 1284/1269/2918 1282/1266/2913
f 1268/1236/2861 1283/1267/2917 1285/1270/2919
f 1268/546/2861 1194/547/2920 1195/557/2921
f 1268/546/2861 1195/557/2876 1267/556/2922
f 1275/1268/2893 1276/1271/2923 1286/1272/2924
f 1275/1268/2893 1286/1272/2924 1284/1269/2918
f 1287/1273/2925 1286/1272/2926 1276/1271/2927
f 1287/1273/2925 1276/1271/2928 815/1274/1818
f 1283/1267/2917 848/1117/2929 850/1119/1867
f 1283/1267/2917 850/1119/1867 1288/1275/2930
f 1288/1275/2930 850/1119/1867 1289/1276/2931
f 1288/1275/2930 1290/1277/2932 1285/1270/2919
f 1288/1275/2930 1285/1270/2919 1283/1267/2917
f 1289/1276/2931 1291/1278/2933 1290/1277/2932
f 1289/1276/2931 1290/1277/2932 1288/1275/2934
f 1192/545/2668 1194/547/2920 1268/546/2861
f 1192/545/2668 1268/546/2935 1285/544/2919
f 1193/543/2936 1192/545/2937 1290/167/2932
f 1192/545/2937 1285/544/2938 1290/167/2932
f 1290/167/2939 140/168/2940 1193/543/2941
f 1278/1279/2901 1292/1280/2942 832/1281/2943
f 1278/1279/2901 832/1281/2944 1269/1282/2945
f 1293/1283/2946 830/1284/2947 1292/1280/2942
f 830/1284/2948 832/1281/2949 1292/1280/2950
f 1294/1285/2951 826/1286/1840 1293/1283/2946
f 826/1286/1840 830/1284/2952 1293/1283/2953
f 1295/1287/2954 825/1288/1832 826/1286/2955
f 1295/1287/2954 826/1286/1835 1294/1285/2951
f 1296/1289/2956 820/1290/1833 825/1288/2957
f 1296/1289/2956 825/1288/2958 1295/1287/2954
f 1297/1291/2959 822/1292/2960 820/1290/1833
f 1297/1291/2959 820/1290/1833 1296/1289/2961
f 1298/1293/2962 818/1294/1828 1297/1291/2963
f 818/1294/2964 822/1292/2965 1297/1291/2959
f 1289/1276/2966 1299/1295/2967 1291/1278/2933
f 852/1121/2968 1299/1295/2967 1289/1276/2969
f 852/1121/2968 1289/1276/2969 850/1119/1867
f 854/1123/2970 1300/1296/2971 852/1121/2972
f 1300/1296/2971 1299/1295/2967 852/1121/2968
f 854/1123/2973 856/1125/2974 1300/1296/2975
f 1301/1297/2976 817/1298/1821 818/1294/2977
f 1301/1297/2976 818/1294/2964 1298/1293/2962
f 1302/1299/2978 814/1300/2979 817/1298/1821
f 1302/1299/2978 817/1298/2980 1301/1297/2976
f 1287/1301/2981 815/1302/1818 814/1300/2982
f 1287/1301/2983 814/1300/2979 1302/1299/2978
f 1236/523/2984 1242/517/2985 1303/482/2986
f 1237/522/2773 1236/523/2772 1303/482/2986
f 1237/522/2987 1303/482/2986 1304/481/2988
f 1239/521/2989 1237/522/2773 1304/481/2988
f 1239/521/2990 1304/481/2988 1305/480/2991
f 842/516/2992 1239/521/2993 1305/480/2991
f 842/516/1854 1305/480/2991 1306/479/2994
f 1303/482/2986 1242/517/2985 1307/441/2995
f 1308/412/2996 1245/520/2799 1246/267/2997
f 1308/412/2996 1246/267/2998 1309/270/2999
f 1310/413/3000 1243/518/2794 1245/520/3001
f 1310/413/3000 1245/520/3001 1308/412/2996
f 1311/414/3002 1242/519/2793 1310/413/3003
f 1242/519/2793 1243/518/3004 1310/413/3003
f 1312/410/3005 1307/441/2995 1311/411/3002
f 1307/441/2995 1242/517/3006 1311/411/3002
f 813/515/1815 842/516/1854 1306/479/2994
f 813/515/1815 1306/479/3007 1313/471/3008
f 816/513/1829 813/515/1815 1314/470/3009
f 813/515/3010 1313/471/3008 1314/470/3009
f 821/514/1825 816/513/3011 1314/470/3009
f 1315/329/3012 1316/512/3013 1317/304/3014
f 1316/512/3013 1318/303/3015 1317/304/3014
f 1319/328/3016 1316/512/3013 1315/329/3012
f 1320/339/3017 1321/485/3018 1322/317/3019
f 1321/485/3018 1323/319/3020 1322/317/3019
f 1323/321/3020 1324/220/3021 1325/218/3022
f 1323/321/3020 1325/218/3022 1326/323/3023
f 1321/485/3018 1327/212/3024 1324/216/3021
f 1321/485/3018 1324/216/3021 1323/319/3020
f 1326/323/3023 1325/218/3025 1328/222/3026
f 1326/323/3023 1328/222/3026 1329/510/3027
f 1316/511/3028 1319/326/3016 1329/510/3027
f 1319/326/3029 1326/323/3023 1329/510/3027
f 1316/511/3030 1330/509/3031 1318/305/3015
f 1330/509/3031 1331/307/3032 1318/305/3015
f 1329/510/3033 1330/509/3034 1316/511/3035
f 1332/224/3036 1330/509/3031 1329/510/3027
f 1332/224/3036 1329/510/3027 1328/222/3026
f 1330/509/3037 1333/505/3038 1331/307/3032
f 1334/241/3039 1333/505/3038 1330/509/3040
f 1334/241/3039 1330/509/3041 1332/224/3036
f 1335/504/3042 1333/505/3038 200/239/3043
f 1333/505/3038 1334/241/3044 200/239/3043
f 1336/1303/3045 1337/1304/3046 1280/1262/2908
f 1337/1304/3046 1279/1260/2905 1280/1262/2908
f 1280/1262/3047 1281/1264/2910 1336/1303/3045
f 1281/1264/3048 1338/1305/3049 1336/1303/3045
f 1281/1264/3048 1282/1266/2913 1338/1305/3049
f 1282/1266/2913 1339/1306/3050 1338/1305/3051
f 1282/1266/2913 1284/1269/2918 1340/1307/3052
f 1282/1266/2913 1340/1307/3052 1339/1306/3050
f 1341/499/3053 1342/492/3054 1258/495/2836
f 1341/499/3053 1258/495/2836 827/500/1837
f 1341/499/3053 1343/477/3055 1342/492/3054
f 1344/487/3056 1331/307/3057 1333/505/3038
f 1344/487/3056 1333/505/3058 1335/504/3042
f 1284/1269/2918 1286/1272/2926 1340/1307/3052
f 1287/1273/2983 1345/1308/3059 1286/1272/3060
f 1345/1308/3059 1340/1307/3052 1286/1272/3061
f 1341/499/3053 827/500/3062 828/488/1838
f 1341/499/3053 828/488/1838 1346/483/3063
f 1346/483/3063 1343/477/3055 1341/499/3053
f 857/498/1874 1257/497/2834 294/363/538
f 857/498/1874 294/363/3064 856/361/1873
f 1258/495/3065 394/496/3066 1257/497/2834
f 394/496/3067 294/363/3068 1257/497/3069
f 1342/492/3054 392/494/3070 1258/495/3071
f 392/494/3072 394/496/3073 1258/495/2836
f 1335/491/3042 1342/492/3074 1343/477/3055
f 1335/491/3042 1343/477/3055 1344/478/3056
f 200/493/395 392/494/3075 1342/492/3076
f 200/493/3043 1342/492/3076 1335/491/3077
f 823/489/1827 821/490/1830 1314/467/3009
f 823/489/1827 1314/467/3009 1347/468/3078
f 828/488/1838 823/489/3079 1347/468/3078
f 828/488/3080 1347/468/3081 1348/476/3082
f 1346/483/3063 828/488/3083 1349/475/3084
f 828/488/3083 1348/476/3082 1349/475/3084
f 1350/308/3085 1331/307/3032 1351/486/3086
f 1331/307/3087 1344/487/3088 1351/486/3086
f 1352/334/3089 1351/332/3086 1353/340/3090
f 1321/485/3091 1320/339/3017 1353/340/3090
f 1321/485/3092 1353/340/3090 1354/484/3093
f 1327/212/3024 1321/485/3018 1354/484/3093
f 1327/212/3024 1354/484/3094 1355/214/3095
f 1343/477/3055 1346/483/3063 1356/474/3096
f 1346/483/3097 1349/475/3084 1356/474/3096
f 1357/440/3098 1304/481/3099 1307/441/2995
f 1304/481/2988 1303/482/2986 1307/441/2995
f 1358/439/3100 1305/480/2991 1304/481/2988
f 1358/439/3100 1304/481/2988 1357/440/3098
f 1359/438/3101 1306/479/2994 1305/480/2991
f 1359/438/3101 1305/480/3102 1358/439/3103
f 1360/469/3104 1313/471/3008 1306/479/2994
f 1360/469/3104 1306/479/3105 1359/438/3101
f 1344/478/3088 1343/477/3055 1351/473/3106
f 1343/477/3107 1356/474/3096 1351/473/3108
f 1348/476/3109 1347/468/3081 1361/447/3110
f 1347/468/3081 1362/445/3111 1361/447/3110
f 1349/475/3084 1348/476/3082 1363/459/3112
f 1348/476/3082 1361/447/3110 1363/459/3112
f 1356/474/3096 1349/475/3113 1364/461/3114
f 1349/475/3115 1363/459/3112 1364/461/3114
f 1351/473/3116 1356/474/3096 1365/464/3117
f 1356/474/3118 1364/461/3119 1365/464/3117
f 1351/473/3086 1365/464/3120 1353/466/3090
f 1354/472/3094 1353/466/3090 1366/465/3121
f 1359/438/3101 1367/434/3122 1360/469/3123
f 1314/470/3009 1313/471/3008 1360/469/3104
f 1314/470/3009 1360/469/3123 1367/434/3122
f 1362/445/3111 1347/468/3078 1367/443/3122
f 1347/468/3078 1314/467/3009 1367/443/3122
f 1365/464/3117 1364/461/3119 1368/463/3124
f 1364/461/3119 1369/462/3125 1368/463/3124
f 1366/465/3121 1353/466/3090 1365/464/3120
f 1366/465/3121 1365/464/3126 1368/463/3127
f 1370/460/3128 1369/462/3125 1364/461/3119
f 1370/460/3128 1364/461/3129 1363/459/3130
f 1371/458/3131 1370/460/3128 1363/459/3112
f 1371/458/3131 1363/459/3112 1361/447/3110
f 1361/447/3132 1372/446/3133 1371/458/3134
f 1366/456/3135 1373/451/3136 1355/210/3095
f 1366/456/3121 1355/210/3095 1354/457/3094
f 1368/455/3127 1374/450/3137 1366/456/3121
f 1374/450/3137 1373/451/3136 1366/456/3135
f 1369/454/3138 1375/448/3139 1368/455/3127
f 1375/448/3139 1374/450/3137 1368/455/3127
f 1370/453/3128 1376/250/3140 1375/448/3141
f 1370/453/3142 1375/448/3139 1369/454/3143
f 1371/452/3134 1377/249/3144 1376/250/3140
f 1371/452/3131 1376/250/3145 1370/453/3142
f 1377/249/3144 1371/452/3134 1372/252/3133
f 1355/210/3095 1373/451/3136 176/209/366
f 1378/205/3146 176/209/366 1373/451/3147
f 1378/205/3146 1373/451/3148 1374/450/3137
f 1374/450/3149 1379/208/3150 1378/205/3151
f 1375/448/3152 1380/449/3153 1374/450/3149
f 1380/449/3153 1379/208/3150 1374/450/3149
f 1376/250/3154 1381/247/3155 1375/448/3141
f 1381/247/3155 1380/449/3153 1375/448/3152
f 1372/446/3133 1361/447/3156 1362/445/3111
f 1372/446/3157 1362/445/3111 1382/444/3158
f 1382/444/3158 1362/445/3159 1367/443/3122
f 1382/444/3158 1367/443/3122 1383/442/3160
f 1384/409/3161 1357/440/3098 1312/410/3005
f 1357/440/3162 1307/441/2995 1312/410/3005
f 1384/409/3161 1385/433/3163 1357/440/3098
f 1385/433/3163 1358/439/3100 1357/440/3164
f 1359/438/3165 1358/439/3100 1386/437/3166
f 1358/439/3167 1385/433/3168 1386/437/3166
f 1367/434/3122 1359/438/3169 1387/436/3170
f 1359/438/3101 1386/437/3166 1387/436/3170
f 1387/436/3170 1383/435/3160 1367/434/3171
f 1380/197/3172 1381/235/3155 1388/196/3173
f 1381/235/3174 1389/233/3175 1388/196/3173
f 1389/229/3175 1390/226/3176 1391/192/3177
f 1389/229/3175 1391/192/3177 1388/193/3173
f 1392/415/3178 1393/428/3179 1385/433/3180
f 1393/428/3179 1386/432/3166 1385/433/3168
f 1392/415/3178 1385/433/3163 1384/409/3161
f 1392/415/3181 1394/406/3182 1393/428/3179
f 1394/406/3182 1395/420/3183 1393/428/3179
f 1387/430/3170 1386/432/3166 1393/428/3179
f 1396/429/3184 1383/431/3160 1387/430/3170
f 1396/429/3184 1387/430/3170 1393/428/3185
f 1395/420/3183 1397/421/3186 1396/429/3184
f 1395/420/3187 1396/429/3184 1393/428/3188
f 1398/227/3189 1396/230/3184 1397/426/3186
f 1398/227/3189 1397/426/3186 1399/427/3190
f 1390/226/3176 1398/227/3189 1399/427/3190
f 1391/192/3191 1390/226/3176 1400/422/3192
f 1390/226/3193 1399/427/3190 1400/422/3192
f 1400/422/3192 347/423/3194 1391/192/3191
f 347/423/3194 167/195/352 1391/192/3191
f 1400/422/3195 1399/427/3190 1401/425/3196
f 1399/427/3190 1397/426/3186 1401/425/3196
f 1401/425/3197 343/424/3198 1400/422/3192
f 343/424/625 347/423/3199 1400/422/3200
f 1395/420/3201 1394/406/3202 1402/407/3203
f 1395/420/3187 1402/407/3203 1403/416/3204
f 1401/418/3196 1397/421/3205 1403/416/3204
f 1397/421/3186 1395/420/3201 1403/416/3204
f 1403/416/3204 341/417/3206 1401/418/3196
f 341/417/3207 343/419/3208 1401/418/3209
f 1402/407/3210 333/408/602 341/417/3211
f 1402/407/3210 341/417/3212 1403/416/3204
f 1394/406/3202 1392/415/3178 1404/387/3213
f 1394/406/3182 1404/387/3213 1405/388/3214
f 1392/415/3181 1384/409/3161 1406/395/3215
f 1392/415/3178 1406/395/3215 1404/387/3213
f 1407/271/3216 1408/405/3217 1309/270/2999
f 1408/405/3217 1308/412/2996 1309/270/2999
f 1310/413/3003 1409/401/3218 1410/402/3219
f 1310/413/3220 1410/402/3219 1311/414/3221
f 1310/413/3003 1308/412/2996 1409/401/3218
f 1308/412/3222 1408/405/3217 1409/401/3218
f 1311/411/3223 1410/399/3219 1411/396/3224
f 1311/411/3002 1411/396/3224 1312/410/3225
f 1312/410/3226 1411/396/3224 1384/409/3227
f 1411/396/3228 1406/395/3215 1384/409/3227
f 320/393/3229 333/408/3230 1412/391/3231
f 333/408/3230 1402/407/3210 1412/391/3231
f 1405/388/3214 1412/391/3232 1402/407/3233
f 1405/388/3234 1402/407/3233 1394/406/3182
f 1159/274/3235 1158/404/3236 1407/271/3216
f 1158/404/3236 1408/405/3237 1407/271/3238
f 1408/405/3239 1158/404/2510 1409/401/3240
f 1158/404/3236 1164/400/2523 1409/401/3241
f 1163/403/3242 1410/402/3219 1164/400/2523
f 1410/402/3243 1409/401/3218 1164/400/2523
f 1411/396/3244 1410/399/3243 1163/398/3242
f 1411/396/3244 1163/398/3245 1162/397/3246
f 1162/397/3246 1169/394/2537 1406/395/3215
f 1162/397/3247 1406/395/3215 1411/396/3248
f 1404/387/3249 1406/395/3215 1169/394/2537
f 1404/387/3213 1169/394/3250 1168/386/3251
f 320/393/3252 1412/391/3232 1171/390/2541
f 320/393/3253 1171/390/2541 319/392/579
f 1412/391/3254 1405/388/3234 1170/389/2540
f 1412/391/3232 1170/389/2540 1171/390/3255
f 1170/389/3256 1405/388/3257 1168/386/3251
f 1405/388/3214 1404/387/3213 1168/386/3258
f 927/378/1974 940/385/3259 943/377/2004
f 963/380/2033 966/384/3260 965/383/3261
f 963/380/2033 965/383/3261 1046/379/2237
f 943/381/3262 942/382/2003 963/380/2033
f 943/381/3263 963/380/3264 1046/379/2237
f 927/378/3265 943/377/3262 1046/376/3266
f 1302/1299/3267 1345/1309/3059 1287/1301/2983
f 1301/1297/2976 1413/1310/3268 1345/1309/3269
f 1301/1297/3270 1345/1309/3059 1302/1299/3271
f 1298/1293/3272 1414/1311/3273 1413/1310/3268
f 1298/1293/3274 1413/1310/3275 1301/1297/3270
f 1297/1291/2963 1415/1312/3276 1414/1311/3273
f 1297/1291/2963 1414/1311/3273 1298/1293/3277
f 1296/1289/2956 1416/1313/3278 1415/1312/3276
f 1296/1289/3279 1415/1312/3276 1297/1291/2959
f 1295/1287/3280 1417/1314/3281 1416/1313/3278
f 1295/1287/3282 1416/1313/3278 1296/1289/3283
f 1294/1285/2951 1418/1315/3284 1417/1314/3281
f 1294/1285/2951 1417/1314/3285 1295/1287/3286
f 1293/1283/2953 835/1103/1847 1294/1285/2951
f 835/1103/1847 1418/1315/3284 1294/1285/2951
f 1292/1280/2950 835/1103/3287 1293/1283/3288
f 1278/1279/2901 833/1101/1845 1292/1280/2950
f 833/1101/1845 835/1103/3287 1292/1280/2942
f 1299/341/2967 277/342/3289 1291/170/3290
f 277/342/3289 141/169/322 1291/170/3291
f 294/363/3292 273/362/507 856/361/3293
f 890/360/1916 1055/243/2645 1419/142/3294
f 1042/359/3295 1087/358/3296 1097/357/3297
f 1277/1255/2900 1337/1304/3046 833/1316/1845
f 1277/1255/2900 833/1316/1845 1278/1256/2901
f 1279/1260/3298 1337/1304/3046 1277/1255/2900
f 834/1102/1846 833/1316/1845 1337/1304/3299
f 1336/1303/3045 1420/1317/3300 834/1102/1846
f 1336/1303/3045 834/1102/1846 1337/1304/3046
f 1338/1305/3051 1421/1318/3301 1420/1317/3300
f 1338/1305/3302 1420/1317/3300 1336/1303/3303
f 1339/1306/3304 1422/1319/3305 1421/1318/3301
f 1339/1306/3050 1421/1318/3306 1338/1305/3307
f 1340/1307/3308 1423/1320/3309 1339/1306/3310
f 1423/1320/3309 1422/1319/3305 1339/1306/3310
f 1345/1308/3059 1423/1320/3309 1340/1307/3052
f 1413/1310/3311 1423/1320/3309 1345/1309/3059
f 1414/1311/3273 1423/1320/3312 1413/1310/3313
f 1415/1312/3276 1422/1319/3305 1423/1320/3314
f 1415/1312/3315 1423/1320/3314 1414/1311/3316
f 1300/335/2975 272/336/506 1299/341/2967
f 272/336/506 277/342/3317 1299/341/3318
f 1353/340/3319 1320/339/3017 1352/334/3089
f 1424/311/3320 1350/313/3085 1352/310/3321
f 1425/256/3322 1372/252/3323 1382/331/3158
f 856/338/3324 273/337/507 1300/335/2971
f 273/337/507 272/336/506 1300/335/3325
f 1352/334/3326 1350/333/3327 1351/332/3328
f 1426/312/3329 1315/329/3012 1427/301/3330
f 1315/329/3012 1317/304/3014 1427/301/3330
f 1382/331/3331 1383/330/3332 1425/256/3322
f 1428/316/3333 1319/328/3334 1315/329/3012
f 1428/316/3333 1315/329/3335 1426/312/3329
f 1241/1209/2788 473/1208/3336 474/1321/972
f 1241/1209/3337 474/1321/3338 1429/1322/3339
f 1322/317/3019 1430/320/3340 1319/328/3334
f 1322/317/3341 1319/328/3342 1428/316/3333
f 1320/309/3343 1428/327/3344 1424/311/3320
f 1428/327/3344 1426/312/3329 1424/311/3320
f 1319/326/3334 1430/322/3340 1326/323/3023
f 1052/325/2827 1051/324/2828 1255/153/2826
f 1051/324/2642 1256/154/2829 1255/153/2826
f 1326/323/3345 1430/322/3340 1323/321/3020
f 1430/320/3346 1322/317/3347 1323/319/3020
f 1320/318/3017 1322/317/3019 1428/316/3344
f 1416/1313/3348 1421/1318/3349 1422/1319/3305
f 1416/1313/3278 1422/1319/3305 1415/1312/3350
f 1426/312/3329 1427/301/3330 1431/302/3351
f 1350/313/3352 1424/311/3320 1431/302/3351
f 1424/311/3353 1426/312/3354 1431/302/3351
f 1424/311/3355 1352/310/3326 1320/309/3017
f 1350/308/3352 1431/306/3351 1331/307/3057
f 1331/307/3032 1431/306/3356 1318/305/3015
f 1317/304/3014 1318/303/3015 1427/301/3357
f 1318/303/3358 1431/302/3359 1427/301/3330
f 1332/224/3360 188/225/3361 201/240/3362
f 1332/224/3360 201/240/3363 1334/241/3044
f 1175/299/2573 247/300/468 922/173/1969
f 247/300/3364 146/174/3365 922/173/1969
f 1173/295/3366 245/296/3367 1175/299/3368
f 245/296/3369 247/300/468 1175/299/3370
f 950/298/2011 243/297/463 1173/295/2571
f 243/297/3371 245/296/3372 1173/295/3366
f 949/291/3373 241/292/3374 243/294/3375
f 949/291/2010 243/294/3376 950/293/2011
f 1135/289/3377 239/290/458 949/291/3378
f 239/290/3379 241/292/3374 949/291/3378
f 1136/285/3380 237/286/3381 1135/289/3377
f 237/286/3381 239/290/3379 1135/289/2457
f 1156/288/2505 235/287/451 1136/285/3382
f 235/287/3383 237/286/3384 1136/285/3380
f 1157/281/2507 233/282/3385 1156/283/3386
f 233/282/3387 235/284/3388 1156/283/3389
f 1167/279/2530 231/280/3390 1157/281/3391
f 231/280/3392 233/282/3393 1157/281/2507
f 1161/275/3394 229/276/3395 1167/279/3396
f 229/276/3397 231/280/3398 1167/279/2530
f 1159/278/3235 226/277/3399 1161/275/2513
f 226/277/3400 229/276/3401 1161/275/2513
f 1159/274/3235 1407/271/3402 225/272/440
f 1159/274/2511 225/272/3403 226/273/3404
f 1309/270/2999 222/269/3405 1407/271/3238
f 222/269/3406 225/272/3407 1407/271/3238
f 1309/270/3408 1246/267/2801 221/268/436
f 1309/270/3408 221/268/436 222/269/3409
f 1244/265/3410 219/266/432 221/268/3411
f 1244/265/3410 221/268/3412 1246/267/2998
f 216/263/3413 219/266/3414 1208/264/3415
f 219/266/3416 1244/265/3410 1208/264/3417
f 216/263/434 1208/264/2795 1197/262/2678
f 216/263/3418 1197/262/2707 214/261/2709
f 153/258/3419 861/260/1879 1432/257/3420
f 861/260/1879 889/259/2257 1432/257/3420
f 1432/257/3421 889/259/1915 888/254/1914
f 1432/257/3421 888/254/1914 211/255/423
f 211/255/418 153/258/3422 1432/257/3423
f 1425/256/3322 859/251/1877 1372/252/3424
f 211/255/3425 888/254/1914 1433/162/3426
f 211/255/3427 1433/162/3426 135/163/416
f 1433/162/3428 888/254/3429 1434/161/3430
f 888/254/3431 890/253/3432 1434/161/3430
f 1419/144/3294 1434/161/3430 890/253/3432
f 1377/249/3433 1372/252/3434 858/248/1876
f 1372/252/3323 859/251/1877 858/248/1876
f 1381/247/3435 1376/250/3140 1377/249/3433
f 1377/249/3436 858/248/1876 1381/247/3437
f 1383/246/3160 1435/244/3438 1425/245/3322
f 859/238/3439 1425/245/3322 1435/244/3438
f 859/238/3440 1435/244/3438 1436/237/3441
f 1419/142/3294 1055/243/3442 1253/151/2821
f 1055/243/3443 1054/242/2822 1253/151/2821
f 1334/241/3039 201/240/3444 200/239/3445
f 1389/233/3175 860/234/1878 1436/237/3441
f 860/234/1878 859/238/3440 1436/237/3446
f 1381/235/3447 858/236/1876 860/234/1878
f 1381/235/3447 860/234/3448 1389/233/3449
f 1383/232/3332 1396/230/3450 1435/231/3438
f 1436/228/3451 1435/231/3438 1398/227/3189
f 1435/231/3438 1396/230/3452 1398/227/3453
f 1389/229/3175 1436/228/3451 1390/226/3454
f 1436/228/3451 1398/227/3455 1390/226/3456
f 1328/222/3457 186/223/377 1332/224/3360
f 186/223/377 188/225/3458 1332/224/3360
f 1325/218/3022 184/219/3459 186/223/377
f 1325/218/3022 186/223/377 1328/222/3460
f 1324/220/3461 182/221/3462 184/219/378
f 1324/220/3463 184/219/375 1325/218/3025
f 1327/212/3464 180/213/3465 1324/216/3466
f 180/213/3467 182/217/3468 1324/216/3469
f 1355/214/3470 178/215/3471 180/213/3472
f 1355/214/3473 180/213/3474 1327/212/3464
f 176/209/3475 178/211/3476 1355/210/3473
f 1378/205/3151 175/206/3477 176/209/3478
f 1379/208/3479 172/207/365 1378/205/3146
f 172/207/365 175/206/364 1378/205/3146
f 173/203/362 1437/198/3480 1438/199/3481
f 173/203/3482 1438/199/3481 171/204/3483
f 1379/200/3484 1437/198/3480 172/202/365
f 1437/198/3480 173/203/3485 172/202/3486
f 809/1084/1804 1439/1127/3487 740/1085/3488
f 1439/1127/3487 739/1135/3489 740/1085/3490
f 1439/1127/3487 1440/1126/3491 744/1134/3492
f 1439/1127/3487 744/1134/1582 739/1135/1576
f 1440/1126/3491 1441/1130/3493 756/1133/1608
f 1440/1126/3491 756/1133/1608 744/1134/3494
f 719/934/3495 476/618/3496 156/620/341
f 132/160/3497 707/913/1811 129/156/307
f 707/913/1811 708/915/1466 129/156/3498
f 808/1082/1801 751/1083/1803 753/1132/1600
f 808/1082/1801 753/1132/1600 1442/1128/3499
f 1441/1130/3493 1443/1129/3500 754/1131/3501
f 1441/1130/3502 754/1131/3501 756/1133/1608
f 129/156/3498 708/915/1466 479/914/983
f 209/253/3503 213/259/424 210/254/3504
f 753/1132/3505 754/1131/3506 1442/1128/3499
f 754/1131/3501 1443/1129/3500 1442/1128/3499
f 1440/1126/3507 723/940/1551 1441/1130/3493
f 723/940/1551 724/941/1552 1441/1130/3493
f 1441/1130/3493 724/941/3508 726/943/1555
f 1441/1130/3493 726/943/1555 1443/1129/3500
f 1443/1129/3509 726/943/3510 1442/1128/3511
f 726/943/3512 692/894/1434 1442/1128/3499
f 1442/1128/3513 692/894/1434 690/891/3514
f 1442/1128/3515 690/891/3516 808/1082/1801
f 808/1082/3517 690/891/3518 687/890/1426
f 808/1082/3519 687/890/1426 807/1080/3520
f 807/1078/3521 687/885/3522 685/883/3523
f 807/1078/3524 685/883/3523 758/990/1612
f 685/883/3523 683/881/1421 758/990/1612
f 758/990/3525 683/881/1421 757/988/1610
f 683/881/1421 680/878/3526 757/988/1610
f 757/988/3527 680/878/3528 678/876/1405
f 757/988/3529 678/876/1405 809/1084/1804
f 809/1084/3530 678/876/3531 677/875/1545
f 809/1084/3530 677/875/3532 1439/1127/3487
f 1439/1127/3487 677/875/1545 722/938/1546
f 1439/1127/3487 722/938/3533 1440/1126/3534
f 723/940/1551 1440/1126/3491 722/938/1546
f 719/934/1532 156/620/3535 154/1077/339
f 196/234/3536 199/238/3537 198/236/3538
f 171/201/3539 1438/194/3481 167/195/352
f 484/628/990 274/361/508 396/498/766
f 485/630/3540 421/530/847 484/631/3541
f 421/530/847 274/529/508 484/631/990
f 486/634/3542 422/531/852 421/530/847
f 486/634/3543 421/530/3544 485/630/3540
f 487/636/3545 423/533/3546 422/531/848
f 487/636/3547 422/531/848 486/634/3542
f 488/638/3548 439/552/884 487/636/1000
f 439/552/3549 423/533/3550 487/636/3551
f 489/640/1005 445/560/3552 488/638/1002
f 445/560/3552 439/552/3553 488/638/1002
f 490/642/3554 460/586/936 489/640/1009
f 460/586/3555 445/560/3556 489/640/3557
f 1241/1209/3337 1444/1323/3558 460/586/3555
f 1241/1209/3337 460/586/3555 490/642/3554
f 1429/1322/3339 1445/1324/3559 1241/1209/3560
f 1445/1324/3559 1444/1323/3558 1241/1209/3561
f 409/515/819 1445/1110/3559 1429/1088/3339
f 409/515/3562 410/516/944 1445/1110/3559
f 410/516/944 463/593/941 1445/1110/3559
f 461/1325/938 459/584/935 460/586/3555
f 461/1325/3563 460/586/936 1444/1323/3558
f 461/1325/3564 1444/1323/3558 463/1326/3565
f 1444/1323/3566 1445/1324/3559 463/1326/3565
f 1379/200/3567 1380/197/3568 1437/198/3480
f 1438/199/3481 1437/198/3480 1388/196/3569
f 1437/198/3570 1380/197/3153 1388/196/3569
f 167/195/352 1438/194/3481 1391/192/3191
f 1438/194/3481 1388/193/3571 1391/192/3191
f 1417/1314/3572 1420/1317/3573 1421/1318/3301
f 1417/1314/3285 1421/1318/3574 1416/1313/3575
f 1418/1315/3284 834/1102/3576 1420/1317/3573
f 1418/1315/3284 1420/1317/3573 1417/1314/3577
f 835/1103/3578 834/1102/3579 1418/1315/3284
f 155/183/3580 862/184/2831 861/182/1879
f 155/183/3581 861/182/1879 153/181/3582
f 916/177/1961 150/178/3583 912/179/1956
f 150/178/3584 152/180/3585 912/179/1956
f 918/175/1963 148/176/332 150/178/3584
f 918/175/1963 150/178/3583 916/177/1961
f 911/171/3586 144/172/325 148/176/329
f 911/171/3586 148/176/3587 918/175/1963
f 922/173/1969 146/174/3588 144/172/3589
f 922/173/1969 144/172/3590 911/171/3591
f 1291/170/3592 141/169/539 1290/167/3593
f 141/169/322 140/168/3594 1290/167/2939
f 138/166/3595 137/165/3596 913/148/1958
f 137/165/3597 1446/149/3598 913/148/1958
f 159/187/545 158/186/3599 287/365/3600
f 429/1100/3601 430/594/3602 466/598/949
f 429/1100/3601 466/598/949 475/617/975
f 429/1100/3601 475/617/3603 428/1099/863
f 398/500/770 428/1099/3604 475/617/3603
f 387/488/3605 388/489/3606 1447/1093/3607
f 387/488/3605 1447/1093/3607 1448/1097/3608
f 387/488/3605 1448/1097/3608 398/500/770
f 398/500/770 1448/1097/3608 428/1099/3609
f 428/1099/3610 1448/1097/3611 427/1098/3612
f 1447/1093/3613 426/1094/3614 1448/1097/3611
f 426/1094/858 427/1098/3615 1448/1097/3611
f 389/514/757 408/513/816 420/1092/845
f 389/514/757 420/1092/845 425/1096/855
f 388/489/3616 389/490/757 1447/1093/3613
f 389/490/3617 425/1095/855 426/1094/858
f 389/490/3617 426/1094/858 1447/1093/3607
f 420/1092/3618 408/513/816 419/1091/843
f 417/1089/3619 419/1091/3620 408/513/3621
f 417/1089/3619 408/513/3622 409/515/3623
f 417/1089/3624 450/1086/915 418/1090/3625
f 417/1089/3626 409/515/3627 450/1086/974
f 409/515/3627 1429/1088/3339 450/1086/3628
f 1429/1088/3339 474/1087/972 450/1086/3629
f 137/165/3630 136/164/3631 1449/150/3632
f 137/165/3633 1449/150/3632 1446/149/3598
f 136/164/3634 135/163/3635 1449/150/3632
f 135/163/3636 1433/162/3426 1449/150/3632
f 1449/150/3637 1433/162/3638 1450/143/3639
f 1433/162/3428 1434/161/3640 1450/143/3639
f 1450/143/3639 1434/161/3430 1419/144/3294
f 893/156/1919 897/160/1928 1036/158/3641
f 893/156/1919 1036/158/3642 1017/155/2157
f 897/160/3643 905/159/3644 1036/158/3645
f 893/157/3646 1451/137/3647 1256/154/3648
f 893/156/1919 1017/155/2157 1451/135/3647
f 1017/155/3649 1011/145/2140 1451/135/3647
f 1256/154/3650 1451/137/3647 1452/138/3651
f 1256/154/3652 1452/138/3651 1255/153/2826
f 1255/153/3653 1452/138/3651 1254/152/2823
f 1452/138/3651 1453/139/3654 1254/152/2825
f 1254/152/3655 1453/139/3654 1253/151/2821
f 1453/139/3654 1454/141/3656 1253/151/2821
f 1253/151/2821 1454/141/3656 1419/142/3294
f 1449/150/3657 1450/143/3639 1455/131/3658
f 1449/150/3632 1455/131/3658 1446/149/3598
f 1446/149/3598 1455/131/3659 915/147/1960
f 1446/149/3598 915/147/1960 913/148/3660
f 915/147/1960 1455/131/3658 1456/132/3661
f 915/147/3662 1456/132/3661 919/146/3663
f 919/146/3663 1456/132/3661 1011/145/2140
f 1456/132/3664 1451/135/3647 1011/145/3665
f 1419/144/3294 1457/134/3666 1455/131/3658
f 1419/144/3667 1455/131/3659 1450/143/3668
f 1419/142/3669 1454/141/3656 1457/140/3666
f 1454/141/3656 1453/139/3654 1458/136/3670
f 1454/141/3656 1458/136/3670 1457/140/3666
f 1453/139/3654 1452/138/3651 1458/136/3670
f 1452/138/3651 1451/137/3647 1458/136/3670
f 1451/135/3647 1456/132/3664 1458/133/3670
f 1457/134/3671 1458/133/3670 1455/131/3658
f 1458/133/3670 1456/132/3664 1455/131/3658
