# Blender v3.0.0 OBJ File: 'woodenhouse.blend'
# www.blender.org
mtllib woodenhouse.mtl
o woodencabin_Plane
v -4.125000 0.000000 0.000000
v 4.125000 0.000000 0.000000
v -4.125000 0.000000 -2.000000
v 4.125000 0.000000 -2.000000
v 2.517700 3.855156 -12.000000
v 2.018224 4.168108 -11.600000
v -4.125000 0.000000 -12.000000
v -4.125000 0.800000 0.000000
v -2.018224 4.168108 -11.600000
v 4.125000 0.800000 0.000000
v 4.125000 0.000000 -12.000000
v 4.125000 0.800000 -12.000000
v -4.125000 0.800000 -12.000000
v 0.000000 8.640800 -12.000000
v 0.000000 8.640800 -2.000000
v -2.517701 3.855156 -12.000000
v -2.517701 3.855156 -2.000000
v 2.230933 3.765627 -11.600000
v 2.517700 3.855156 -2.000000
v -2.304098 4.261170 -2.000000
v -2.230934 3.765627 -11.600000
v -3.815625 0.800000 -11.600000
v 0.000000 8.003735 -11.600000
v 2.304098 4.261170 -2.000000
v 2.304098 4.261170 -12.000000
v -2.304098 4.261170 -12.000000
v 3.815625 0.800000 -11.600000
v -3.815625 0.800000 -0.225000
v 3.815625 0.800000 -0.225000
v 3.815625 0.800000 -2.000000
v 0.000000 8.003735 -2.000000
v -3.815625 0.800000 -2.000000
v -2.230934 3.765627 -2.000000
v 2.230933 3.765627 -2.000000
v -2.018224 4.168108 -2.000000
v 2.018224 4.168108 -2.000000
v -3.815625 0.225000 -12.000000
v 3.815625 0.225000 -12.000000
v -3.815625 0.800000 -12.000000
v 2.230933 3.765627 -12.000000
v 3.815625 0.800000 -12.000000
v 0.000000 8.003735 -12.000000
v -2.230934 3.765627 -12.000000
v 2.018224 4.168108 -12.000000
v -2.018224 4.168108 -12.000000
v -3.815625 0.800000 -2.200000
v -2.230934 3.765627 -2.200000
v 2.018224 4.168108 -2.200000
v 2.230933 3.765627 -2.200000
v 3.815625 0.800000 -2.200000
v -2.018224 4.168108 -2.200000
v 0.000000 8.003735 -2.200000
v 1.062500 0.570000 0.340446
v 1.062500 0.570000 0.040446
v -1.062500 0.570000 0.340446
v -1.062500 0.570000 0.040446
v 0.000000 0.000000 -12.000000
v 0.000000 0.000000 0.000000
v 0.000000 0.000000 -2.000000
v 0.000000 0.800000 -11.600000
v 0.000000 0.800000 -2.000000
v 0.000000 0.800000 -0.225000
v 0.000000 0.225000 -12.000000
v 0.000000 0.800000 -2.200000
v -0.000000 3.765627 -2.200000
v 0.000000 4.168108 -2.200000
v 0.000000 4.168108 -11.600000
v -0.000000 0.800000 -12.000000
v -1.062500 0.520000 0.340446
v 1.062500 0.520000 0.340446
v 1.062500 0.520000 0.040446
v -1.062500 0.520000 0.040446
v -1.062500 0.340000 0.340446
v 1.062500 0.340000 0.340446
v 1.062500 0.340000 0.640446
v -1.062500 0.340000 0.640446
v -1.062500 0.390000 0.340446
v -1.062500 0.390000 0.640446
v 1.062500 0.390000 0.340446
v 1.062500 0.390000 0.640446
v -1.062500 0.160000 0.640446
v 1.062500 0.160000 0.640446
v 1.062500 0.160000 0.940446
v -1.062500 0.160000 0.940446
v -1.062500 0.210000 0.640446
v -1.062500 0.210000 0.940446
v 1.062500 0.210000 0.640446
v 1.062500 0.210000 0.940446
v 1.125000 0.800000 0.005158
v 1.125000 0.500585 0.005158
v 1.062500 0.800000 0.005158
v 1.062500 0.500585 0.005158
v -1.062500 0.500585 0.005158
v -1.125000 0.800000 0.005158
v -1.125000 0.500585 0.005158
v 1.062500 0.252061 0.969124
v 1.125000 0.252061 0.969124
v 1.125000 -0.047354 0.969124
v 1.062500 -0.047354 0.969124
v -1.125000 0.252061 0.969124
v -1.062500 0.252061 0.969124
v -1.062500 -0.047354 0.969124
v -1.125000 -0.047354 0.969124
v -1.125000 0.252061 0.919124
v -1.062500 0.252061 0.919124
v -1.062500 1.152061 0.919124
v -1.125000 1.152061 0.919124
v -1.062500 1.123350 0.969124
v -1.125000 1.123350 0.969124
v -1.062500 1.700000 -0.094842
v -1.062500 0.800000 0.005158
v -1.062500 0.800000 -0.044842
v -1.125000 0.800000 -0.044842
v -1.062500 0.800000 -0.094842
v -1.125000 0.800000 -0.094842
v -1.625000 0.800000 -0.094842
v -1.562500 0.800000 -0.094842
v -1.625000 0.800000 -0.044842
v -1.562500 0.800000 -0.044842
v -2.125000 0.800000 -0.094842
v -2.062500 0.800000 -0.094842
v -2.125000 0.800000 -0.044842
v -2.062500 0.800000 -0.044842
v -2.062500 1.700000 -0.094842
v -2.062500 1.700000 -0.044842
v -4.062500 1.700000 -1.594842
v -2.625000 0.800000 -0.094842
v -2.562500 0.800000 -0.094842
v -2.625000 0.800000 -0.044842
v -2.562500 0.800000 -0.044842
v -4.093750 1.700000 -1.594842
v -3.125000 0.800000 -0.094842
v -3.062500 0.800000 -0.094842
v -3.125000 0.800000 -0.044842
v -3.062500 0.800000 -0.044842
v -3.062500 1.700000 -0.094842
v -3.125000 1.700000 -0.094842
v -3.968750 1.700000 -1.594842
v -3.968750 1.700000 -1.244842
v -3.625000 0.800000 -0.094842
v -3.562500 0.800000 -0.094842
v -3.625000 0.800000 -0.044842
v -3.562500 0.800000 -0.044842
v -3.562500 1.700000 -0.094842
v -3.625000 1.700000 -0.094842
v -4.000000 1.700000 -1.244842
v -4.062500 0.800000 -0.094842
v -4.000000 0.800000 -0.094842
v -4.062500 0.800000 -0.044842
v -4.000000 0.800000 -0.044842
v -4.093750 1.700000 -1.244842
v -4.093750 1.700000 -1.194842
v -4.062500 1.700000 -1.194842
v -4.000000 1.700000 -1.194842
v -4.062500 0.800000 -0.444842
v -4.000000 0.800000 -0.444842
v -4.062500 0.800000 -0.394842
v -4.000000 0.800000 -0.394842
v -4.000000 1.700000 -0.444842
v -4.062500 1.700000 -0.444842
v -4.062500 1.700000 -0.394842
v -4.062500 0.800000 -0.844842
v -4.000000 0.800000 -0.844842
v -4.062500 0.800000 -0.794842
v -4.000000 0.800000 -0.794842
v -4.062500 1.700000 -0.844842
v -4.062500 0.800000 -1.244842
v -4.000000 0.800000 -1.244842
v -4.062500 0.800000 -1.194842
v -4.000000 0.800000 -1.194842
v -4.062500 1.700000 -1.244842
v -4.062500 0.800000 -1.644842
v -4.000000 0.800000 -1.644842
v -4.062500 0.800000 -1.594842
v -4.000000 0.800000 -1.594842
v -4.000000 1.700000 -1.644842
v -4.000000 1.700000 -1.594842
v -4.125000 0.800000 -2.000000
v -0.345905 4.168108 -2.250000
v 4.125000 0.800000 -2.000000
v -1.062500 1.700000 -0.044842
v -1.125000 1.700000 -0.044842
v -3.968750 1.700000 -1.194842
v -1.062500 0.563385 0.415407
v -1.062500 0.538677 0.458875
v -1.062500 1.438385 0.415407
v -1.062500 1.413677 0.458875
v -1.125000 1.413677 0.458875
v -1.125000 1.438385 0.415407
v -1.125000 0.563385 0.415407
v -1.125000 0.538677 0.458875
v -1.031250 1.152061 0.919124
v -1.031250 1.700000 -0.044842
v -1.031250 1.438385 0.415407
v -1.031250 1.413677 0.458875
v -1.156250 1.700000 -0.044842
v -1.156250 1.413677 0.458875
v -1.156250 1.438385 0.415407
v -1.062500 1.108814 0.994124
v -1.125000 1.108814 0.994124
v -1.156250 1.152061 0.919124
v -1.156250 1.123350 0.969124
v -1.156250 1.108814 0.994124
v -3.968750 1.700000 -0.844842
v -1.031250 1.123350 0.969124
v -1.031250 1.108814 0.994124
v -4.062500 0.800000 -2.000000
v -4.000000 0.800000 -2.000000
v -4.062500 0.800000 -1.950000
v -4.000000 0.800000 -1.950000
v -4.000000 1.700000 -0.844842
v -1.125000 1.700000 -0.094842
v -1.031250 1.700000 -0.094842
v -1.156250 1.700000 -0.094842
v -1.062500 1.700000 -0.119842
v -4.093750 1.700000 -0.844842
v -1.125000 1.700000 -0.119842
v -1.031250 1.700000 -0.119842
v -1.156250 1.700000 -0.119842
v -1.156250 1.700000 -0.019842
v -1.562500 1.700000 -0.044842
v -1.562500 1.700000 -0.094842
v -1.562500 1.700000 -0.119842
v -1.562500 1.700000 -0.019842
v -1.625000 1.700000 -0.044842
v -1.625000 1.700000 -0.094842
v -1.625000 1.700000 -0.119842
v -1.625000 1.700000 -0.019842
v -4.093750 1.700000 -0.794842
v -4.062500 1.700000 -0.794842
v -4.000000 1.700000 -0.794842
v -3.968750 1.700000 -0.794842
v -2.062500 1.700000 -0.119842
v -2.062500 1.700000 -0.019842
v -2.125000 1.700000 -0.044842
v -2.125000 1.700000 -0.094842
v -2.125000 1.700000 -0.119842
v -2.125000 1.700000 -0.019842
v -2.562500 1.700000 -0.044842
v -2.562500 1.700000 -0.094842
v -2.562500 1.700000 -0.119842
v -2.562500 1.700000 -0.019842
v -2.625000 1.700000 -0.044842
v -2.625000 1.700000 -0.094842
v -2.625000 1.700000 -0.119842
v -2.625000 1.700000 -0.019842
v -3.968750 1.700000 -0.444842
v -3.062500 1.700000 -0.044842
v -3.062500 1.700000 -0.119842
v -3.062500 1.700000 -0.019842
v -3.125000 1.700000 -0.044842
v -4.093750 1.700000 -0.444842
v -3.125000 1.700000 -0.119842
v -3.125000 1.700000 -0.019842
v -4.093750 1.700000 -0.394842
v -3.562500 1.700000 -0.044842
v -4.000000 1.700000 -0.394842
v -3.562500 1.700000 -0.119842
v -3.562500 1.700000 -0.019842
v -3.625000 1.700000 -0.044842
v -3.968750 1.700000 -0.394842
v -3.625000 1.700000 -0.119842
v -3.625000 1.700000 -0.019842
v -3.968750 1.700000 -0.094842
v -3.968750 1.700000 -0.119842
v -4.000000 1.700000 -0.044842
v -4.000000 1.700000 -0.094842
v -4.000000 1.700000 -0.119842
v -4.000000 1.700000 -0.019842
v -4.062500 1.700000 -0.044842
v -4.062500 1.700000 -0.094842
v -4.062500 1.700000 -0.119842
v -4.062500 1.700000 -0.019842
v -4.093750 1.700000 -0.094842
v -3.968750 1.700000 -0.044842
v -4.093750 1.700000 -0.044842
v -3.968750 1.700000 -0.019842
v -4.093750 1.700000 -0.119842
v -4.093750 1.700000 -0.019842
v -4.093750 1.700000 -1.644842
v -4.062500 1.700000 -1.644842
v -3.968750 1.700000 -1.644842
v -4.000000 1.700000 -1.950000
v -4.062500 1.700000 -1.950000
v -4.093750 1.700000 -1.950000
v -3.968750 1.700000 -1.950000
v -4.093750 1.700000 -2.000000
v -4.062500 1.700000 -2.000000
v -4.000000 1.700000 -2.000000
v -3.968750 1.700000 -2.000000
v -4.000000 1.700000 -2.025000
v -4.062500 1.700000 -2.025000
v -4.093750 1.700000 -2.025000
v -3.968750 1.700000 -2.025000
v -4.093750 1.740000 -1.594842
v -3.968750 1.740000 -1.594842
v -3.968750 1.740000 -1.244842
v -4.093750 1.740000 -1.244842
v -4.093750 1.740000 -1.194842
v -3.968750 1.740000 -1.194842
v -1.031250 1.192061 0.919124
v -1.031250 1.453677 0.458875
v -1.156250 1.740000 -0.044842
v -1.062500 1.148814 0.994124
v -1.125000 1.148814 0.994124
v -1.156250 1.740000 -0.094842
v -1.156250 1.148814 0.994124
v -1.031250 1.163350 0.969124
v -1.031250 1.148814 0.994124
v -1.031250 1.740000 -0.094842
v -1.062500 1.740000 -0.119842
v -4.093750 1.740000 -0.844842
v -1.031250 1.740000 -0.119842
v -1.156250 1.740000 -0.119842
v -1.156250 1.740000 -0.019842
v -1.562500 1.740000 -0.119842
v -1.562500 1.740000 -0.019842
v -4.093750 1.740000 -0.794842
v -3.968750 1.740000 -0.794842
v -2.062500 1.740000 -0.119842
v -2.125000 1.740000 -0.119842
v -4.000000 1.740000 -2.025000
v -2.562500 1.740000 -0.119842
v -3.968750 1.740000 -2.025000
v -2.625000 1.740000 -0.019842
v -4.000000 1.740000 -2.000000
v -3.062500 1.740000 -0.019842
v -4.062500 1.740000 -2.000000
v -4.093750 1.740000 -0.394842
v -3.562500 1.740000 -0.019842
v -3.968750 1.740000 -0.394842
v -3.625000 1.740000 -0.119842
v -4.062500 1.740000 -1.950000
v -4.000000 1.740000 -1.950000
v -4.000000 1.740000 -0.019842
v -4.062500 1.740000 -0.019842
v -4.093750 1.740000 -0.094842
v -4.093750 1.740000 -0.044842
v -3.968750 1.740000 -0.019842
v -4.093750 1.740000 -0.019842
v -4.093750 1.740000 -1.950000
v -3.968750 1.740000 -1.950000
v -4.093750 1.740000 -2.000000
v -3.968750 1.740000 -2.000000
v -1.125000 1.740000 -0.094842
v -4.062500 1.740000 -2.025000
v -4.093750 1.740000 -2.025000
v -1.125000 1.740000 -0.119842
v -1.062500 1.163350 0.969124
v -1.125000 1.163350 0.969124
v -1.156250 1.163350 0.969124
v -3.968750 1.740000 -1.644842
v -1.062500 1.192061 0.919124
v -1.125000 1.192061 0.919124
v -1.156250 1.192061 0.919124
v -4.000000 1.740000 -1.644842
v -1.062500 1.453677 0.458875
v -1.125000 1.453677 0.458875
v -1.156250 1.453677 0.458875
v -4.062500 1.740000 -1.644842
v -1.062500 1.478385 0.415407
v -1.125000 1.478385 0.415407
v -1.156250 1.478385 0.415407
v -1.031250 1.478385 0.415407
v -1.062500 1.740000 -0.044842
v -1.125000 1.740000 -0.044842
v -1.062500 1.740000 -0.094842
v -1.031250 1.740000 -0.044842
v -4.093750 1.740000 -1.644842
v -1.562500 1.740000 -0.044842
v -1.562500 1.740000 -0.094842
v -4.062500 1.740000 -1.594842
v -1.625000 1.740000 -0.044842
v -4.000000 1.740000 -1.594842
v -1.625000 1.740000 -0.119842
v -1.625000 1.740000 -0.094842
v -1.625000 1.740000 -0.019842
v -2.062500 1.740000 -0.044842
v -2.062500 1.740000 -0.094842
v -2.062500 1.740000 -0.019842
v -4.000000 1.740000 -1.244842
v -2.125000 1.740000 -0.044842
v -4.062500 1.740000 -1.244842
v -2.125000 1.740000 -0.094842
v -2.125000 1.740000 -0.019842
v -2.562500 1.740000 -0.044842
v -2.562500 1.740000 -0.094842
v -2.562500 1.740000 -0.019842
v -2.625000 1.740000 -0.044842
v -4.062500 1.740000 -1.194842
v -2.625000 1.740000 -0.119842
v -2.625000 1.740000 -0.094842
v -4.000000 1.740000 -1.194842
v -3.062500 1.740000 -0.044842
v -3.062500 1.740000 -0.119842
v -3.062500 1.740000 -0.094842
v -3.968750 1.740000 -0.844842
v -4.000000 1.740000 -0.844842
v -3.125000 1.740000 -0.044842
v -3.125000 1.740000 -0.119842
v -3.125000 1.740000 -0.094842
v -3.125000 1.740000 -0.019842
v -3.562500 1.740000 -0.044842
v -4.062500 1.740000 -0.844842
v -3.562500 1.740000 -0.119842
v -3.562500 1.740000 -0.094842
v -3.625000 1.740000 -0.044842
v -4.062500 1.740000 -0.794842
v -3.625000 1.740000 -0.094842
v -3.625000 1.740000 -0.019842
v -4.000000 1.740000 -0.794842
v -3.968750 1.740000 -0.044842
v -3.968750 1.740000 -0.119842
v -3.968750 1.740000 -0.094842
v -4.000000 1.740000 -0.044842
v -3.968750 1.740000 -0.444842
v -4.000000 1.740000 -0.119842
v -4.000000 1.740000 -0.094842
v -4.000000 1.740000 -0.444842
v -4.062500 1.740000 -0.044842
v -4.062500 1.740000 -0.444842
v -4.062500 1.740000 -0.119842
v -4.062500 1.740000 -0.094842
v -4.093750 1.740000 -0.444842
v -4.062500 1.740000 -0.394842
v -4.093750 1.740000 -0.119842
v -4.000000 1.740000 -0.394842
v -0.283405 4.168108 -2.300000
v -0.345905 4.168108 -2.300000
v 0.654095 5.068108 -2.250000
v 0.216595 4.168108 -2.250000
v 0.216595 4.168108 -2.300000
v 0.154095 4.168108 -2.300000
v 1.125000 0.252061 0.919124
v 1.062500 0.252061 0.919124
v 1.062500 1.152061 0.919124
v 1.125000 1.152061 0.919124
v 1.062500 1.123350 0.969124
v 1.125000 1.123350 0.969124
v 1.062500 1.700000 -0.094842
v 0.154095 4.168108 -2.250000
v 1.062500 0.800000 -0.044842
v 1.125000 0.800000 -0.044842
v 1.062500 0.800000 -0.094842
v 1.125000 0.800000 -0.094842
v 1.625000 0.800000 -0.094842
v 1.562500 0.800000 -0.094842
v 1.625000 0.800000 -0.044842
v 1.562500 0.800000 -0.044842
v 2.125000 0.800000 -0.094842
v 2.062500 0.800000 -0.094842
v 2.125000 0.800000 -0.044842
v 2.062500 0.800000 -0.044842
v 2.062500 1.700000 -0.094842
v 2.062500 1.700000 -0.044842
v 4.062500 1.700000 -1.594842
v 2.625000 0.800000 -0.094842
v 2.562500 0.800000 -0.094842
v 2.625000 0.800000 -0.044842
v 2.562500 0.800000 -0.044842
v 4.093750 1.700000 -1.594842
v 3.125000 0.800000 -0.094842
v 3.062500 0.800000 -0.094842
v 3.125000 0.800000 -0.044842
v 3.062500 0.800000 -0.044842
v 3.062500 1.700000 -0.094842
v 3.125000 1.700000 -0.094842
v 3.968750 1.700000 -1.594842
v 3.968750 1.700000 -1.244842
v 3.625000 0.800000 -0.094842
v 3.562500 0.800000 -0.094842
v 3.625000 0.800000 -0.044842
v 3.562500 0.800000 -0.044842
v 3.562500 1.700000 -0.094842
v 3.625000 1.700000 -0.094842
v 4.000000 1.700000 -1.244842
v 4.062500 0.800000 -0.094842
v 4.000000 0.800000 -0.094842
v 4.062500 0.800000 -0.044842
v 4.000000 0.800000 -0.044842
v 4.093750 1.700000 -1.244842
v 4.093750 1.700000 -1.194842
v 4.062500 1.700000 -1.194842
v 4.000000 1.700000 -1.194842
v 4.062500 0.800000 -0.444842
v 4.000000 0.800000 -0.444842
v 4.062500 0.800000 -0.394842
v 4.000000 0.800000 -0.394842
v 4.000000 1.700000 -0.444842
v 4.062500 1.700000 -0.444842
v 4.062500 1.700000 -0.394842
v 4.062500 0.800000 -0.844842
v 4.000000 0.800000 -0.844842
v 4.062500 0.800000 -0.794842
v 4.000000 0.800000 -0.794842
v 4.062500 1.700000 -0.844842
v 4.062500 0.800000 -1.244842
v 4.000000 0.800000 -1.244842
v 4.062500 0.800000 -1.194842
v 4.000000 0.800000 -1.194842
v 4.062500 1.700000 -1.244842
v 4.062500 0.800000 -1.644842
v 4.000000 0.800000 -1.644842
v 4.062500 0.800000 -1.594842
v 4.000000 0.800000 -1.594842
v 4.000000 1.700000 -1.644842
v 4.000000 1.700000 -1.594842
v 0.000000 0.800000 0.000000
v 1.062500 1.700000 -0.044842
v 1.125000 1.700000 -0.044842
v 3.968750 1.700000 -1.194842
v 1.062500 0.563385 0.415407
v 1.062500 0.538677 0.458875
v 1.062500 1.438385 0.415407
v 1.062500 1.413677 0.458875
v 1.125000 1.413677 0.458875
v 1.125000 1.438385 0.415407
v 1.125000 0.563385 0.415407
v 1.125000 0.538677 0.458875
v 1.031250 1.152061 0.919124
v 1.031250 1.700000 -0.044842
v 1.031250 1.438385 0.415407
v 1.031250 1.413677 0.458875
v 1.156250 1.700000 -0.044842
v 1.156250 1.413677 0.458875
v 1.156250 1.438385 0.415407
v 1.062500 1.108814 0.994124
v 1.125000 1.108814 0.994124
v 1.156250 1.152061 0.919124
v 1.156250 1.123350 0.969124
v 1.156250 1.108814 0.994124
v 3.968750 1.700000 -0.844842
v 1.031250 1.123350 0.969124
v 1.031250 1.108814 0.994124
v 4.062500 0.800000 -2.000000
v 4.000000 0.800000 -2.000000
v 4.062500 0.800000 -1.950000
v 4.000000 0.800000 -1.950000
v 4.000000 1.700000 -0.844842
v 1.125000 1.700000 -0.094842
v 1.031250 1.700000 -0.094842
v 1.156250 1.700000 -0.094842
v 1.062500 1.700000 -0.119842
v 4.093750 1.700000 -0.844842
v 1.125000 1.700000 -0.119842
v 1.031250 1.700000 -0.119842
v 1.156250 1.700000 -0.119842
v 1.156250 1.700000 -0.019842
v 1.562500 1.700000 -0.044842
v 1.562500 1.700000 -0.094842
v 1.562500 1.700000 -0.119842
v 1.562500 1.700000 -0.019842
v 1.625000 1.700000 -0.044842
v 1.625000 1.700000 -0.094842
v 1.625000 1.700000 -0.119842
v 1.625000 1.700000 -0.019842
v 4.093750 1.700000 -0.794842
v 4.062500 1.700000 -0.794842
v 4.000000 1.700000 -0.794842
v 3.968750 1.700000 -0.794842
v 2.062500 1.700000 -0.119842
v 2.062500 1.700000 -0.019842
v 2.125000 1.700000 -0.044842
v 2.125000 1.700000 -0.094842
v 2.125000 1.700000 -0.119842
v 2.125000 1.700000 -0.019842
v 2.562500 1.700000 -0.044842
v 2.562500 1.700000 -0.094842
v 2.562500 1.700000 -0.119842
v 2.562500 1.700000 -0.019842
v 2.625000 1.700000 -0.044842
v 2.625000 1.700000 -0.094842
v 2.625000 1.700000 -0.119842
v 2.625000 1.700000 -0.019842
v 3.968750 1.700000 -0.444842
v 3.062500 1.700000 -0.044842
v 3.062500 1.700000 -0.119842
v 3.062500 1.700000 -0.019842
v 3.125000 1.700000 -0.044842
v 4.093750 1.700000 -0.444842
v 3.125000 1.700000 -0.119842
v 3.125000 1.700000 -0.019842
v 4.093750 1.700000 -0.394842
v 3.562500 1.700000 -0.044842
v 4.000000 1.700000 -0.394842
v 3.562500 1.700000 -0.119842
v 3.562500 1.700000 -0.019842
v 3.625000 1.700000 -0.044842
v 3.968750 1.700000 -0.394842
v 3.625000 1.700000 -0.119842
v 3.625000 1.700000 -0.019842
v 3.968750 1.700000 -0.094842
v 3.968750 1.700000 -0.119842
v 4.000000 1.700000 -0.044842
v 4.000000 1.700000 -0.094842
v 4.000000 1.700000 -0.119842
v 4.000000 1.700000 -0.019842
v 4.062500 1.700000 -0.044842
v 4.062500 1.700000 -0.094842
v 4.062500 1.700000 -0.119842
v 4.062500 1.700000 -0.019842
v 4.093750 1.700000 -0.094842
v 3.968750 1.700000 -0.044842
v 4.093750 1.700000 -0.044842
v 3.968750 1.700000 -0.019842
v 4.093750 1.700000 -0.119842
v 4.093750 1.700000 -0.019842
v 4.093750 1.700000 -1.644842
v 4.062500 1.700000 -1.644842
v 3.968750 1.700000 -1.644842
v 4.000000 1.700000 -1.950000
v 4.062500 1.700000 -1.950000
v 4.093750 1.700000 -1.950000
v 3.968750 1.700000 -1.950000
v 4.093750 1.700000 -2.000000
v 4.062500 1.700000 -2.000000
v 4.000000 1.700000 -2.000000
v 3.968750 1.700000 -2.000000
v 4.000000 1.700000 -2.025000
v 4.062500 1.700000 -2.025000
v 4.093750 1.700000 -2.025000
v 3.968750 1.700000 -2.025000
v 4.093750 1.740000 -1.594842
v 3.968750 1.740000 -1.594842
v 3.968750 1.740000 -1.244842
v 4.093750 1.740000 -1.244842
v 4.093750 1.740000 -1.194842
v 3.968750 1.740000 -1.194842
v 1.031250 1.192061 0.919124
v 1.031250 1.453677 0.458875
v 1.156250 1.740000 -0.044842
v 1.062500 1.148814 0.994124
v 1.125000 1.148814 0.994124
v 1.156250 1.740000 -0.094842
v 1.156250 1.148814 0.994124
v 1.031250 1.163350 0.969124
v 1.031250 1.148814 0.994124
v 1.031250 1.740000 -0.094842
v 1.062500 1.740000 -0.119842
v 4.093750 1.740000 -0.844842
v 1.031250 1.740000 -0.119842
v 1.156250 1.740000 -0.119842
v 1.156250 1.740000 -0.019842
v 1.562500 1.740000 -0.119842
v 1.562500 1.740000 -0.019842
v 4.093750 1.740000 -0.794842
v 3.968750 1.740000 -0.794842
v 2.062500 1.740000 -0.119842
v 2.125000 1.740000 -0.119842
v 4.000000 1.740000 -2.025000
v 2.562500 1.740000 -0.119842
v 3.968750 1.740000 -2.025000
v 2.625000 1.740000 -0.019842
v 4.000000 1.740000 -2.000000
v 3.062500 1.740000 -0.019842
v 4.062500 1.740000 -2.000000
v 4.093750 1.740000 -0.394842
v 3.562500 1.740000 -0.019842
v 3.968750 1.740000 -0.394842
v 3.625000 1.740000 -0.119842
v 4.062500 1.740000 -1.950000
v 4.000000 1.740000 -1.950000
v 4.000000 1.740000 -0.019842
v 4.062500 1.740000 -0.019842
v 4.093750 1.740000 -0.094842
v 4.093750 1.740000 -0.044842
v 3.968750 1.740000 -0.019842
v 4.093750 1.740000 -0.019842
v 4.093750 1.740000 -1.950000
v 3.968750 1.740000 -1.950000
v 4.093750 1.740000 -2.000000
v 3.968750 1.740000 -2.000000
v 1.125000 1.740000 -0.094842
v 4.062500 1.740000 -2.025000
v 4.093750 1.740000 -2.025000
v 1.125000 1.740000 -0.119842
v 1.062500 1.163350 0.969124
v 1.125000 1.163350 0.969124
v 1.156250 1.163350 0.969124
v 3.968750 1.740000 -1.644842
v 1.062500 1.192061 0.919124
v 1.125000 1.192061 0.919124
v 1.156250 1.192061 0.919124
v 4.000000 1.740000 -1.644842
v 1.062500 1.453677 0.458875
v 1.125000 1.453677 0.458875
v 1.156250 1.453677 0.458875
v 4.062500 1.740000 -1.644842
v 1.062500 1.478385 0.415407
v 1.125000 1.478385 0.415407
v 1.156250 1.478385 0.415407
v 1.031250 1.478385 0.415407
v 1.062500 1.740000 -0.044842
v 1.125000 1.740000 -0.044842
v 1.062500 1.740000 -0.094842
v 1.031250 1.740000 -0.044842
v 4.093750 1.740000 -1.644842
v 1.562500 1.740000 -0.044842
v 1.562500 1.740000 -0.094842
v 4.062500 1.740000 -1.594842
v 1.625000 1.740000 -0.044842
v 4.000000 1.740000 -1.594842
v 1.625000 1.740000 -0.119842
v 1.625000 1.740000 -0.094842
v 1.625000 1.740000 -0.019842
v 2.062500 1.740000 -0.044842
v 2.062500 1.740000 -0.094842
v 2.062500 1.740000 -0.019842
v 4.000000 1.740000 -1.244842
v 2.125000 1.740000 -0.044842
v 4.062500 1.740000 -1.244842
v 2.125000 1.740000 -0.094842
v 2.125000 1.740000 -0.019842
v 2.562500 1.740000 -0.044842
v 2.562500 1.740000 -0.094842
v 2.562500 1.740000 -0.019842
v 2.625000 1.740000 -0.044842
v 4.062500 1.740000 -1.194842
v 2.625000 1.740000 -0.119842
v 2.625000 1.740000 -0.094842
v 4.000000 1.740000 -1.194842
v 3.062500 1.740000 -0.044842
v 3.062500 1.740000 -0.119842
v 3.062500 1.740000 -0.094842
v 3.968750 1.740000 -0.844842
v 4.000000 1.740000 -0.844842
v 3.125000 1.740000 -0.044842
v 3.125000 1.740000 -0.119842
v 3.125000 1.740000 -0.094842
v 3.125000 1.740000 -0.019842
v 3.562500 1.740000 -0.044842
v 4.062500 1.740000 -0.844842
v 3.562500 1.740000 -0.119842
v 3.562500 1.740000 -0.094842
v 3.625000 1.740000 -0.044842
v 4.062500 1.740000 -0.794842
v 3.625000 1.740000 -0.094842
v 3.625000 1.740000 -0.019842
v 4.000000 1.740000 -0.794842
v 3.968750 1.740000 -0.044842
v 3.968750 1.740000 -0.119842
v 3.968750 1.740000 -0.094842
v 4.000000 1.740000 -0.044842
v 3.968750 1.740000 -0.444842
v 4.000000 1.740000 -0.119842
v 4.000000 1.740000 -0.094842
v 4.000000 1.740000 -0.444842
v 4.062500 1.740000 -0.044842
v 4.062500 1.740000 -0.444842
v 4.062500 1.740000 -0.119842
v 4.062500 1.740000 -0.094842
v 4.093750 1.740000 -0.444842
v 4.062500 1.740000 -0.394842
v 4.093750 1.740000 -0.119842
v 4.000000 1.740000 -0.394842
v -0.283405 4.168108 -2.250000
v 0.154095 5.108108 -2.225000
v 0.216595 5.108108 -2.325000
v 0.654095 5.108108 -2.325000
v 0.154095 5.068108 -2.225000
v 0.154095 5.068108 -2.325000
v -0.283405 5.068108 -2.250000
v -0.283405 5.068108 -2.300000
v -0.283405 5.068108 -2.325000
v -0.283405 5.068108 -2.225000
v 0.154095 5.068108 -2.300000
v -0.283405 5.108108 -2.325000
v 0.154095 5.068108 -2.250000
v 0.216595 5.068108 -2.225000
v 0.216595 5.068108 -2.325000
v 0.216595 5.068108 -2.300000
v 0.216595 5.068108 -2.250000
v 0.654095 5.068108 -2.225000
v 0.154095 5.108108 -2.300000
v -0.283405 5.108108 -2.250000
v -0.283405 5.108108 -2.300000
v -0.283405 5.108108 -2.225000
v -0.345905 5.108108 -2.250000
v -0.345905 5.108108 -2.325000
v 0.654095 5.108108 -2.225000
v 0.216595 5.108108 -2.250000
v 0.216595 5.108108 -2.300000
v 0.216595 5.108108 -2.225000
v 0.154095 5.108108 -2.250000
v 0.154095 5.108108 -2.325000
v 1.154094 5.068108 -2.250000
v 0.716595 4.168108 -2.250000
v 0.716595 4.168108 -2.300000
v 0.654095 4.168108 -2.300000
v 0.654095 4.168108 -2.250000
v 1.154094 5.108108 -2.250000
v 0.716595 5.108108 -2.325000
v 1.154094 5.108108 -2.325000
v 0.654095 5.068108 -2.325000
v 0.654095 5.068108 -2.300000
v 0.716595 5.068108 -2.225000
v 0.716595 5.068108 -2.325000
v 0.716595 5.068108 -2.300000
v 0.716595 5.068108 -2.250000
v 1.154094 5.068108 -2.225000
v 1.154094 5.108108 -2.225000
v 0.716595 5.108108 -2.250000
v 0.716595 5.108108 -2.300000
v 0.716595 5.108108 -2.225000
v 0.654095 5.108108 -2.250000
v 0.654095 5.108108 -2.300000
v 1.654094 5.068108 -2.300000
v 1.654094 5.068108 -2.250000
v 1.216595 4.168108 -2.250000
v 1.216595 4.168108 -2.300000
v 1.154095 4.168108 -2.300000
v 1.154095 4.168108 -2.250000
v 1.654094 5.108108 -2.250000
v 1.216595 5.108108 -2.325000
v 1.654094 5.108108 -2.325000
v 1.154095 5.068108 -2.325000
v 1.154095 5.068108 -2.300000
v 1.216595 5.068108 -2.225000
v 1.216595 5.068108 -2.325000
v 1.216595 5.068108 -2.300000
v 1.216595 5.068108 -2.250000
v 1.654094 5.068108 -2.225000
v 1.654094 5.068108 -2.325000
v 1.654094 5.108108 -2.300000
v 1.654094 5.108108 -2.225000
v 1.216595 5.108108 -2.250000
v 1.216595 5.108108 -2.300000
v 1.216595 5.108108 -2.225000
v 1.154095 5.108108 -2.300000
v -0.845905 4.168108 -2.250000
v -0.783405 4.168108 -2.300000
v -0.845905 4.168108 -2.300000
v -0.783405 4.168108 -2.250000
v -0.345905 5.068108 -2.250000
v -0.345905 5.068108 -2.300000
v -0.345905 5.068108 -2.325000
v -0.345905 5.068108 -2.225000
v -0.783405 5.068108 -2.250000
v -0.783405 5.068108 -2.300000
v -0.783405 5.068108 -2.325000
v -0.783405 5.068108 -2.225000
v -0.845905 5.068108 -2.300000
v -0.783405 5.108108 -2.325000
v -0.345905 5.108108 -2.300000
v -0.345905 5.108108 -2.225000
v -0.783405 5.108108 -2.250000
v -0.783405 5.108108 -2.300000
v -0.783405 5.108108 -2.225000
v -0.845905 5.108108 -2.300000
v -1.345905 4.168108 -2.250000
v -1.283405 4.168108 -2.300000
v -1.345905 4.168108 -2.300000
v -1.283405 4.168108 -2.250000
v -0.845905 5.068108 -2.250000
v -0.845905 5.068108 -2.325000
v -0.845905 5.068108 -2.225000
v -1.283405 5.068108 -2.250000
v -1.283405 5.068108 -2.300000
v -1.283405 5.068108 -2.325000
v -1.283405 5.068108 -2.225000
v -1.345905 5.068108 -2.250000
v -1.345905 5.068108 -2.300000
v -1.345905 5.068108 -2.225000
v -0.845905 5.108108 -2.325000
v -1.283405 5.108108 -2.325000
v -1.345905 5.108108 -2.225000
v -0.845905 5.108108 -2.250000
v -0.845905 5.108108 -2.225000
v -1.283405 5.108108 -2.250000
v -1.283405 5.108108 -2.300000
v -1.283405 5.108108 -2.225000
v -1.345906 5.068108 -2.325000
v -1.783405 5.068108 -2.250000
v -1.783405 5.068108 -2.300000
v -1.783405 5.068108 -2.325000
v -1.783405 5.068108 -2.225000
v -1.845905 5.068108 -2.250000
v -1.845905 5.068108 -2.300000
v -1.845905 5.068108 -2.325000
v -1.845905 5.068108 -2.225000
v -1.345906 5.108108 -2.325000
v -1.783405 5.108108 -2.325000
v -1.845905 5.108108 -2.225000
v -1.345906 5.108108 -2.250000
v -1.345906 5.108108 -2.300000
v -1.783405 5.108108 -2.250000
v -1.783405 5.108108 -2.300000
v -1.783405 5.108108 -2.225000
v -1.845905 5.108108 -2.250000
v -1.845905 5.108108 -2.325000
v -1.845905 5.108108 -2.300000
v -0.000000 3.765627 -11.800000
v -2.230934 3.765627 -11.800000
v 0.000000 4.168108 -11.800000
v 2.018224 4.168108 -11.800000
v -2.018224 4.168108 -11.800000
v 0.000000 8.003735 -11.800000
v 2.230933 3.765627 -11.800000
v 3.815625 0.800000 -11.800000
v -3.815625 0.800000 -11.800000
v -0.000000 0.800000 -11.800000
v -2.018224 4.168108 -4.250001
v 0.000000 8.003735 -4.250000
v 0.000000 4.168108 -4.200000
v -3.806156 0.805000 -2.400000
v -2.226808 3.760627 -2.400000
v 2.226808 3.760627 -2.400000
v 3.806156 0.805000 -2.399999
v 4.093750 0.695000 -11.975000
v 4.125000 0.695000 0.000000
v -4.093750 0.695000 -0.025000
v -4.125000 0.695000 -12.000000
v 3.815625 0.695000 -12.000000
v -3.815625 0.695000 -11.975000
v -0.000000 0.695000 -12.000000
v -4.093750 0.695000 -2.000000
v 4.093750 0.695000 -2.000000
v 0.000000 0.695000 -0.025000
v 4.093750 0.720000 -11.975000
v -4.093750 0.720000 -0.025000
v -3.815625 0.720000 -11.975000
v -4.093750 0.720000 -2.000000
v 4.093750 0.720000 -2.000000
v 0.000000 0.720000 -0.025000
v 4.125000 0.720000 0.000000
v -4.125000 0.720000 -12.000000
v 3.815625 0.720000 -12.000000
v -0.000000 0.720000 -12.000000
v 0.000000 0.695000 0.000000
v -4.125000 0.695000 0.000000
v -3.815625 0.695000 -12.000000
v -0.000000 0.695000 -11.975000
v 3.815625 0.695000 -11.975000
v -4.093750 0.695000 -11.975000
v 4.125000 0.695000 -12.000000
v 4.093750 0.695000 -0.025000
v 4.125000 0.695000 -2.000000
v -4.125000 0.695000 -2.000000
v -3.815625 0.720000 -12.000000
v -4.093750 0.720000 -11.975000
v 0.000000 0.720000 0.000000
v -4.125000 0.720000 0.000000
v -0.000000 0.720000 -11.975000
v 3.815625 0.720000 -11.975000
v 4.125000 0.720000 -12.000000
v 4.093750 0.720000 -0.025000
v 4.125000 0.720000 -2.000000
v -4.125000 0.720000 -2.000000
v 2.358506 4.157751 -12.000000
v -2.358507 4.157751 -12.000000
v 2.358506 4.157751 -2.000000
v -2.358507 4.157751 -2.000000
v -2.072405 4.065589 -2.000000
v 2.072405 4.065589 -2.000000
v 2.072405 4.065589 -12.000000
v -2.072405 4.065589 -12.000000
v 2.072405 4.065589 -2.200000
v -2.072405 4.065589 -2.200000
v -0.000000 4.065589 -2.200000
v 2.072405 4.065589 -11.800000
v -2.072405 4.065589 -11.800000
v -0.000000 4.065589 -11.800000
v 2.344401 4.184563 -12.000000
v -2.344401 4.184563 -12.000000
v 2.344401 4.184563 -2.000000
v 2.058358 4.092168 -2.000000
v -2.058358 4.092168 -12.000000
v -2.058358 4.092168 -2.200000
v -2.058358 4.092168 -11.800000
v -0.000000 4.092168 -11.800000
v -2.344401 4.184563 -2.000000
v -2.058358 4.092168 -2.000000
v 2.058358 4.092168 -12.000000
v 2.058358 4.092168 -2.200000
v -0.000000 4.092168 -2.200000
v 2.058358 4.092168 -11.800000
v 2.058358 4.092168 -2.225000
v 2.072405 4.065589 -2.225000
v -0.000000 4.092168 -2.225000
v -0.000000 4.065589 -2.225000
v -2.072405 4.065589 -2.225000
v -2.058358 4.092168 -2.225000
v 2.047017 4.177825 -2.100000
v 3.844359 0.809827 -2.100000
v 0.000000 8.068172 -2.100000
v -3.844359 0.809827 -2.100000
v -2.259693 3.775409 -2.100000
v 2.259692 3.775409 -2.100000
v -2.047017 4.177825 -2.100000
v 0.000000 0.800000 -2.100000
v -2.101188 4.075325 -2.100000
v 2.101188 4.075325 -2.100000
v -2.087141 4.101903 -2.100000
v 2.087141 4.101903 -2.100000
v 2.047017 4.177825 -2.080000
v 3.844359 0.809827 -2.080000
v 0.000000 8.068172 -2.080000
v -3.844359 0.809827 -2.080000
v -2.230934 3.765627 -2.080000
v 2.230933 3.765627 -2.080000
v -2.018224 4.168108 -2.080000
v 0.000000 0.800000 -2.080000
v -2.072405 4.065589 -2.080000
v 2.072405 4.065589 -2.080000
v -2.058358 4.092168 -2.080000
v 2.058358 4.092168 -2.080000
v -3.815625 0.800000 -2.080000
v -3.815625 0.800000 -2.100000
v 2.058358 4.092168 -2.100000
v 2.072405 4.065589 -2.100000
v -2.058358 4.092168 -2.100000
v -2.018224 4.168108 -2.100000
v 2.230933 3.765627 -2.100000
v -2.072405 4.065589 -2.100000
v -2.230934 3.765627 -2.100000
v 2.018224 4.168108 -2.100000
v 0.000000 8.003735 -2.100000
v 3.815625 0.800000 -2.100000
v 3.815625 0.800000 -2.080000
v -2.047017 4.177825 -2.080000
v 0.000000 8.003735 -2.080000
v 2.259692 3.775409 -2.080000
v 2.018224 4.168108 -2.080000
v 2.087141 4.101903 -2.080000
v -2.259693 3.775409 -2.080000
v -2.101188 4.075325 -2.080000
v -2.087141 4.101903 -2.080000
v 2.101188 4.075325 -2.080000
v 2.226808 3.760627 -2.430000
v -2.226808 3.760627 -2.430000
v 3.806156 0.805000 -2.429999
v -3.806156 0.805000 -2.430000
v -2.272890 4.161465 -2.025000
v -2.237135 4.149915 -2.025000
v -2.286981 4.134710 -2.025000
v -2.251219 4.123190 -2.025000
v -4.047657 0.800000 -2.025000
v -4.008985 0.800000 -2.025000
v 2.232630 4.237905 -2.025000
v 2.196896 4.226272 -2.025000
v -2.232630 4.237905 -2.025000
v -2.196896 4.226272 -2.025000
v 2.446008 3.832774 -2.025000
v 2.410163 3.821583 -2.025000
v -2.446009 3.832774 -2.025000
v -2.410163 3.821583 -2.025000
v -2.446009 3.832774 -2.000000
v 2.446008 3.832774 -2.000000
v -2.232630 4.237905 -2.000000
v 2.232630 4.237905 -2.000000
v -4.047657 0.800000 -2.000000
v 0.000000 0.800000 -0.056250
v -2.286981 4.134710 -2.000000
v -2.272890 4.161465 -2.000000
v -4.047657 0.800000 -0.056250
v 4.047657 0.800000 -0.056250
v 0.000000 8.481533 -2.000000
v 4.047657 0.800000 -2.000000
v 2.286981 4.134710 -2.000000
v 2.272890 4.161465 -2.000000
v -4.008985 0.800000 -0.084375
v 4.008985 0.800000 -0.084375
v 0.000000 8.401900 -2.000000
v 4.008985 0.800000 -2.000000
v 2.251218 4.123190 -2.000000
v 2.237134 4.149915 -2.000000
v -2.410163 3.821583 -2.000000
v 2.410163 3.821583 -2.000000
v -2.196896 4.226272 -2.000000
v 2.196896 4.226272 -2.000000
v -4.008985 0.800000 -2.000000
v 0.000000 0.800000 -0.084375
v -2.251219 4.123190 -2.000000
v -2.237135 4.149915 -2.000000
v 2.286981 4.134710 -2.025000
v 2.272890 4.161465 -2.025000
v 0.000000 8.481533 -2.025000
v 4.047657 0.800000 -2.025000
v 0.000000 8.401900 -2.025000
v 4.008985 0.800000 -2.025000
v 2.251218 4.123190 -2.025000
v 2.237134 4.149915 -2.025000
v -4.047657 0.800000 -11.975000
v 2.446008 3.832774 -11.975000
v -2.272890 4.161465 -11.975000
v -2.286981 4.134710 -11.975000
v 2.272890 4.161465 -11.975000
v 2.237134 4.149915 -11.975000
v 2.286981 4.134710 -11.975000
v 2.251218 4.123190 -11.975000
v -4.024219 0.695000 -11.950001
v -3.989453 0.695000 -11.950001
v -4.047657 0.695000 -11.975000
v -4.008985 0.695000 -11.975000
v -2.232630 4.237905 -11.975000
v -2.196896 4.226272 -11.975000
v 2.232630 4.237905 -11.975000
v 2.196896 4.226272 -11.975000
v -2.446009 3.832774 -11.975000
v -2.410163 3.821583 -11.975000
v 0.000000 8.481533 -11.975000
v 0.000000 8.401900 -11.975000
v 4.047657 0.800000 -11.975000
v 4.008985 0.800000 -11.975000
v 4.047657 0.800000 -12.000000
v 0.000000 8.481533 -12.000000
v -2.446009 3.832774 -12.000000
v 2.232630 4.237905 -12.000000
v -2.232630 4.237905 -12.000000
v 0.000000 0.056250 -12.000000
v -4.047657 0.695000 -12.000000
v 4.047657 0.695000 -12.000000
v -4.047657 0.720000 -12.000000
v 4.047657 0.720000 -12.000000
v -4.024219 0.695000 -11.975000
v 4.024219 0.695000 -11.975000
v -4.024219 0.720000 -11.975000
v 4.024219 0.720000 -11.975000
v 2.286981 4.134710 -12.000000
v 2.272890 4.161465 -12.000000
v -4.047657 0.056250 -12.000000
v 4.047657 0.056250 -12.000000
v -4.047657 0.800000 -12.000000
v 2.446008 3.832774 -12.000000
v -2.286981 4.134710 -12.000000
v -2.272890 4.161465 -12.000000
v -4.008985 0.084375 -12.000000
v 4.008985 0.084375 -12.000000
v -4.008985 0.800000 -12.000000
v 2.410163 3.821583 -12.000000
v -2.251219 4.123190 -12.000000
v -2.237135 4.149915 -12.000000
v 4.008985 0.800000 -12.000000
v 0.000000 8.401900 -12.000000
v -2.410163 3.821583 -12.000000
v 2.196896 4.226272 -12.000000
v -2.196896 4.226272 -12.000000
v 0.000000 0.084375 -12.000000
v -4.008985 0.695000 -12.000000
v 4.008985 0.695000 -12.000000
v -4.008985 0.720000 -12.000000
v 4.008985 0.720000 -12.000000
v -3.989453 0.695000 -11.975000
v 3.989453 0.695000 -11.975000
v -3.989453 0.720000 -11.975000
v 3.989453 0.720000 -11.975000
v 2.251218 4.123190 -12.000000
v 2.237134 4.149915 -12.000000
v -4.008985 0.800000 -11.975000
v 2.410163 3.821583 -11.975000
v -2.251219 4.123190 -11.975000
v -2.237135 4.149915 -11.975000
v -3.815625 0.800000 -9.000000
v -2.230934 3.765627 -9.000000
v 2.230933 3.765627 -9.300000
v 3.815625 0.800000 -9.300000
v -0.000000 3.765627 -9.000000
v 0.000000 0.800000 -9.000000
v 3.068282 2.808609 -7.000000
v -3.068283 2.808609 -7.000000
v 2.062500 0.000000 -7.000000
v -1.152049 6.450985 -7.000000
v -2.344401 4.184563 -7.000000
v 2.344401 4.184563 -7.000000
v -2.358507 4.157751 -7.000000
v 2.358506 4.157751 -7.000000
v 4.093750 0.720000 -6.987500
v -4.093750 0.720000 -6.987500
v 4.093750 0.695000 -6.987500
v -4.093750 0.695000 -6.987500
v 4.125000 0.720000 -7.000000
v -4.125000 0.720000 -7.000000
v 4.125000 0.695000 -7.000000
v -4.125000 0.695000 -7.000000
v -4.125000 0.800000 -7.000000
v 4.125000 0.800000 -7.000000
v 0.000000 0.000000 -7.000000
v 2.304098 4.261170 -7.000000
v -2.304098 4.261170 -7.000000
v -2.517701 3.855156 -7.000000
v 3.815625 0.800000 -8.900001
v -3.815625 0.800000 -8.900001
v -2.230934 3.765627 -8.900001
v 2.230933 3.765627 -8.900001
v -0.000000 3.765627 -8.900001
v 0.000000 0.800000 -8.900001
v -3.815625 0.800000 -10.400001
v -3.815625 0.800000 -10.300000
v -2.230934 3.765627 -10.300000
v -2.230934 3.765627 -10.400001
v 2.230933 3.765627 -10.400001
v 2.230933 3.765627 -10.300000
v -0.000000 3.765627 -10.400001
v 0.000000 0.800000 -10.300000
v 0.000000 0.800000 -10.400001
v 3.815625 0.800000 -10.300000
v 3.815625 0.800000 -10.400001
v 2.062500 0.000000 0.000000
v 2.062500 0.000000 -2.000000
v -1.152049 6.450985 -12.000000
v -1.009112 6.085921 -11.600000
v -1.152049 6.450985 -2.000000
v 1.802352 0.800000 -2.000000
v 1.907812 0.800000 -0.225000
v -1.009112 6.085921 -2.000000
v -1.009112 6.085921 -12.000000
v -1.009112 6.085921 -2.200000
v 0.134112 3.765627 -2.200000
v 2.062500 0.000000 -12.000000
v 1.907813 0.225000 -12.000000
v 1.760307 0.800000 -2.200000
v 0.134112 4.168108 -2.200000
v 0.134112 3.765627 -11.600000
v 1.907812 0.800000 -12.000000
v 2.062500 0.800000 0.000000
v 1.009112 4.168108 -11.800000
v -1.009112 6.085921 -11.800000
v 1.115467 3.765627 -11.800000
v 1.907812 0.800000 -11.800000
v 0.134112 4.168108 -4.200000
v -1.009112 6.085921 -4.250000
v 1.907812 0.695000 -12.000000
v 2.062500 0.695000 0.000000
v 1.907812 0.720000 -12.000000
v 2.062500 0.720000 0.000000
v 1.907812 0.695000 -11.975000
v 2.046875 0.695000 -0.025000
v 1.907812 0.720000 -11.975000
v 2.046875 0.720000 -0.025000
v 1.036202 4.065589 -11.800000
v 0.134112 4.065589 -2.200000
v 1.029179 4.092168 -11.800000
v 0.134112 4.092168 -2.200000
v 0.134112 4.065589 -2.225000
v 0.134112 4.092168 -2.225000
v 1.779014 0.800000 -2.100000
v -1.009112 6.085921 -2.100000
v -1.009112 6.085921 -2.080000
v 1.783378 0.800000 -2.080000
v -1.023508 6.122999 -2.100000
v -1.023508 6.122999 -2.080000
v -1.116315 6.359719 -2.025000
v -1.098448 6.314086 -2.025000
v 2.023828 0.800000 -0.056250
v -1.116315 6.359719 -2.000000
v -1.098448 6.314086 -2.000000
v 2.004492 0.800000 -0.084375
v -1.116315 6.359719 -11.975000
v -1.098448 6.314086 -11.975000
v -1.116315 6.359719 -12.000000
v 2.023828 0.056250 -12.000000
v 2.004492 0.084375 -12.000000
v -1.098448 6.314086 -12.000000
v 0.134112 0.800000 -9.300000
v 2.517700 3.855156 -7.000000
v 0.000000 8.640800 -7.000000
v 0.134112 3.765627 -10.400001
v 0.134112 0.800000 -10.300000
v 0.134112 0.800000 -10.400001
v -2.018224 4.168108 -10.400002
v 2.018224 4.168108 -10.400001
v 0.000000 8.003735 -10.400001
v 0.000000 4.168108 -10.400001
v 0.134112 4.168108 -10.400001
v -1.009112 6.085921 -10.400002
v 0.134112 4.168108 -11.600000
v 0.259112 4.168108 -10.400001
v 0.384112 4.168108 -11.600000
v 0.259112 4.128108 -10.400001
v 0.134112 4.128108 -10.400001
v 0.134112 4.128108 -11.600000
v 0.384112 4.128108 -11.600000
v 0.134112 4.168108 -11.300000
v 0.134112 4.128108 -11.300000
v 0.384112 4.168108 -11.300000
v 0.384112 4.128108 -11.300000
v 0.259112 4.128108 -10.700000
v 0.259112 4.168108 -10.700001
v 0.134112 4.168108 -10.700001
v 0.134112 4.128108 -10.700000
v 0.384112 4.168108 -11.150001
v 0.134112 4.168108 -11.150001
v 0.384112 4.128108 -11.150001
v 0.134112 4.128108 -11.150001
v 0.384112 4.128108 -11.075000
v 0.325141 4.128108 -10.929235
v 0.381226 4.128108 -11.048360
v 0.372850 4.128108 -11.017401
v 0.359803 4.128108 -10.985153
v 0.343364 4.128108 -10.954773
v 0.325141 4.168108 -10.929236
v 0.384112 4.168108 -11.075001
v 0.343364 4.168108 -10.954774
v 0.359803 4.168108 -10.985153
v 0.372850 4.168108 -11.017401
v 0.381226 4.168108 -11.048360
v 0.134112 4.168108 -11.075001
v 0.134112 4.168108 -10.928923
v 0.134112 4.168108 -11.045785
v 0.134112 4.168108 -11.016570
v 0.134112 4.168108 -10.987353
v 0.134112 4.168108 -10.958138
v 0.134112 4.128108 -10.928921
v 0.134112 4.128108 -11.075000
v 0.134112 4.128108 -10.958137
v 0.134112 4.128108 -10.987352
v 0.134112 4.128108 -11.016568
v 0.134112 4.128108 -11.045784
v 0.259112 4.128108 -10.799999
v 0.298426 4.128108 -10.897176
v 0.261036 4.128108 -10.817760
v 0.266620 4.128108 -10.838400
v 0.275318 4.128108 -10.859898
v 0.286277 4.128108 -10.880151
v 0.298426 4.168108 -10.897178
v 0.259112 4.168108 -10.800001
v 0.286277 4.168108 -10.880153
v 0.275318 4.168108 -10.859900
v 0.266620 4.168108 -10.838402
v 0.261036 4.168108 -10.817762
v 0.134112 4.168108 -10.800001
v 0.134112 4.168108 -10.897388
v 0.134112 4.168108 -10.819478
v 0.134112 4.168108 -10.838956
v 0.134112 4.168108 -10.858434
v 0.134112 4.168108 -10.877910
v 0.134112 4.128108 -10.897386
v 0.134112 4.128108 -10.799999
v 0.134112 4.128108 -10.877908
v 0.134112 4.128108 -10.858430
v 0.134112 4.128108 -10.838954
v 0.134112 4.128108 -10.819476
v 0.259112 3.968107 -11.600000
v 0.259112 3.968107 -10.400001
v 0.384112 3.968107 -11.600000
v 0.509112 3.968107 -10.400001
v 0.384112 3.928108 -11.600000
v 0.259112 3.928108 -11.600000
v 0.259112 3.928108 -10.400001
v 0.509112 3.928108 -10.400001
v 0.259112 3.968107 -10.700001
v 0.259112 3.928108 -10.700001
v 0.509112 3.968107 -10.700001
v 0.509112 3.928108 -10.700001
v 0.384112 3.928108 -11.300001
v 0.384112 3.968107 -11.300000
v 0.259112 3.968107 -11.300000
v 0.259112 3.928108 -11.300001
v 0.509112 3.968107 -10.850000
v 0.259112 3.968107 -10.850000
v 0.509112 3.928108 -10.850000
v 0.259112 3.928108 -10.850000
v 0.509112 3.928108 -10.925001
v 0.450141 3.928108 -11.070766
v 0.506226 3.928108 -10.951641
v 0.497850 3.928108 -10.982600
v 0.484804 3.928108 -11.014848
v 0.468364 3.928108 -11.045228
v 0.450141 3.968107 -11.070765
v 0.509112 3.968107 -10.925000
v 0.468364 3.968107 -11.045227
v 0.484804 3.968107 -11.014848
v 0.497850 3.968107 -10.982600
v 0.506226 3.968107 -10.951641
v 0.259112 3.968107 -10.925000
v 0.259112 3.968107 -11.071078
v 0.259112 3.968107 -10.954216
v 0.259112 3.968107 -10.983431
v 0.259112 3.968107 -11.012648
v 0.259112 3.968107 -11.041862
v 0.259112 3.928108 -11.071080
v 0.259112 3.928108 -10.925001
v 0.259112 3.928108 -11.041864
v 0.259112 3.928108 -11.012649
v 0.259112 3.928108 -10.983433
v 0.259112 3.928108 -10.954217
v 0.384112 3.928108 -11.200002
v 0.423426 3.928108 -11.102825
v 0.386036 3.928108 -11.182240
v 0.391620 3.928108 -11.161601
v 0.400318 3.928108 -11.140103
v 0.411277 3.928108 -11.119850
v 0.423426 3.968107 -11.102823
v 0.384112 3.968107 -11.200000
v 0.411277 3.968107 -11.119848
v 0.400318 3.968107 -11.140101
v 0.391620 3.968107 -11.161599
v 0.386036 3.968107 -11.182239
v 0.259112 3.968107 -11.200000
v 0.259112 3.968107 -11.102613
v 0.259112 3.968107 -11.180523
v 0.259112 3.968107 -11.161045
v 0.259112 3.968107 -11.141567
v 0.259112 3.968107 -11.122091
v 0.259112 3.928108 -11.102615
v 0.259112 3.928108 -11.200002
v 0.259112 3.928108 -11.122093
v 0.259112 3.928108 -11.141571
v 0.259112 3.928108 -11.161047
v 0.259112 3.928108 -11.180525
v 0.384112 3.768107 -10.400001
v 0.384112 3.768107 -11.600000
v 0.634112 3.768107 -11.600000
v 0.384112 3.728107 -10.400001
v 0.384112 3.728107 -11.600000
v 0.634112 3.728107 -11.600000
v 0.384112 3.768107 -11.300000
v 0.384112 3.728107 -11.300000
v 0.634112 3.768107 -11.300000
v 0.634112 3.728107 -11.300000
v 0.509112 3.728107 -10.700000
v 0.509112 3.768107 -10.700001
v 0.384112 3.768107 -10.700001
v 0.384112 3.728107 -10.700000
v 0.634112 3.768107 -11.150001
v 0.384112 3.768107 -11.150001
v 0.634112 3.728107 -11.150001
v 0.384112 3.728107 -11.150001
v 0.634112 3.728107 -11.075000
v 0.575141 3.728107 -10.929235
v 0.631226 3.728107 -11.048360
v 0.622850 3.728107 -11.017401
v 0.609804 3.728107 -10.985153
v 0.593364 3.728107 -10.954773
v 0.575141 3.768107 -10.929236
v 0.634112 3.768107 -11.075001
v 0.593364 3.768107 -10.954774
v 0.609804 3.768107 -10.985153
v 0.622850 3.768107 -11.017401
v 0.631226 3.768107 -11.048360
v 0.384112 3.768107 -11.075001
v 0.384112 3.768107 -10.928923
v 0.384112 3.768107 -11.045785
v 0.384112 3.768107 -11.016570
v 0.384112 3.768107 -10.987353
v 0.384112 3.768107 -10.958138
v 0.384112 3.728107 -10.928921
v 0.384112 3.728107 -11.075000
v 0.384112 3.728107 -10.958137
v 0.384112 3.728107 -10.987352
v 0.384112 3.728107 -11.016568
v 0.384112 3.728107 -11.045784
v 0.509112 3.728107 -10.799999
v 0.548426 3.728107 -10.897176
v 0.511036 3.728107 -10.817760
v 0.516620 3.728107 -10.838400
v 0.525318 3.728107 -10.859898
v 0.536277 3.728107 -10.880151
v 0.548426 3.768107 -10.897178
v 0.509112 3.768107 -10.800001
v 0.536277 3.768107 -10.880153
v 0.525318 3.768107 -10.859900
v 0.516621 3.768107 -10.838402
v 0.511036 3.768107 -10.817762
v 0.384112 3.768107 -10.800001
v 0.384112 3.768107 -10.897388
v 0.384112 3.768107 -10.819478
v 0.384112 3.768107 -10.838956
v 0.384112 3.768107 -10.858434
v 0.384112 3.768107 -10.877910
v 0.384112 3.728107 -10.897386
v 0.384112 3.728107 -10.799999
v 0.384112 3.728107 -10.877908
v 0.384112 3.728107 -10.858430
v 0.384112 3.728107 -10.838954
v 0.384112 3.728107 -10.819476
v 0.509112 3.568107 -11.600000
v 0.509112 3.568107 -10.400001
v 0.634112 3.568107 -11.600000
v 0.634112 3.528107 -11.600000
v 0.509112 3.528107 -11.600000
v 0.509112 3.528107 -10.400001
v 0.509112 3.568107 -10.700001
v 0.509112 3.528107 -10.700001
v 0.759112 3.568107 -10.700001
v 0.759112 3.528107 -10.700001
v 0.634112 3.528107 -11.300001
v 0.634112 3.568107 -11.300000
v 0.509112 3.568107 -11.300000
v 0.509112 3.528107 -11.300001
v 0.759112 3.568107 -10.850000
v 0.509112 3.568107 -10.850000
v 0.759112 3.528107 -10.850000
v 0.509112 3.528107 -10.850000
v 0.759112 3.528107 -10.925001
v 0.700141 3.528107 -11.070766
v 0.756226 3.528107 -10.951641
v 0.747850 3.528107 -10.982600
v 0.734804 3.528107 -11.014848
v 0.718364 3.528107 -11.045228
v 0.700141 3.568107 -11.070765
v 0.759112 3.568107 -10.925000
v 0.718364 3.568107 -11.045227
v 0.734804 3.568107 -11.014848
v 0.747850 3.568107 -10.982600
v 0.756226 3.568107 -10.951641
v 0.509112 3.568107 -10.925000
v 0.509112 3.568107 -11.071078
v 0.509112 3.568107 -10.954216
v 0.509112 3.568107 -10.983431
v 0.509112 3.568107 -11.012648
v 0.509112 3.568107 -11.041862
v 0.509112 3.528107 -11.071080
v 0.509112 3.528107 -10.925001
v 0.509112 3.528107 -11.041864
v 0.509112 3.528107 -11.012649
v 0.509112 3.528107 -10.983433
v 0.509112 3.528107 -10.954217
v 0.634112 3.528107 -11.200002
v 0.673426 3.528107 -11.102825
v 0.636036 3.528107 -11.182240
v 0.641620 3.528107 -11.161601
v 0.650318 3.528107 -11.140103
v 0.661277 3.528107 -11.119850
v 0.673426 3.568107 -11.102823
v 0.634112 3.568107 -11.200000
v 0.661277 3.568107 -11.119848
v 0.650318 3.568107 -11.140101
v 0.641621 3.568107 -11.161599
v 0.636036 3.568107 -11.182239
v 0.509112 3.568107 -11.200000
v 0.509112 3.568107 -11.102613
v 0.509112 3.568107 -11.180523
v 0.509112 3.568107 -11.161045
v 0.509112 3.568107 -11.141567
v 0.509112 3.568107 -11.122091
v 0.509112 3.528107 -11.102615
v 0.509112 3.528107 -11.200002
v 0.509112 3.528107 -11.122093
v 0.509112 3.528107 -11.141571
v 0.509112 3.528107 -11.161047
v 0.509112 3.528107 -11.180525
v 0.634112 3.368107 -10.400001
v 0.634112 3.368107 -11.600000
v 0.884112 3.368107 -11.600000
v 0.634112 3.328107 -10.400001
v 0.634112 3.328107 -11.600000
v 0.884112 3.328107 -11.600000
v 0.634112 3.368107 -11.300000
v 0.634112 3.328107 -11.300000
v 0.884112 3.368107 -11.300000
v 0.884112 3.328107 -11.300000
v 0.759112 3.328107 -10.700000
v 0.759112 3.368107 -10.700001
v 0.634112 3.368107 -10.700001
v 0.634112 3.328107 -10.700000
v 0.884112 3.368107 -11.150001
v 0.634112 3.368107 -11.150001
v 0.884112 3.328107 -11.150001
v 0.634112 3.328107 -11.150001
v 0.884112 3.328107 -11.075000
v 0.825141 3.328107 -10.929235
v 0.881226 3.328107 -11.048360
v 0.872850 3.328107 -11.017401
v 0.859804 3.328107 -10.985153
v 0.843364 3.328107 -10.954773
v 0.825141 3.368107 -10.929236
v 0.884112 3.368107 -11.075001
v 0.843364 3.368107 -10.954774
v 0.859804 3.368107 -10.985153
v 0.872850 3.368107 -11.017401
v 0.881226 3.368107 -11.048360
v 0.634112 3.368107 -11.075001
v 0.634112 3.368107 -10.928923
v 0.634112 3.368107 -11.045785
v 0.634112 3.368107 -11.016570
v 0.634112 3.368107 -10.987353
v 0.634112 3.368107 -10.958138
v 0.634112 3.328107 -10.928921
v 0.634112 3.328107 -11.075000
v 0.634112 3.328107 -10.958137
v 0.634112 3.328107 -10.987352
v 0.634112 3.328107 -11.016568
v 0.634112 3.328107 -11.045784
v 0.759112 3.328107 -10.799999
v 0.798426 3.328107 -10.897176
v 0.761036 3.328107 -10.817760
v 0.766620 3.328107 -10.838400
v 0.775318 3.328107 -10.859898
v 0.786277 3.328107 -10.880151
v 0.798426 3.368107 -10.897178
v 0.759112 3.368107 -10.800001
v 0.786277 3.368107 -10.880153
v 0.775318 3.368107 -10.859900
v 0.766620 3.368107 -10.838402
v 0.761036 3.368107 -10.817762
v 0.634112 3.368107 -10.800001
v 0.634112 3.368107 -10.897388
v 0.634112 3.368107 -10.819478
v 0.634112 3.368107 -10.838956
v 0.634112 3.368107 -10.858434
v 0.634112 3.368107 -10.877910
v 0.634112 3.328107 -10.897386
v 0.634112 3.328107 -10.799999
v 0.634112 3.328107 -10.877908
v 0.634112 3.328107 -10.858430
v 0.634112 3.328107 -10.838954
v 0.634112 3.328107 -10.819476
v 0.759112 3.168107 -11.600000
v 0.759112 3.168107 -10.400001
v 0.884112 3.168107 -11.600000
v 0.884112 3.128107 -11.600000
v 0.759112 3.128107 -11.600000
v 0.759112 3.128107 -10.400001
v 0.759112 3.168107 -10.700001
v 0.759112 3.128107 -10.700001
v 1.009112 3.168107 -10.700001
v 1.009112 3.128107 -10.700001
v 0.884112 3.128107 -11.300001
v 0.884112 3.168107 -11.300000
v 0.759112 3.168107 -11.300000
v 0.759112 3.128107 -11.300001
v 1.009112 3.168107 -10.850000
v 0.759112 3.168107 -10.850000
v 1.009112 3.128107 -10.850000
v 0.759112 3.128107 -10.850000
v 1.009112 3.128107 -10.925001
v 0.950141 3.128107 -11.070766
v 1.006226 3.128107 -10.951641
v 0.997850 3.128107 -10.982600
v 0.984804 3.128107 -11.014848
v 0.968364 3.128107 -11.045228
v 0.950141 3.168107 -11.070765
v 1.009112 3.168107 -10.925000
v 0.968364 3.168107 -11.045227
v 0.984804 3.168107 -11.014848
v 0.997850 3.168107 -10.982600
v 1.006226 3.168107 -10.951641
v 0.759112 3.168107 -10.925000
v 0.759112 3.168107 -11.071078
v 0.759112 3.168107 -10.954216
v 0.759112 3.168107 -10.983431
v 0.759112 3.168107 -11.012648
v 0.759112 3.168107 -11.041862
v 0.759112 3.128107 -11.071080
v 0.759112 3.128107 -10.925001
v 0.759112 3.128107 -11.041864
v 0.759112 3.128107 -11.012649
v 0.759112 3.128107 -10.983433
v 0.759112 3.128107 -10.954217
v 0.884112 3.128107 -11.200002
v 0.923426 3.128107 -11.102825
v 0.886036 3.128107 -11.182240
v 0.891620 3.128107 -11.161601
v 0.900318 3.128107 -11.140103
v 0.911277 3.128107 -11.119850
v 0.923426 3.168107 -11.102823
v 0.884112 3.168107 -11.200000
v 0.911277 3.168107 -11.119848
v 0.900318 3.168107 -11.140101
v 0.891621 3.168107 -11.161599
v 0.886037 3.168107 -11.182239
v 0.759112 3.168107 -11.200000
v 0.759112 3.168107 -11.102613
v 0.759112 3.168107 -11.180523
v 0.759112 3.168107 -11.161045
v 0.759112 3.168107 -11.141567
v 0.759112 3.168107 -11.122091
v 0.759112 3.128107 -11.102615
v 0.759112 3.128107 -11.200002
v 0.759112 3.128107 -11.122093
v 0.759112 3.128107 -11.141571
v 0.759112 3.128107 -11.161047
v 0.759112 3.128107 -11.180525
v 0.884112 2.968107 -10.400001
v 0.884112 2.968107 -11.600000
v 1.134112 2.968107 -11.600000
v 0.884112 2.928107 -10.400001
v 0.884112 2.928107 -11.600000
v 1.134112 2.928107 -11.600000
v 0.884112 2.968107 -11.300000
v 0.884112 2.928107 -11.300000
v 1.134112 2.968107 -11.300000
v 1.134112 2.928107 -11.300000
v 1.009112 2.928107 -10.700000
v 1.009112 2.968107 -10.700001
v 0.884112 2.968107 -10.700001
v 0.884112 2.928107 -10.700000
v 1.134112 2.968107 -11.150001
v 0.884112 2.968107 -11.150001
v 1.134112 2.928107 -11.150001
v 0.884112 2.928107 -11.150001
v 1.134112 2.928107 -11.075000
v 1.075142 2.928107 -10.929235
v 1.131226 2.928107 -11.048360
v 1.122850 2.928107 -11.017401
v 1.109804 2.928107 -10.985153
v 1.093364 2.928107 -10.954773
v 1.075141 2.968107 -10.929236
v 1.134112 2.968107 -11.075001
v 1.093364 2.968107 -10.954774
v 1.109804 2.968107 -10.985153
v 1.122850 2.968107 -11.017401
v 1.131226 2.968107 -11.048360
v 0.884112 2.968107 -11.075001
v 0.884112 2.968107 -10.928923
v 0.884112 2.968107 -11.045785
v 0.884112 2.968107 -11.016570
v 0.884112 2.968107 -10.987353
v 0.884112 2.968107 -10.958138
v 0.884112 2.928107 -10.928921
v 0.884112 2.928107 -11.075000
v 0.884112 2.928107 -10.958137
v 0.884112 2.928107 -10.987352
v 0.884112 2.928107 -11.016568
v 0.884112 2.928107 -11.045784
v 1.009112 2.928107 -10.799999
v 1.048426 2.928107 -10.897176
v 1.011036 2.928107 -10.817760
v 1.016621 2.928107 -10.838400
v 1.025318 2.928107 -10.859898
v 1.036278 2.928107 -10.880151
v 1.048426 2.968107 -10.897178
v 1.009112 2.968107 -10.800001
v 1.036278 2.968107 -10.880153
v 1.025318 2.968107 -10.859900
v 1.016621 2.968107 -10.838402
v 1.011036 2.968107 -10.817762
v 0.884112 2.968107 -10.800001
v 0.884112 2.968107 -10.897388
v 0.884112 2.968107 -10.819478
v 0.884112 2.968107 -10.838956
v 0.884112 2.968107 -10.858434
v 0.884112 2.968107 -10.877910
v 0.884112 2.928107 -10.897386
v 0.884112 2.928107 -10.799999
v 0.884112 2.928107 -10.877908
v 0.884112 2.928107 -10.858430
v 0.884112 2.928107 -10.838954
v 0.884112 2.928107 -10.819476
v 1.009112 2.768107 -11.600000
v 1.009112 2.768107 -10.400001
v 1.134112 2.768107 -11.600000
v 1.134112 2.728107 -11.600000
v 1.009112 2.728107 -11.600000
v 1.009112 2.728107 -10.400001
v 1.009112 2.768107 -10.700001
v 1.009112 2.728107 -10.700001
v 1.259112 2.768107 -10.700001
v 1.259112 2.728107 -10.700001
v 1.134112 2.728107 -11.300001
v 1.134112 2.768107 -11.300000
v 1.009112 2.768107 -11.300000
v 1.009112 2.728107 -11.300001
v 1.259112 2.768107 -10.850000
v 1.009112 2.768107 -10.850000
v 1.259112 2.728107 -10.850000
v 1.009112 2.728107 -10.850000
v 1.259112 2.728107 -10.925001
v 1.200142 2.728107 -11.070766
v 1.256226 2.728107 -10.951641
v 1.247850 2.728107 -10.982600
v 1.234804 2.728107 -11.014848
v 1.218364 2.728107 -11.045228
v 1.200141 2.768107 -11.070765
v 1.259112 2.768107 -10.925000
v 1.218364 2.768107 -11.045227
v 1.234804 2.768107 -11.014848
v 1.247850 2.768107 -10.982600
v 1.256226 2.768107 -10.951641
v 1.009112 2.768107 -10.925000
v 1.009112 2.768107 -11.071078
v 1.009112 2.768107 -10.954216
v 1.009112 2.768107 -10.983431
v 1.009112 2.768107 -11.012648
v 1.009112 2.768107 -11.041862
v 1.009112 2.728107 -11.071080
v 1.009112 2.728107 -10.925001
v 1.009112 2.728107 -11.041864
v 1.009112 2.728107 -11.012649
v 1.009112 2.728107 -10.983433
v 1.009112 2.728107 -10.954217
v 1.134112 2.728107 -11.200002
v 1.173426 2.728107 -11.102825
v 1.136036 2.728107 -11.182240
v 1.141621 2.728107 -11.161601
v 1.150318 2.728107 -11.140103
v 1.161278 2.728107 -11.119850
v 1.173426 2.768107 -11.102823
v 1.134112 2.768107 -11.200000
v 1.161278 2.768107 -11.119848
v 1.150318 2.768107 -11.140101
v 1.141621 2.768107 -11.161599
v 1.136037 2.768107 -11.182239
v 1.009112 2.768107 -11.200000
v 1.009112 2.768107 -11.102613
v 1.009112 2.768107 -11.180523
v 1.009112 2.768107 -11.161045
v 1.009112 2.768107 -11.141567
v 1.009112 2.768107 -11.122091
v 1.009112 2.728107 -11.102615
v 1.009112 2.728107 -11.200002
v 1.009112 2.728107 -11.122093
v 1.009112 2.728107 -11.141571
v 1.009112 2.728107 -11.161047
v 1.009112 2.728107 -11.180525
v 1.134112 2.568107 -10.400001
v 1.134112 2.568107 -11.600000
v 1.384112 2.568107 -11.600000
v 1.134112 2.528107 -10.400001
v 1.134112 2.528107 -11.600000
v 1.384112 2.528107 -11.600000
v 1.134112 2.568107 -11.300000
v 1.134112 2.528107 -11.300000
v 1.384112 2.568107 -11.300000
v 1.384112 2.528107 -11.300000
v 1.259112 2.528107 -10.700000
v 1.259112 2.568107 -10.700001
v 1.134112 2.568107 -10.700001
v 1.134112 2.528107 -10.700000
v 1.384112 2.568107 -11.150001
v 1.134112 2.568107 -11.150001
v 1.384112 2.528107 -11.150001
v 1.134112 2.528107 -11.150001
v 1.384112 2.528107 -11.075000
v 1.325141 2.528107 -10.929235
v 1.381226 2.528107 -11.048360
v 1.372850 2.528107 -11.017401
v 1.359804 2.528107 -10.985153
v 1.343364 2.528107 -10.954773
v 1.325141 2.568107 -10.929236
v 1.384112 2.568107 -11.075001
v 1.343364 2.568107 -10.954774
v 1.359804 2.568107 -10.985153
v 1.372850 2.568107 -11.017401
v 1.381226 2.568107 -11.048360
v 1.134112 2.568107 -11.075001
v 1.134112 2.568107 -10.928923
v 1.134112 2.568107 -11.045785
v 1.134112 2.568107 -11.016570
v 1.134112 2.568107 -10.987353
v 1.134112 2.568107 -10.958138
v 1.134112 2.528107 -10.928921
v 1.134112 2.528107 -11.075000
v 1.134112 2.528107 -10.958137
v 1.134112 2.528107 -10.987352
v 1.134112 2.528107 -11.016568
v 1.134112 2.528107 -11.045784
v 1.259112 2.528107 -10.799999
v 1.298426 2.528107 -10.897176
v 1.261036 2.528107 -10.817760
v 1.266620 2.528107 -10.838400
v 1.275318 2.528107 -10.859898
v 1.286278 2.528107 -10.880151
v 1.298426 2.568107 -10.897178
v 1.259112 2.568107 -10.800001
v 1.286278 2.568107 -10.880153
v 1.275318 2.568107 -10.859900
v 1.266620 2.568107 -10.838402
v 1.261036 2.568107 -10.817762
v 1.134112 2.568107 -10.800001
v 1.134112 2.568107 -10.897388
v 1.134112 2.568107 -10.819478
v 1.134112 2.568107 -10.838956
v 1.134112 2.568107 -10.858434
v 1.134112 2.568107 -10.877910
v 1.134112 2.528107 -10.897386
v 1.134112 2.528107 -10.799999
v 1.134112 2.528107 -10.877908
v 1.134112 2.528107 -10.858430
v 1.134112 2.528107 -10.838954
v 1.134112 2.528107 -10.819476
v 1.259112 2.368107 -11.600000
v 1.259112 2.368107 -10.400001
v 1.384112 2.368107 -11.600000
v 1.384112 2.328107 -11.600000
v 1.259112 2.328107 -11.600000
v 1.259112 2.328107 -10.400001
v 1.259112 2.368107 -10.700001
v 1.259112 2.328107 -10.700001
v 1.509112 2.368107 -10.700001
v 1.509112 2.328107 -10.700001
v 1.384112 2.328107 -11.300001
v 1.384112 2.368107 -11.300000
v 1.259112 2.368107 -11.300000
v 1.259112 2.328107 -11.300001
v 1.509112 2.368107 -10.850000
v 1.259112 2.368107 -10.850000
v 1.509112 2.328107 -10.850000
v 1.259112 2.328107 -10.850000
v 1.509112 2.328107 -10.925001
v 1.450142 2.328107 -11.070766
v 1.506226 2.328107 -10.951641
v 1.497850 2.328107 -10.982600
v 1.484804 2.328107 -11.014848
v 1.468365 2.328107 -11.045228
v 1.450141 2.368107 -11.070765
v 1.509112 2.368107 -10.925000
v 1.468365 2.368107 -11.045227
v 1.484804 2.368107 -11.014848
v 1.497850 2.368107 -10.982600
v 1.506226 2.368107 -10.951641
v 1.259112 2.368107 -10.925000
v 1.259112 2.368107 -11.071078
v 1.259112 2.368107 -10.954216
v 1.259112 2.368107 -10.983431
v 1.259112 2.368107 -11.012648
v 1.259112 2.368107 -11.041862
v 1.259112 2.328107 -11.071080
v 1.259112 2.328107 -10.925001
v 1.259112 2.328107 -11.041864
v 1.259112 2.328107 -11.012649
v 1.259112 2.328107 -10.983433
v 1.259112 2.328107 -10.954217
v 1.384112 2.328107 -11.200002
v 1.423426 2.328107 -11.102825
v 1.386037 2.328107 -11.182240
v 1.391621 2.328107 -11.161601
v 1.400318 2.328107 -11.140103
v 1.411278 2.328107 -11.119850
v 1.423426 2.368107 -11.102823
v 1.384112 2.368107 -11.200000
v 1.411278 2.368107 -11.119848
v 1.400318 2.368107 -11.140101
v 1.391621 2.368107 -11.161599
v 1.386037 2.368107 -11.182239
v 1.259112 2.368107 -11.200000
v 1.259112 2.368107 -11.102613
v 1.259112 2.368107 -11.180523
v 1.259112 2.368107 -11.161045
v 1.259112 2.368107 -11.141567
v 1.259112 2.368107 -11.122091
v 1.259112 2.328107 -11.102615
v 1.259112 2.328107 -11.200002
v 1.259112 2.328107 -11.122093
v 1.259112 2.328107 -11.141571
v 1.259112 2.328107 -11.161047
v 1.259112 2.328107 -11.180525
v 1.384112 2.168107 -10.400001
v 1.384112 2.168107 -11.600000
v 1.634112 2.168107 -11.600000
v 1.384112 2.128107 -10.400001
v 1.384112 2.128107 -11.600000
v 1.634112 2.128107 -11.600000
v 1.384112 2.168107 -11.300000
v 1.384112 2.128107 -11.300000
v 1.634112 2.168107 -11.300000
v 1.634112 2.128107 -11.300000
v 1.509112 2.128107 -10.700000
v 1.509112 2.168107 -10.700001
v 1.384112 2.168107 -10.700001
v 1.384112 2.128107 -10.700000
v 1.634112 2.168107 -11.150001
v 1.384112 2.168107 -11.150001
v 1.634112 2.128107 -11.150001
v 1.384112 2.128107 -11.150001
v 1.634112 2.128107 -11.075000
v 1.575142 2.128107 -10.929235
v 1.631226 2.128107 -11.048360
v 1.622850 2.128107 -11.017401
v 1.609804 2.128107 -10.985153
v 1.593364 2.128107 -10.954773
v 1.575142 2.168107 -10.929236
v 1.634112 2.168107 -11.075001
v 1.593364 2.168107 -10.954774
v 1.609804 2.168107 -10.985153
v 1.622850 2.168107 -11.017401
v 1.631226 2.168107 -11.048360
v 1.384112 2.168107 -11.075001
v 1.384112 2.168107 -10.928923
v 1.384112 2.168107 -11.045785
v 1.384112 2.168107 -11.016570
v 1.384112 2.168107 -10.987353
v 1.384112 2.168107 -10.958138
v 1.384112 2.128107 -10.928921
v 1.384112 2.128107 -11.075000
v 1.384112 2.128107 -10.958137
v 1.384112 2.128107 -10.987352
v 1.384112 2.128107 -11.016568
v 1.384112 2.128107 -11.045784
v 1.509112 2.128107 -10.799999
v 1.548426 2.128107 -10.897176
v 1.511036 2.128107 -10.817760
v 1.516621 2.128107 -10.838400
v 1.525318 2.128107 -10.859898
v 1.536278 2.128107 -10.880151
v 1.548426 2.168107 -10.897178
v 1.509112 2.168107 -10.800001
v 1.536278 2.168107 -10.880153
v 1.525318 2.168107 -10.859900
v 1.516621 2.168107 -10.838402
v 1.511036 2.168107 -10.817762
v 1.384112 2.168107 -10.800001
v 1.384112 2.168107 -10.897388
v 1.384112 2.168107 -10.819478
v 1.384112 2.168107 -10.838956
v 1.384112 2.168107 -10.858434
v 1.384112 2.168107 -10.877910
v 1.384112 2.128107 -10.897386
v 1.384112 2.128107 -10.799999
v 1.384112 2.128107 -10.877908
v 1.384112 2.128107 -10.858430
v 1.384112 2.128107 -10.838954
v 1.384112 2.128107 -10.819476
v 1.509112 1.968107 -11.600000
v 1.509112 1.968107 -10.400001
v 1.634112 1.968107 -11.600000
v 1.634112 1.928107 -11.600000
v 1.509112 1.928107 -11.600000
v 1.509112 1.928107 -10.400001
v 1.509112 1.968107 -10.700001
v 1.509112 1.928107 -10.700001
v 1.759112 1.968107 -10.700001
v 1.759112 1.928107 -10.700001
v 1.634112 1.928107 -11.300001
v 1.634112 1.968107 -11.300000
v 1.509112 1.968107 -11.300000
v 1.509112 1.928107 -11.300001
v 1.759112 1.968107 -10.850000
v 1.509112 1.968107 -10.850000
v 1.759112 1.928107 -10.850000
v 1.509112 1.928107 -10.850000
v 1.759112 1.928107 -10.925001
v 1.700141 1.928107 -11.070766
v 1.756226 1.928107 -10.951641
v 1.747850 1.928107 -10.982600
v 1.734804 1.928107 -11.014848
v 1.718364 1.928107 -11.045228
v 1.700141 1.968107 -11.070765
v 1.759112 1.968107 -10.925000
v 1.718364 1.968107 -11.045227
v 1.734804 1.968107 -11.014848
v 1.747850 1.968107 -10.982600
v 1.756226 1.968107 -10.951641
v 1.509112 1.968107 -10.925000
v 1.509112 1.968107 -11.071078
v 1.509112 1.968107 -10.954216
v 1.509112 1.968107 -10.983431
v 1.509112 1.968107 -11.012648
v 1.509112 1.968107 -11.041862
v 1.509112 1.928107 -11.071080
v 1.509112 1.928107 -10.925001
v 1.509112 1.928107 -11.041864
v 1.509112 1.928107 -11.012649
v 1.509112 1.928107 -10.983433
v 1.509112 1.928107 -10.954217
v 1.634112 1.928107 -11.200002
v 1.673426 1.928107 -11.102825
v 1.636036 1.928107 -11.182240
v 1.641620 1.928107 -11.161601
v 1.650318 1.928107 -11.140103
v 1.661277 1.928107 -11.119850
v 1.673426 1.968107 -11.102823
v 1.634112 1.968107 -11.200000
v 1.661277 1.968107 -11.119848
v 1.650318 1.968107 -11.140101
v 1.641621 1.968107 -11.161599
v 1.636037 1.968107 -11.182239
v 1.509112 1.968107 -11.200000
v 1.509112 1.968107 -11.102613
v 1.509112 1.968107 -11.180523
v 1.509112 1.968107 -11.161045
v 1.509112 1.968107 -11.141567
v 1.509112 1.968107 -11.122091
v 1.509112 1.928107 -11.102615
v 1.509112 1.928107 -11.200002
v 1.509112 1.928107 -11.122093
v 1.509112 1.928107 -11.141571
v 1.509112 1.928107 -11.161047
v 1.509112 1.928107 -11.180525
v 1.634112 1.768107 -10.400001
v 1.634112 1.768107 -11.600000
v 1.884112 1.768107 -11.600000
v 1.634112 1.728107 -10.400001
v 1.634112 1.728107 -11.600000
v 1.884112 1.728107 -11.600000
v 1.634112 1.768107 -11.300000
v 1.634112 1.728107 -11.300000
v 1.884112 1.768107 -11.300000
v 1.884112 1.728107 -11.300000
v 1.759112 1.728107 -10.700000
v 1.759112 1.768107 -10.700001
v 1.634112 1.768107 -10.700001
v 1.634112 1.728107 -10.700000
v 1.884112 1.768107 -11.150001
v 1.634112 1.768107 -11.150001
v 1.884112 1.728107 -11.150001
v 1.634112 1.728107 -11.150001
v 1.884112 1.728107 -11.075000
v 1.825141 1.728107 -10.929235
v 1.881226 1.728107 -11.048360
v 1.872850 1.728107 -11.017401
v 1.859803 1.728107 -10.985153
v 1.843364 1.728107 -10.954773
v 1.825141 1.768107 -10.929236
v 1.884112 1.768107 -11.075001
v 1.843364 1.768107 -10.954774
v 1.859803 1.768107 -10.985153
v 1.872850 1.768107 -11.017401
v 1.881226 1.768107 -11.048360
v 1.634112 1.768107 -11.075001
v 1.634112 1.768107 -10.928923
v 1.634112 1.768107 -11.045785
v 1.634112 1.768107 -11.016570
v 1.634112 1.768107 -10.987353
v 1.634112 1.768107 -10.958138
v 1.634112 1.728107 -10.928921
v 1.634112 1.728107 -11.075000
v 1.634112 1.728107 -10.958137
v 1.634112 1.728107 -10.987352
v 1.634112 1.728107 -11.016568
v 1.634112 1.728107 -11.045784
v 1.759112 1.728107 -10.799999
v 1.798426 1.728107 -10.897176
v 1.761036 1.728107 -10.817760
v 1.766621 1.728107 -10.838400
v 1.775318 1.728107 -10.859898
v 1.786277 1.728107 -10.880151
v 1.798426 1.768107 -10.897178
v 1.759112 1.768107 -10.800001
v 1.786277 1.768107 -10.880153
v 1.775318 1.768107 -10.859900
v 1.766621 1.768107 -10.838402
v 1.761036 1.768107 -10.817762
v 1.634112 1.768107 -10.800001
v 1.634112 1.768107 -10.897388
v 1.634112 1.768107 -10.819478
v 1.634112 1.768107 -10.838956
v 1.634112 1.768107 -10.858434
v 1.634112 1.768107 -10.877910
v 1.634112 1.728107 -10.897386
v 1.634112 1.728107 -10.799999
v 1.634112 1.728107 -10.877908
v 1.634112 1.728107 -10.858430
v 1.634112 1.728107 -10.838954
v 1.634112 1.728107 -10.819476
v 1.759112 1.568107 -11.600000
v 1.759112 1.568107 -10.400001
v 1.884112 1.568107 -11.600000
v 1.884112 1.528107 -11.600000
v 1.759112 1.528107 -11.600000
v 1.759112 1.528107 -10.400001
v 1.759112 1.568107 -10.700001
v 1.759112 1.528107 -10.700001
v 2.009112 1.568107 -10.700001
v 2.009112 1.528107 -10.700001
v 1.884112 1.528107 -11.300001
v 1.884112 1.568107 -11.300000
v 1.759112 1.568107 -11.300000
v 1.759112 1.528107 -11.300001
v 2.009112 1.568107 -10.850000
v 1.759112 1.568107 -10.850000
v 2.009112 1.528107 -10.850000
v 1.759112 1.528107 -10.850000
v 2.009112 1.528107 -10.925001
v 1.950141 1.528107 -11.070766
v 2.006226 1.528107 -10.951641
v 1.997850 1.528107 -10.982600
v 1.984804 1.528107 -11.014848
v 1.968364 1.528107 -11.045228
v 1.950141 1.568107 -11.070765
v 2.009112 1.568107 -10.925000
v 1.968364 1.568107 -11.045227
v 1.984804 1.568107 -11.014848
v 1.997850 1.568107 -10.982600
v 2.006226 1.568107 -10.951641
v 1.759112 1.568107 -10.925000
v 1.759112 1.568107 -11.071078
v 1.759112 1.568107 -10.954216
v 1.759112 1.568107 -10.983431
v 1.759112 1.568107 -11.012648
v 1.759112 1.568107 -11.041862
v 1.759112 1.528107 -11.071080
v 1.759112 1.528107 -10.925001
v 1.759112 1.528107 -11.041864
v 1.759112 1.528107 -11.012649
v 1.759112 1.528107 -10.983433
v 1.759112 1.528107 -10.954217
v 1.884112 1.528107 -11.200002
v 1.923426 1.528107 -11.102825
v 1.886036 1.528107 -11.182240
v 1.891620 1.528107 -11.161601
v 1.900318 1.528107 -11.140103
v 1.911278 1.528107 -11.119850
v 1.923426 1.568107 -11.102823
v 1.884112 1.568107 -11.200000
v 1.911278 1.568107 -11.119848
v 1.900318 1.568107 -11.140101
v 1.891620 1.568107 -11.161599
v 1.886036 1.568107 -11.182239
v 1.759112 1.568107 -11.200000
v 1.759112 1.568107 -11.102613
v 1.759112 1.568107 -11.180523
v 1.759112 1.568107 -11.161045
v 1.759112 1.568107 -11.141567
v 1.759112 1.568107 -11.122091
v 1.759112 1.528107 -11.102615
v 1.759112 1.528107 -11.200002
v 1.759112 1.528107 -11.122093
v 1.759112 1.528107 -11.141571
v 1.759112 1.528107 -11.161047
v 1.759112 1.528107 -11.180525
v 1.884112 1.368107 -10.400001
v 1.884112 1.368107 -11.600000
v 2.134112 1.368107 -11.600000
v 1.884112 1.328107 -10.400001
v 1.884112 1.328107 -11.600000
v 2.134112 1.328107 -11.600000
v 1.884112 1.368107 -11.300000
v 1.884112 1.328107 -11.300000
v 2.134112 1.368107 -11.300000
v 2.134112 1.328107 -11.300000
v 2.009112 1.328107 -10.700000
v 2.009112 1.368107 -10.700001
v 1.884112 1.368107 -10.700001
v 1.884112 1.328107 -10.700000
v 2.134112 1.368107 -11.150001
v 1.884112 1.368107 -11.150001
v 2.134112 1.328107 -11.150001
v 1.884112 1.328107 -11.150001
v 2.134112 1.328107 -11.075000
v 2.075142 1.328107 -10.929235
v 2.131226 1.328107 -11.048360
v 2.122850 1.328107 -11.017401
v 2.109804 1.328107 -10.985153
v 2.093365 1.328107 -10.954773
v 2.075141 1.368107 -10.929236
v 2.134112 1.368107 -11.075001
v 2.093365 1.368107 -10.954774
v 2.109804 1.368107 -10.985153
v 2.122850 1.368107 -11.017401
v 2.131226 1.368107 -11.048360
v 1.884112 1.368107 -11.075001
v 1.884112 1.368107 -10.928923
v 1.884112 1.368107 -11.045785
v 1.884112 1.368107 -11.016570
v 1.884112 1.368107 -10.987353
v 1.884112 1.368107 -10.958138
v 1.884112 1.328107 -10.928921
v 1.884112 1.328107 -11.075000
v 1.884112 1.328107 -10.958137
v 1.884112 1.328107 -10.987352
v 1.884112 1.328107 -11.016568
v 1.884112 1.328107 -11.045784
v 2.009112 1.328107 -10.799999
v 2.048426 1.328107 -10.897176
v 2.011036 1.328107 -10.817760
v 2.016621 1.328107 -10.838400
v 2.025318 1.328107 -10.859898
v 2.036278 1.328107 -10.880151
v 2.048426 1.368107 -10.897178
v 2.009112 1.368107 -10.800001
v 2.036278 1.368107 -10.880153
v 2.025318 1.368107 -10.859900
v 2.016621 1.368107 -10.838402
v 2.011037 1.368107 -10.817762
v 1.884112 1.368107 -10.800001
v 1.884112 1.368107 -10.897388
v 1.884112 1.368107 -10.819478
v 1.884112 1.368107 -10.838956
v 1.884112 1.368107 -10.858434
v 1.884112 1.368107 -10.877910
v 1.884112 1.328107 -10.897386
v 1.884112 1.328107 -10.799999
v 1.884112 1.328107 -10.877908
v 1.884112 1.328107 -10.858430
v 1.884112 1.328107 -10.838954
v 1.884112 1.328107 -10.819476
v 2.009112 1.168107 -11.600000
v 2.009112 1.168107 -10.400001
v 2.134112 1.168107 -11.600000
v 2.134112 1.128107 -11.600000
v 2.009112 1.128107 -11.600000
v 2.009112 1.128107 -10.400001
v 2.009112 1.168107 -10.700001
v 2.009112 1.128107 -10.700001
v 2.259112 1.168107 -10.700001
v 2.259112 1.128107 -10.700001
v 2.134112 1.128107 -11.300001
v 2.134112 1.168107 -11.300000
v 2.009112 1.168107 -11.300000
v 2.009112 1.128107 -11.300001
v 2.259112 1.168107 -10.850000
v 2.009112 1.168107 -10.850000
v 2.259112 1.128107 -10.850000
v 2.009112 1.128107 -10.850000
v 2.259112 1.128107 -10.925001
v 2.200141 1.128107 -11.070766
v 2.256226 1.128107 -10.951641
v 2.247850 1.128107 -10.982600
v 2.234804 1.128107 -11.014848
v 2.218364 1.128107 -11.045228
v 2.200141 1.168107 -11.070765
v 2.259112 1.168107 -10.925000
v 2.218364 1.168107 -11.045227
v 2.234804 1.168107 -11.014848
v 2.247850 1.168107 -10.982600
v 2.256226 1.168107 -10.951641
v 2.009112 1.168107 -10.925000
v 2.009112 1.168107 -11.071078
v 2.009112 1.168107 -10.954216
v 2.009112 1.168107 -10.983431
v 2.009112 1.168107 -11.012648
v 2.009112 1.168107 -11.041862
v 2.009112 1.128107 -11.071080
v 2.009112 1.128107 -10.925001
v 2.009112 1.128107 -11.041864
v 2.009112 1.128107 -11.012649
v 2.009112 1.128107 -10.983433
v 2.009112 1.128107 -10.954217
v 2.134112 1.128107 -11.200002
v 2.173426 1.128107 -11.102825
v 2.136036 1.128107 -11.182240
v 2.141621 1.128107 -11.161601
v 2.150318 1.128107 -11.140103
v 2.161278 1.128107 -11.119850
v 2.173426 1.168107 -11.102823
v 2.134112 1.168107 -11.200000
v 2.161278 1.168107 -11.119848
v 2.150318 1.168107 -11.140101
v 2.141621 1.168107 -11.161599
v 2.136037 1.168107 -11.182239
v 2.009112 1.168107 -11.200000
v 2.009112 1.168107 -11.102613
v 2.009112 1.168107 -11.180523
v 2.009112 1.168107 -11.161045
v 2.009112 1.168107 -11.141567
v 2.009112 1.168107 -11.122091
v 2.009112 1.128107 -11.102615
v 2.009112 1.128107 -11.200002
v 2.009112 1.128107 -11.122093
v 2.009112 1.128107 -11.141571
v 2.009112 1.128107 -11.161047
v 2.009112 1.128107 -11.180525
v 2.134112 0.968107 -10.400001
v 2.134112 0.968107 -11.600000
v 2.384112 0.968107 -11.600000
v 2.134112 0.928107 -11.600000
v 2.384112 0.928107 -11.600000
v 2.134112 0.968107 -11.300000
v 2.134112 0.928107 -11.300000
v 2.384112 0.968107 -11.300000
v 2.384112 0.928107 -11.300000
v 2.259112 0.928107 -10.700000
v 2.259112 0.968107 -10.700001
v 2.134112 0.968107 -10.700001
v 2.134112 0.928107 -10.700000
v 2.384112 0.968107 -11.150001
v 2.134112 0.968107 -11.150001
v 2.384112 0.928107 -11.150001
v 2.134112 0.928107 -11.150001
v 2.384112 0.928107 -11.075000
v 2.325141 0.928107 -10.929235
v 2.381226 0.928107 -11.048360
v 2.372850 0.928107 -11.017401
v 2.359804 0.928107 -10.985153
v 2.343364 0.928107 -10.954773
v 2.325141 0.968107 -10.929236
v 2.384112 0.968107 -11.075001
v 2.343364 0.968107 -10.954774
v 2.359804 0.968107 -10.985153
v 2.372850 0.968107 -11.017401
v 2.381226 0.968107 -11.048360
v 2.134112 0.968107 -11.075001
v 2.134112 0.968107 -10.928923
v 2.134112 0.968107 -11.045785
v 2.134112 0.968107 -11.016570
v 2.134112 0.968107 -10.987353
v 2.134112 0.968107 -10.958138
v 2.134112 0.928107 -10.928921
v 2.134112 0.928107 -11.075000
v 2.134112 0.928107 -10.958137
v 2.134112 0.928107 -10.987352
v 2.134112 0.928107 -11.016568
v 2.134112 0.928107 -11.045784
v 2.259112 0.928107 -10.799999
v 2.298426 0.928107 -10.897176
v 2.261036 0.928107 -10.817760
v 2.266621 0.928107 -10.838400
v 2.275318 0.928107 -10.859898
v 2.286277 0.928107 -10.880151
v 2.298426 0.968107 -10.897178
v 2.259112 0.968107 -10.800001
v 2.286277 0.968107 -10.880153
v 2.275318 0.968107 -10.859900
v 2.266621 0.968107 -10.838402
v 2.261036 0.968107 -10.817762
v 2.134112 0.968107 -10.800001
v 2.134112 0.968107 -10.897388
v 2.134112 0.968107 -10.819478
v 2.134112 0.968107 -10.838956
v 2.134112 0.968107 -10.858434
v 2.134112 0.968107 -10.877910
v 2.134112 0.928107 -10.897386
v 2.134112 0.928107 -10.799999
v 2.134112 0.928107 -10.877908
v 2.134112 0.928107 -10.858430
v 2.134112 0.928107 -10.838954
v 2.134112 0.928107 -10.819476
v 2.134112 0.928107 -10.400001
v 0.509112 3.768107 -10.480000
v 0.409112 3.768107 -10.400001
v 0.504218 3.768107 -10.455279
v 0.490014 3.768107 -10.432978
v 0.467891 3.768107 -10.415279
v 0.440014 3.768107 -10.403916
v 0.409112 3.728107 -10.400001
v 0.509112 3.728107 -10.480000
v 0.440014 3.728107 -10.403916
v 0.467891 3.728107 -10.415279
v 0.490014 3.728107 -10.432978
v 0.504218 3.728107 -10.455279
v 0.759112 3.368107 -10.480000
v 0.659112 3.368107 -10.400001
v 0.754218 3.368107 -10.455279
v 0.740014 3.368107 -10.432978
v 0.717891 3.368107 -10.415279
v 0.690014 3.368107 -10.403916
v 0.659112 3.328107 -10.400001
v 0.759112 3.328107 -10.480000
v 0.690014 3.328107 -10.403916
v 0.717891 3.328107 -10.415279
v 0.740014 3.328107 -10.432978
v 0.754218 3.328107 -10.455279
v 1.009112 2.968107 -10.480000
v 0.909112 2.968107 -10.400001
v 1.004218 2.968107 -10.455279
v 0.990014 2.968107 -10.432978
v 0.967891 2.968107 -10.415279
v 0.940014 2.968107 -10.403916
v 0.909112 2.928107 -10.400001
v 1.009112 2.928107 -10.480000
v 0.940014 2.928107 -10.403916
v 0.967891 2.928107 -10.415279
v 0.990014 2.928107 -10.432978
v 1.004218 2.928107 -10.455279
v 1.259112 2.568107 -10.480000
v 1.159112 2.568107 -10.400001
v 1.254218 2.568107 -10.455279
v 1.240014 2.568107 -10.432978
v 1.217891 2.568107 -10.415279
v 1.190014 2.568107 -10.403916
v 1.159112 2.528107 -10.400001
v 1.259112 2.528107 -10.480000
v 1.190014 2.528107 -10.403916
v 1.217891 2.528107 -10.415279
v 1.240014 2.528107 -10.432978
v 1.254218 2.528107 -10.455279
v 1.509112 2.168107 -10.480000
v 1.409112 2.168107 -10.400001
v 1.504218 2.168107 -10.455279
v 1.490014 2.168107 -10.432978
v 1.467891 2.168107 -10.415279
v 1.440014 2.168107 -10.403916
v 1.409112 2.128107 -10.400001
v 1.509112 2.128107 -10.480000
v 1.440014 2.128107 -10.403916
v 1.467891 2.128107 -10.415279
v 1.490014 2.128107 -10.432978
v 1.504218 2.128107 -10.455279
v 1.759112 1.768107 -10.480000
v 1.659112 1.768107 -10.400001
v 1.754218 1.768107 -10.455279
v 1.740014 1.768107 -10.432978
v 1.717891 1.768107 -10.415279
v 1.690014 1.768107 -10.403916
v 1.659112 1.728107 -10.400001
v 1.759112 1.728107 -10.480000
v 1.690014 1.728107 -10.403916
v 1.717891 1.728107 -10.415279
v 1.740014 1.728107 -10.432978
v 1.754218 1.728107 -10.455279
v 2.009112 1.368107 -10.480000
v 1.909112 1.368107 -10.400001
v 2.004218 1.368107 -10.455279
v 1.990014 1.368107 -10.432978
v 1.967891 1.368107 -10.415279
v 1.940014 1.368107 -10.403916
v 1.909112 1.328107 -10.400001
v 2.009112 1.328107 -10.480000
v 1.940014 1.328107 -10.403916
v 1.967891 1.328107 -10.415279
v 1.990014 1.328107 -10.432978
v 2.004218 1.328107 -10.455279
v 2.259112 0.968107 -10.480000
v 2.159112 0.968107 -10.400001
v 2.254218 0.968107 -10.455279
v 2.240014 0.968107 -10.432978
v 2.217891 0.968107 -10.415279
v 2.190014 0.968107 -10.403916
v 2.159112 0.928107 -10.400001
v 2.259112 0.928107 -10.480000
v 2.190014 0.928107 -10.403916
v 2.217891 0.928107 -10.415279
v 2.240014 0.928107 -10.432978
v 2.254218 0.928107 -10.455279
v 0.571612 3.568107 -10.400001
v 0.759112 3.568107 -10.550000
v 0.629553 3.568107 -10.407342
v 0.681822 3.568107 -10.428648
v 0.723303 3.568107 -10.461833
v 0.749935 3.568107 -10.503648
v 0.759112 3.528107 -10.550000
v 0.571612 3.528107 -10.400001
v 0.749935 3.528107 -10.503648
v 0.723303 3.528107 -10.461833
v 0.681822 3.528107 -10.428648
v 0.629553 3.528107 -10.407342
v 0.821612 3.168107 -10.400001
v 1.009112 3.168107 -10.550000
v 0.879553 3.168107 -10.407342
v 0.931822 3.168107 -10.428648
v 0.973303 3.168107 -10.461833
v 0.999935 3.168107 -10.503648
v 1.009112 3.128107 -10.550000
v 0.821612 3.128107 -10.400001
v 0.999935 3.128107 -10.503648
v 0.973303 3.128107 -10.461833
v 0.931822 3.128107 -10.428648
v 0.879553 3.128107 -10.407342
v 1.071612 2.768107 -10.400001
v 1.259112 2.768107 -10.550000
v 1.129553 2.768107 -10.407342
v 1.181822 2.768107 -10.428648
v 1.223303 2.768107 -10.461833
v 1.249936 2.768107 -10.503648
v 1.259112 2.728107 -10.550000
v 1.071612 2.728107 -10.400001
v 1.249936 2.728107 -10.503648
v 1.223303 2.728107 -10.461833
v 1.181822 2.728107 -10.428648
v 1.129553 2.728107 -10.407342
v 1.321612 2.368107 -10.400001
v 1.509112 2.368107 -10.550000
v 1.379553 2.368107 -10.407342
v 1.431822 2.368107 -10.428648
v 1.473303 2.368107 -10.461833
v 1.499935 2.368107 -10.503648
v 1.509112 2.328107 -10.550000
v 1.321612 2.328107 -10.400001
v 1.499935 2.328107 -10.503648
v 1.473303 2.328107 -10.461833
v 1.431822 2.328107 -10.428648
v 1.379553 2.328107 -10.407342
v 1.571612 1.968107 -10.400001
v 1.759112 1.968107 -10.550000
v 1.629553 1.968107 -10.407342
v 1.681822 1.968107 -10.428648
v 1.723303 1.968107 -10.461833
v 1.749935 1.968107 -10.503648
v 1.759112 1.928107 -10.550000
v 1.571612 1.928107 -10.400001
v 1.749935 1.928107 -10.503648
v 1.723303 1.928107 -10.461833
v 1.681822 1.928107 -10.428648
v 1.629553 1.928107 -10.407342
v 1.821612 1.568107 -10.400001
v 2.009112 1.568107 -10.550000
v 1.879553 1.568107 -10.407342
v 1.931822 1.568107 -10.428648
v 1.973303 1.568107 -10.461833
v 1.999935 1.568107 -10.503648
v 2.009112 1.528107 -10.550000
v 1.821612 1.528107 -10.400001
v 1.999935 1.528107 -10.503648
v 1.973303 1.528107 -10.461833
v 1.931822 1.528107 -10.428648
v 1.879553 1.528107 -10.407342
v 2.071612 1.168107 -10.400001
v 2.259112 1.168107 -10.550000
v 2.129553 1.168107 -10.407342
v 2.181822 1.168107 -10.428648
v 2.223303 1.168107 -10.461833
v 2.249935 1.168107 -10.503648
v 2.259112 1.128107 -10.550000
v 2.071612 1.128107 -10.400001
v 2.249935 1.128107 -10.503648
v 2.223303 1.128107 -10.461833
v 2.181822 1.128107 -10.428648
v 2.129553 1.128107 -10.407342
v 0.134112 3.765627 -9.300000
v 0.134112 3.765627 -8.900001
v 0.134112 0.800000 -8.900001
v -0.000000 3.765627 -10.300000
v 0.134112 3.765627 -10.300000
v 0.134112 0.800000 -11.600000
v -0.000000 3.765627 -11.600000
v 3.068282 2.808609 -12.000000
v -3.068283 2.808609 -12.000000
v 2.773771 2.749749 -11.600000
v -2.773771 2.749749 -2.000000
v 2.773771 2.749749 -2.000000
v -2.994655 2.793894 -11.975000
v 2.773771 2.749749 -12.000000
v -2.773771 2.749749 -12.000000
v 2.773771 2.749749 -2.200000
v -2.773771 2.749749 -2.200000
v -3.068283 2.808609 -2.000000
v 3.068282 2.808609 -2.000000
v 2.773771 2.749749 -11.800000
v -2.773771 2.749749 -11.800000
v -0.000000 2.749749 -11.800000
v -2.773771 2.749749 -2.100000
v 2.773771 2.749749 -2.100000
v 2.773771 2.749749 -2.080000
v -2.773771 2.749749 -2.080000
v -2.802522 2.759546 -2.100000
v 2.802522 2.759546 -2.100000
v 2.802522 2.759546 -2.080000
v -2.802522 2.759546 -2.080000
v 2.957841 2.786537 -2.025000
v -2.957841 2.786537 -2.025000
v -2.994655 2.793894 -2.025000
v 2.994655 2.793894 -2.025000
v 2.994655 2.793894 -2.000000
v -2.994655 2.793894 -2.000000
v -2.957841 2.786537 -2.000000
v 2.957841 2.786537 -2.000000
v 2.994655 2.793894 -11.975000
v -2.957841 2.786537 -11.975000
v 2.957841 2.786537 -11.975000
v -2.994655 2.793894 -12.000000
v 2.994655 2.793894 -12.000000
v 2.957841 2.786537 -12.000000
v -2.957841 2.786537 -12.000000
v -0.000000 2.749749 -8.900001
v 2.773771 2.749749 -9.300000
v -4.125000 0.000000 -7.000000
v 4.125000 0.000000 -7.000000
v 2.694653 2.897812 -8.900001
v -2.773771 2.749749 -8.900001
v 2.773771 2.749749 -10.400001
v 2.773771 2.749749 -10.300000
v 1.386885 2.749749 -11.800000
v 0.134112 2.749749 -9.300000
v 0.134112 2.749749 -11.600000
v 0.134112 2.749749 -10.400001
v 0.134112 2.749749 -10.300000
v -0.000000 2.749749 -11.600000
v -2.773771 2.749749 -10.400001
v -0.000000 2.749749 -10.400001
v -2.773771 2.749749 -11.600000
v -2.018224 4.168108 -10.500001
v -2.018224 4.168108 -11.500001
v 2.230933 3.765627 -11.500000
v 2.230933 3.765627 -10.500000
v 3.815625 0.800000 -11.500000
v 3.815625 0.800000 -10.500000
v 0.134112 3.765627 -11.500000
v 0.134112 3.765627 -10.500000
v -1.009112 6.085921 -10.500001
v -1.009112 6.085921 -11.500001
v 2.018224 4.168108 -10.500000
v 2.018224 4.168108 -11.500000
v 0.000000 8.003735 -11.500000
v 0.000000 8.003735 -10.500000
v 0.000000 4.168108 -11.500000
v 0.000000 4.168108 -10.500000
v 0.134112 4.168108 -11.500000
v 0.134112 4.168108 -10.500000
v 0.134112 0.800000 -10.550000
v 0.134112 0.800000 -11.400000
v 0.134112 2.749749 -10.550000
v 0.134112 2.749749 -11.400000
v 2.773771 2.749749 -10.500000
v 2.773771 2.749749 -11.500000
v -0.000000 2.749749 -11.400000
v -0.000000 2.749749 -10.550000
v -2.773771 2.749749 -11.500000
v -2.773771 2.749749 -10.500000
v -0.000000 3.765627 -11.500000
v -0.000000 3.765627 -10.500000
v 0.000000 0.800000 -10.550000
v 0.000000 0.800000 -11.400000
v -3.815625 0.800000 -11.500000
v -3.815625 0.800000 -10.500000
v -2.230934 3.765627 -10.500000
v -2.230934 3.765627 -11.500000
v 2.018224 4.168108 -4.250000
v 1.009112 6.085921 -4.250000
v 0.600000 4.168108 -4.250000
v -0.600000 4.168108 -4.250000
v -0.600000 6.185921 -4.250000
v 0.600000 6.185921 -4.250000
v -2.018224 4.168108 -4.270001
v 2.018224 4.168108 -4.270000
v 0.000000 8.003735 -4.270000
v -1.009112 6.085921 -4.270000
v 1.009112 6.085921 -4.270000
v 0.600000 4.168108 -4.270000
v -0.600000 4.168108 -4.270000
v -0.600000 6.185921 -4.270000
v 0.600000 6.185921 -4.270000
v -0.000000 2.749749 -9.000000
v -2.773771 2.749749 -9.000000
v -2.773771 2.749749 -10.300000
v -0.000000 2.749749 -10.300000
v -3.815625 0.800000 -9.300000
v 0.000000 0.800000 -9.300000
v -2.230934 3.765627 -9.300000
v -0.000000 3.765627 -9.300000
v -0.000000 2.749749 -9.300000
v -2.773771 2.749749 -9.300000
v -0.744956 6.585921 -2.273057
v 0.745196 6.585921 -2.273057
v 0.567920 6.685921 -2.273057
v -0.567725 6.685921 -2.273057
v -0.000375 8.001356 -2.273057
v -0.000375 7.768414 -2.273057
v 0.745196 6.585921 -2.198057
v -0.567725 6.685921 -2.198057
v 0.567920 6.685921 -2.198057
v -0.744956 6.585921 -2.198057
v -0.000375 8.001356 -2.198057
v -0.000375 7.768414 -2.198057
v -0.357069 7.084641 -2.269202
v 0.357297 7.084641 -2.269202
v 0.307639 7.174360 -2.269202
v -0.307432 7.174360 -2.269202
v 0.357297 7.084641 -2.201913
v -0.307432 7.174360 -2.201913
v 0.307639 7.174360 -2.201913
v -0.357069 7.084641 -2.201913
v -0.744956 6.585921 -3.073057
v 0.745196 6.585921 -3.073057
v 0.567920 6.685921 -3.073057
v -0.567725 6.685921 -3.073057
v -0.000375 8.001356 -3.073057
v -0.000375 7.768414 -3.073057
v 0.745196 6.585921 -2.998057
v -0.567725 6.685921 -2.998057
v 0.567920 6.685921 -2.998057
v -0.744956 6.585921 -2.998057
v -0.000375 8.001356 -2.998057
v -0.000375 7.768414 -2.998057
v -0.357069 7.084641 -3.069202
v 0.357297 7.084641 -3.069202
v 0.307639 7.174360 -3.069202
v -0.307432 7.174360 -3.069202
v 0.357297 7.084641 -3.001913
v -0.307432 7.174360 -3.001913
v 0.307639 7.174360 -3.001913
v -0.357069 7.084641 -3.001913
v -0.744956 6.585921 -3.873057
v 0.745196 6.585921 -3.873057
v 0.567920 6.685921 -3.873057
v -0.567725 6.685921 -3.873057
v -0.000375 8.001356 -3.873057
v -0.000375 7.768414 -3.873057
v 0.745196 6.585921 -3.798057
v -0.567725 6.685921 -3.798057
v 0.567920 6.685921 -3.798057
v -0.744956 6.585921 -3.798057
v -0.000375 8.001356 -3.798057
v -0.000375 7.768414 -3.798057
v -0.357069 7.084641 -3.869202
v 0.357297 7.084641 -3.869202
v 0.307639 7.174360 -3.869202
v -0.307432 7.174360 -3.869202
v 0.357297 7.084641 -3.801913
v -0.307432 7.174360 -3.801913
v 0.307639 7.174360 -3.801913
v -0.357069 7.084641 -3.801913
v -0.744956 6.585921 -4.473057
v 0.745196 6.585921 -4.473057
v 0.567920 6.685921 -4.473057
v -0.567725 6.685921 -4.473057
v -0.000375 8.001356 -4.473057
v -0.000375 7.768414 -4.473057
v 0.745196 6.585921 -4.398057
v -0.567725 6.685921 -4.398057
v 0.567920 6.685921 -4.398057
v -0.744956 6.585921 -4.398057
v -0.000375 8.001356 -4.398057
v -0.000375 7.768414 -4.398057
v -0.357069 7.084641 -4.469202
v 0.357297 7.084641 -4.469202
v 0.307639 7.174360 -4.469202
v -0.307432 7.174360 -4.469202
v 0.357297 7.084641 -4.401913
v -0.307432 7.174360 -4.401913
v 0.307639 7.174360 -4.401913
v -0.357069 7.084641 -4.401913
v -0.744956 6.585921 -5.273057
v 0.745196 6.585921 -5.273057
v 0.567920 6.685921 -5.273057
v -0.567725 6.685921 -5.273057
v -0.000375 8.001356 -5.273057
v -0.000375 7.768414 -5.273057
v 0.745196 6.585921 -5.198058
v -0.567725 6.685921 -5.198058
v 0.567920 6.685921 -5.198058
v -0.744956 6.585921 -5.198058
v -0.000375 8.001356 -5.198058
v -0.000375 7.768414 -5.198058
v -0.357069 7.084641 -5.269202
v 0.357297 7.084641 -5.269202
v 0.307639 7.174360 -5.269202
v -0.307432 7.174360 -5.269202
v 0.357297 7.084641 -5.201913
v -0.307432 7.174360 -5.201913
v 0.307639 7.174360 -5.201913
v -0.357069 7.084641 -5.201913
v -0.744956 6.585921 -6.073058
v 0.745196 6.585921 -6.073058
v 0.567920 6.685921 -6.073058
v -0.567725 6.685921 -6.073058
v -0.000375 8.001356 -6.073058
v -0.000375 7.768414 -6.073058
v 0.745196 6.585921 -5.998058
v -0.567725 6.685921 -5.998058
v 0.567920 6.685921 -5.998058
v -0.744956 6.585921 -5.998058
v -0.000375 8.001356 -5.998058
v -0.000375 7.768414 -5.998058
v -0.357069 7.084641 -6.069202
v 0.357297 7.084641 -6.069202
v 0.307639 7.174360 -6.069202
v -0.307432 7.174360 -6.069202
v 0.357297 7.084641 -6.001914
v -0.307432 7.174360 -6.001914
v 0.307639 7.174360 -6.001914
v -0.357069 7.084641 -6.001914
v -0.744956 6.585921 -6.873058
v 0.745196 6.585921 -6.873058
v 0.567920 6.685921 -6.873058
v -0.567725 6.685921 -6.873058
v -0.000375 8.001356 -6.873058
v -0.000375 7.768414 -6.873058
v 0.745196 6.585921 -6.798058
v -0.567725 6.685921 -6.798058
v 0.567920 6.685921 -6.798058
v -0.744956 6.585921 -6.798058
v -0.000375 8.001356 -6.798058
v -0.000375 7.768414 -6.798058
v -0.357069 7.084641 -6.869203
v 0.357297 7.084641 -6.869203
v 0.307639 7.174360 -6.869203
v -0.307432 7.174360 -6.869203
v 0.357297 7.084641 -6.801914
v -0.307432 7.174360 -6.801914
v 0.307639 7.174360 -6.801914
v -0.357069 7.084641 -6.801914
v -0.744956 6.585921 -7.673058
v 0.745196 6.585921 -7.673058
v 0.567920 6.685921 -7.673058
v -0.567725 6.685921 -7.673058
v -0.000375 8.001356 -7.673058
v -0.000375 7.768414 -7.673058
v 0.745196 6.585921 -7.598058
v -0.567725 6.685921 -7.598058
v 0.567920 6.685921 -7.598058
v -0.744956 6.585921 -7.598058
v -0.000375 8.001356 -7.598058
v -0.000375 7.768414 -7.598058
v -0.357069 7.084641 -7.669203
v 0.357297 7.084641 -7.669203
v 0.307639 7.174360 -7.669203
v -0.307432 7.174360 -7.669203
v 0.357297 7.084641 -7.601914
v -0.307432 7.174360 -7.601914
v 0.307639 7.174360 -7.601914
v -0.357069 7.084641 -7.601914
v -0.744956 6.585921 -8.473058
v 0.745196 6.585921 -8.473058
v 0.567920 6.685921 -8.473058
v -0.567725 6.685921 -8.473058
v -0.000375 8.001356 -8.473058
v -0.000375 7.768414 -8.473058
v 0.745196 6.585921 -8.398058
v -0.567725 6.685921 -8.398058
v 0.567920 6.685921 -8.398058
v -0.744956 6.585921 -8.398058
v -0.000375 8.001356 -8.398058
v -0.000375 7.768414 -8.398058
v -0.357069 7.084641 -8.469203
v 0.357297 7.084641 -8.469203
v 0.307639 7.174360 -8.469203
v -0.307432 7.174360 -8.469203
v 0.357297 7.084641 -8.401914
v -0.307432 7.174360 -8.401914
v 0.307639 7.174360 -8.401914
v -0.357069 7.084641 -8.401914
v -0.744956 6.585921 -9.273058
v 0.745196 6.585921 -9.273058
v 0.567920 6.685921 -9.273058
v -0.567725 6.685921 -9.273058
v -0.000375 8.001356 -9.273058
v -0.000375 7.768414 -9.273058
v 0.745196 6.585921 -9.198058
v -0.567725 6.685921 -9.198058
v 0.567920 6.685921 -9.198058
v -0.744956 6.585921 -9.198058
v -0.000375 8.001356 -9.198058
v -0.000375 7.768414 -9.198058
v -0.357069 7.084641 -9.269203
v 0.357297 7.084641 -9.269203
v 0.307639 7.174360 -9.269203
v -0.307432 7.174360 -9.269203
v 0.357297 7.084641 -9.201914
v -0.307432 7.174360 -9.201914
v 0.307639 7.174360 -9.201914
v -0.357069 7.084641 -9.201914
v -0.744956 6.585921 -10.073058
v 0.745196 6.585921 -10.073058
v 0.567920 6.685921 -10.073058
v -0.567725 6.685921 -10.073058
v -0.000375 8.001356 -10.073058
v -0.000375 7.768414 -10.073058
v 0.745196 6.585921 -9.998058
v -0.567725 6.685921 -9.998058
v 0.567920 6.685921 -9.998058
v -0.744956 6.585921 -9.998058
v -0.000375 8.001356 -9.998058
v -0.000375 7.768414 -9.998058
v -0.357069 7.084641 -10.069203
v 0.357297 7.084641 -10.069203
v 0.307639 7.174360 -10.069203
v -0.307432 7.174360 -10.069203
v 0.357297 7.084641 -10.001914
v -0.307432 7.174360 -10.001914
v 0.307639 7.174360 -10.001914
v -0.357069 7.084641 -10.001914
v -0.744956 6.585921 -10.823058
v 0.745196 6.585921 -10.823058
v 0.567920 6.685921 -10.823058
v -0.567725 6.685921 -10.823058
v -0.000375 8.001356 -10.823058
v -0.000375 7.768414 -10.823058
v 0.745196 6.585921 -10.748058
v -0.567725 6.685921 -10.748058
v 0.567920 6.685921 -10.748058
v -0.744956 6.585921 -10.748058
v -0.000375 8.001356 -10.748058
v -0.000375 7.768414 -10.748058
v -0.357069 7.084641 -10.819203
v 0.357297 7.084641 -10.819203
v 0.307639 7.174360 -10.819203
v -0.307432 7.174360 -10.819203
v 0.357297 7.084641 -10.751914
v -0.307432 7.174360 -10.751914
v 0.307639 7.174360 -10.751914
v -0.357069 7.084641 -10.751914
v -0.744956 6.585921 -11.573057
v 0.745196 6.585921 -11.573057
v 0.567920 6.685921 -11.573057
v -0.567725 6.685921 -11.573057
v -0.000375 8.001356 -11.573057
v -0.000375 7.768414 -11.573057
v 0.745196 6.585921 -11.498057
v -0.567725 6.685921 -11.498057
v 0.567920 6.685921 -11.498057
v -0.744956 6.585921 -11.498057
v -0.000375 8.001356 -11.498057
v -0.000375 7.768414 -11.498057
v -0.357069 7.084641 -11.569202
v 0.357297 7.084641 -11.569202
v 0.307639 7.174360 -11.569202
v -0.307432 7.174360 -11.569202
v 0.357297 7.084641 -11.501913
v -0.307432 7.174360 -11.501913
v 0.307639 7.174360 -11.501913
v -0.357069 7.084641 -11.501913
v -0.721314 6.625928 -2.997011
v -0.619316 6.591437 -2.997011
v -0.678199 6.707527 -2.997011
v -0.576202 6.673035 -2.997011
v -0.678199 6.707527 -2.275221
v -0.721314 6.625928 -2.275221
v -0.619316 6.591437 -2.275221
v -0.576202 6.673035 -2.275221
v 0.616390 6.589950 -2.997011
v 0.718794 6.623662 -2.997011
v 0.574250 6.671874 -2.997011
v 0.676654 6.705585 -2.997011
v 0.574250 6.671874 -2.275221
v 0.616389 6.589950 -2.275221
v 0.718794 6.623662 -2.275221
v 0.676654 6.705585 -2.275221
v -0.055200 7.783618 -2.997011
v 0.055535 7.783618 -2.997011
v -0.055200 7.872207 -2.997011
v 0.055535 7.872207 -2.997011
v -0.055200 7.872207 -2.275221
v -0.055200 7.783618 -2.275221
v 0.055535 7.783618 -2.275221
v 0.055535 7.872207 -2.275221
v -0.721314 6.625928 -3.797011
v -0.619316 6.591437 -3.797011
v -0.678199 6.707527 -3.797011
v -0.576202 6.673035 -3.797011
v -0.678199 6.707527 -3.075221
v -0.721314 6.625928 -3.075221
v -0.619316 6.591437 -3.075221
v -0.576202 6.673035 -3.075221
v 0.616390 6.589950 -3.797011
v 0.718794 6.623662 -3.797011
v 0.574250 6.671874 -3.797011
v 0.676654 6.705585 -3.797011
v 0.574250 6.671874 -3.075221
v 0.616390 6.589950 -3.075221
v 0.718794 6.623662 -3.075221
v 0.676654 6.705585 -3.075221
v -0.055200 7.783618 -3.797011
v 0.055535 7.783618 -3.797011
v -0.055200 7.872207 -3.797011
v 0.055535 7.872207 -3.797011
v -0.055200 7.872207 -3.075221
v -0.055200 7.783618 -3.075221
v 0.055535 7.783618 -3.075221
v 0.055535 7.872207 -3.075221
v -0.721314 6.625928 -5.198058
v -0.619316 6.591437 -5.198058
v -0.678199 6.707527 -5.198058
v -0.576202 6.673035 -5.198058
v -0.678199 6.707527 -4.476268
v -0.721314 6.625928 -4.476268
v -0.619316 6.591437 -4.476268
v -0.576202 6.673035 -4.476268
v 0.616390 6.589950 -5.198058
v 0.718794 6.623662 -5.198058
v 0.574250 6.671874 -5.198058
v 0.676655 6.705585 -5.198058
v 0.574250 6.671874 -4.476268
v 0.616390 6.589950 -4.476268
v 0.718794 6.623662 -4.476268
v 0.676655 6.705585 -4.476268
v -0.055200 7.783618 -5.198058
v 0.055535 7.783618 -5.198058
v -0.055200 7.872207 -5.198058
v 0.055535 7.872207 -5.198058
v -0.055200 7.872207 -4.476268
v -0.055200 7.783618 -4.476268
v 0.055535 7.783618 -4.476268
v 0.055535 7.872207 -4.476268
v -0.721314 6.625928 -5.998058
v -0.619317 6.591437 -5.998058
v -0.678199 6.707527 -5.998058
v -0.576202 6.673035 -5.998058
v -0.678199 6.707527 -5.276268
v -0.721314 6.625928 -5.276268
v -0.619316 6.591437 -5.276268
v -0.576202 6.673035 -5.276268
v 0.616390 6.589950 -5.998058
v 0.718794 6.623662 -5.998058
v 0.574250 6.671874 -5.998058
v 0.676655 6.705585 -5.998058
v 0.574250 6.671874 -5.276268
v 0.616390 6.589950 -5.276268
v 0.718794 6.623662 -5.276268
v 0.676655 6.705585 -5.276268
v -0.055200 7.783618 -5.998058
v 0.055535 7.783618 -5.998058
v -0.055200 7.872207 -5.998058
v 0.055535 7.872207 -5.998058
v -0.055200 7.872207 -5.276268
v -0.055200 7.783618 -5.276268
v 0.055535 7.783618 -5.276268
v 0.055535 7.872207 -5.276268
v -0.721314 6.625929 -6.798058
v -0.619317 6.591437 -6.798058
v -0.678200 6.707527 -6.798058
v -0.576202 6.673035 -6.798058
v -0.678199 6.707527 -6.076268
v -0.721314 6.625928 -6.076268
v -0.619317 6.591437 -6.076268
v -0.576202 6.673035 -6.076268
v 0.616390 6.589950 -6.798058
v 0.718794 6.623662 -6.798058
v 0.574250 6.671874 -6.798058
v 0.676655 6.705585 -6.798058
v 0.574250 6.671874 -6.076268
v 0.616390 6.589950 -6.076268
v 0.718794 6.623662 -6.076268
v 0.676655 6.705585 -6.076268
v -0.055200 7.783618 -6.798058
v 0.055535 7.783618 -6.798058
v -0.055200 7.872207 -6.798058
v 0.055535 7.872207 -6.798058
v -0.055200 7.872207 -6.076268
v -0.055200 7.783618 -6.076268
v 0.055535 7.783618 -6.076268
v 0.055535 7.872207 -6.076268
v -0.721314 6.625929 -7.598058
v -0.619317 6.591437 -7.598058
v -0.678200 6.707527 -7.598058
v -0.576202 6.673035 -7.598058
v -0.678200 6.707527 -6.876268
v -0.721314 6.625929 -6.876268
v -0.619317 6.591437 -6.876268
v -0.576202 6.673035 -6.876268
v 0.616390 6.589950 -7.598058
v 0.718794 6.623662 -7.598058
v 0.574250 6.671874 -7.598058
v 0.676655 6.705585 -7.598058
v 0.574250 6.671874 -6.876268
v 0.616390 6.589950 -6.876268
v 0.718794 6.623662 -6.876268
v 0.676655 6.705585 -6.876268
v -0.055200 7.783618 -7.598058
v 0.055535 7.783618 -7.598058
v -0.055200 7.872207 -7.598058
v 0.055535 7.872207 -7.598058
v -0.055200 7.872207 -6.876268
v -0.055200 7.783618 -6.876268
v 0.055535 7.783618 -6.876268
v 0.055535 7.872207 -6.876268
v -0.721314 6.625929 -8.398058
v -0.619317 6.591437 -8.398058
v -0.678200 6.707527 -8.398058
v -0.576202 6.673035 -8.398058
v -0.678200 6.707527 -7.676269
v -0.721314 6.625929 -7.676269
v -0.619317 6.591437 -7.676269
v -0.576202 6.673035 -7.676269
v 0.616390 6.589950 -8.398058
v 0.718794 6.623662 -8.398058
v 0.574250 6.671874 -8.398058
v 0.676655 6.705585 -8.398058
v 0.574250 6.671874 -7.676269
v 0.616390 6.589950 -7.676269
v 0.718794 6.623662 -7.676269
v 0.676655 6.705585 -7.676269
v -0.055200 7.783618 -8.398058
v 0.055535 7.783618 -8.398058
v -0.055200 7.872207 -8.398058
v 0.055535 7.872207 -8.398058
v -0.055200 7.872207 -7.676269
v -0.055200 7.783618 -7.676269
v 0.055535 7.783618 -7.676269
v 0.055535 7.872207 -7.676269
v -0.721314 6.625929 -9.198058
v -0.619317 6.591437 -9.198058
v -0.678200 6.707527 -9.198058
v -0.576202 6.673035 -9.198058
v -0.678200 6.707527 -8.476269
v -0.721314 6.625929 -8.476269
v -0.619317 6.591437 -8.476269
v -0.576202 6.673035 -8.476269
v 0.616390 6.589950 -9.198058
v 0.718794 6.623662 -9.198058
v 0.574250 6.671874 -9.198058
v 0.676655 6.705585 -9.198058
v 0.574250 6.671874 -8.476269
v 0.616390 6.589950 -8.476269
v 0.718794 6.623662 -8.476269
v 0.676655 6.705585 -8.476269
v -0.055200 7.783618 -9.198058
v 0.055535 7.783618 -9.198058
v -0.055200 7.872207 -9.198058
v 0.055535 7.872207 -9.198058
v -0.055200 7.872207 -8.476269
v -0.055200 7.783618 -8.476269
v 0.055535 7.783618 -8.476269
v 0.055535 7.872207 -8.476269
v -0.721314 6.625929 -9.998058
v -0.619317 6.591437 -9.998058
v -0.678200 6.707527 -9.998058
v -0.576202 6.673035 -9.998058
v -0.678200 6.707527 -9.276269
v -0.721314 6.625929 -9.276269
v -0.619317 6.591437 -9.276269
v -0.576202 6.673035 -9.276269
v 0.616390 6.589950 -9.998058
v 0.718794 6.623662 -9.998058
v 0.574250 6.671874 -9.998058
v 0.676655 6.705585 -9.998058
v 0.574250 6.671874 -9.276269
v 0.616390 6.589950 -9.276269
v 0.718794 6.623662 -9.276269
v 0.676655 6.705585 -9.276269
v -0.055200 7.783618 -9.998058
v 0.055535 7.783618 -9.998058
v -0.055200 7.872207 -9.998058
v 0.055535 7.872207 -9.998058
v -0.055200 7.872207 -9.276269
v -0.055200 7.783618 -9.276269
v 0.055535 7.783618 -9.276269
v 0.055535 7.872207 -9.276269
v -0.721314 6.625929 -10.798059
v -0.619317 6.591437 -10.798059
v -0.678200 6.707527 -10.798059
v -0.576202 6.673035 -10.798059
v -0.678200 6.707527 -10.076269
v -0.721314 6.625929 -10.076269
v -0.619317 6.591437 -10.076269
v -0.576202 6.673035 -10.076269
v 0.616390 6.589950 -10.798059
v 0.718794 6.623662 -10.798059
v 0.574250 6.671874 -10.798059
v 0.676655 6.705585 -10.798059
v 0.574250 6.671874 -10.076269
v 0.616390 6.589950 -10.076269
v 0.718794 6.623662 -10.076269
v 0.676655 6.705585 -10.076269
v -0.055200 7.783618 -10.798059
v 0.055535 7.783618 -10.798059
v -0.055200 7.872207 -10.798059
v 0.055535 7.872207 -10.798059
v -0.055200 7.872207 -10.076269
v -0.055200 7.783618 -10.076269
v 0.055535 7.783618 -10.076269
v 0.055535 7.872207 -10.076269
v -0.721314 6.625929 -11.498058
v -0.619317 6.591437 -11.498058
v -0.678200 6.707527 -11.498058
v -0.576202 6.673035 -11.498058
v -0.678200 6.707527 -10.776269
v -0.721314 6.625929 -10.776269
v -0.619317 6.591437 -10.776269
v -0.576202 6.673035 -10.776269
v 0.616390 6.589950 -11.498058
v 0.718794 6.623662 -11.498058
v 0.574251 6.671874 -11.498058
v 0.676655 6.705585 -11.498058
v 0.574250 6.671874 -10.776269
v 0.616390 6.589950 -10.776269
v 0.718794 6.623662 -10.776269
v 0.676655 6.705585 -10.776269
v -0.055200 7.783618 -11.498058
v 0.055535 7.783618 -11.498058
v -0.055200 7.872207 -11.498058
v 0.055535 7.872207 -11.498058
v -0.055200 7.872207 -10.776269
v -0.055200 7.783618 -10.776269
v 0.055535 7.783618 -10.776269
v 0.055535 7.872207 -10.776269
v -2.735907 2.807720 -2.430000
v 2.735906 2.807720 -2.430000
v -2.735907 2.807720 -2.400000
v 2.735906 2.807720 -2.400000
v -1.498503 3.760627 -2.400000
v 1.498502 3.760627 -2.400000
v 1.128701 0.805000 -2.400000
v -1.128701 0.805000 -2.400000
v 1.498502 3.760627 -2.430000
v -1.498503 3.760627 -2.430000
v -1.128701 0.805000 -2.430000
v 1.128701 0.805000 -2.430000
v -1.128701 2.907720 -2.430000
v 1.128701 2.907720 -2.430000
v -1.128701 2.907720 -2.400000
v 1.128701 2.907720 -2.400000
v -3.068283 2.808609 -5.500000
v -2.344401 4.184563 -5.500000
v -2.358507 4.157751 -5.500000
v -4.093750 0.720000 -5.487500
v -4.093750 0.695000 -5.487500
v -4.125000 0.720000 -5.500000
v -4.125000 0.695000 -5.500000
v 4.125000 0.800000 -5.500000
v 2.304098 4.261170 -5.500000
v -2.517701 3.855156 -5.500000
v -4.125000 0.000000 -5.500000
v 2.517700 3.855156 -5.500000
v -2.304098 4.261170 -5.500000
v 0.000000 0.000000 -5.500000
v -4.125000 0.800000 -5.500000
v 4.125000 0.695000 -5.500000
v 4.125000 0.720000 -5.500000
v 4.093750 0.695000 -5.487500
v 4.093750 0.720000 -5.487500
v 2.358506 4.157751 -5.500000
v 2.344401 4.184563 -5.500000
v 0.000000 8.640800 -5.500000
v -1.152049 6.450985 -5.500000
v 2.062500 0.000000 -5.500000
v 4.125000 0.000000 -5.500000
v 3.068282 2.808609 -5.500000
v -1.513668 5.127014 -11.600000
v -1.728074 5.356077 -2.000000
v -1.513668 5.127014 -2.000000
v 1.031250 0.000000 -12.000000
v 0.953906 0.225000 -12.000000
v 0.842416 0.800000 -2.200000
v 0.067056 4.168108 -2.200000
v 0.953906 0.800000 -12.000000
v 0.557733 3.765627 -11.800000
v 0.953906 0.800000 -11.800000
v 0.067056 4.168108 -4.200000
v 1.031250 0.695000 0.000000
v 1.031250 0.720000 0.000000
v 1.023438 0.695000 -0.025000
v 1.023438 0.720000 -0.025000
v 0.067056 4.065589 -2.200000
v 0.067056 4.092168 -2.200000
v 0.067056 4.065589 -2.225000
v 0.067056 4.092168 -2.225000
v 0.858567 0.800000 -2.100000
v 0.862316 0.800000 -2.080000
v -1.674472 5.298812 -2.025000
v -1.647672 5.270179 -2.025000
v -1.674472 5.298812 -2.000000
v -1.647672 5.270179 -2.000000
v 1.011914 0.056250 -12.000000
v 1.002246 0.084375 -12.000000
v -1.728074 5.356077 -7.000000
v 1.031250 0.000000 0.000000
v 1.031254 0.000000 -2.000000
v -1.728074 5.356077 -12.000000
v 0.878486 0.800000 -2.000000
v 0.953906 0.800000 -0.225000
v -1.513668 5.127014 -12.000000
v -1.513668 5.127014 -2.200000
v 0.067056 3.765627 -2.200000
v 1.031250 0.800000 0.000000
v 0.504556 4.168108 -11.800000
v -1.513668 5.127014 -11.800000
v 0.953906 0.695000 -12.000000
v 0.953906 0.720000 -12.000000
v 0.953906 0.695000 -11.975000
v 0.953906 0.720000 -11.975000
v 0.518101 4.065589 -11.800000
v 0.514589 4.092168 -11.800000
v -1.513668 5.127014 -2.100000
v -1.513668 5.127014 -2.080000
v -1.535263 5.150412 -2.100000
v -1.535263 5.150412 -2.080000
v 1.011914 0.800000 -0.056250
v 1.002246 0.800000 -0.084375
v -1.674472 5.298812 -11.975000
v -1.647672 5.270179 -11.975000
v -1.674472 5.298812 -12.000000
v -1.647672 5.270179 -12.000000
v 1.031250 0.000000 -7.000000
v 0.067056 4.168108 -10.400001
v -1.513668 5.127014 -10.400002
v 0.067056 3.765627 -8.900001
v 0.067056 0.800000 -8.900001
v 0.067056 4.168108 -11.600000
v 0.067056 2.749749 -8.900001
v 0.693443 2.749749 -11.800000
v 0.067056 4.168108 -11.500000
v 0.067056 4.168108 -10.500000
v -1.513668 5.127014 -11.500001
v -1.513668 5.127014 -10.500001
v 1.031250 0.000000 -5.500000
v -1.728074 5.356077 -5.500000
v 0.000000 8.003735 -6.999999
v 0.000000 4.168108 -6.999999
v 0.134112 4.168108 -6.999999
v -2.018224 4.168108 -7.000000
v -0.862900 6.363796 -7.000000
v 2.018224 4.168108 -6.999999
v 0.067056 4.168108 -6.999999
v 0.000000 8.003735 -5.499999
v 0.000000 4.168108 -5.499999
v 0.134112 4.168108 -5.499999
v 2.018224 4.168108 -5.499999
v 0.067056 4.168108 -5.499999
v -2.018224 4.168108 -5.500000
v -0.862900 6.363796 -5.500000
v -1.443956 5.259501 -7.000000
v -1.443956 5.259501 -5.500000
v -1.513668 5.127014 -4.250001
v -1.669264 5.308924 -5.475000
v -1.669264 5.308924 -7.025000
v -1.068740 6.452581 -7.025000
v -1.068740 6.452581 -5.475000
v -1.639287 5.325897 -5.500000
v -1.639287 5.325897 -7.000000
v -1.061690 6.423738 -7.000000
v -1.050668 6.447132 -5.475000
v -1.079762 6.429188 -5.500000
v -1.079762 6.429188 -7.000000
v -1.657044 5.331933 -7.000000
v -1.657044 5.331933 -5.500000
v -1.651507 5.302888 -7.025000
v -1.651507 5.302888 -5.475000
v -1.061690 6.423738 -5.500000
v -1.050668 6.447132 -7.025000
v 2.230933 3.765627 -9.000001
v 3.815625 0.800000 -9.000001
v 0.134112 3.765627 -9.000001
v 0.134112 0.800000 -9.000001
v 0.134112 2.749749 -9.000001
v 2.694653 2.897812 -9.000001
v 3.093750 0.000000 0.000000
v 3.093750 0.000000 -2.000000
v -0.576025 7.545892 -12.000000
v 2.808988 0.800000 -2.000000
v 2.861719 0.800000 -0.225000
v -0.504556 7.044828 -12.000000
v -0.504556 7.044828 -2.200000
v 3.093750 0.800000 0.000000
v 1.513668 4.168108 -11.800000
v -0.504556 7.044828 -11.800000
v 2.861719 0.695000 -12.000000
v 2.861719 0.720000 -12.000000
v 2.861719 0.695000 -11.975000
v 2.861719 0.720000 -11.975000
v 1.554303 4.065589 -11.800000
v 1.543768 4.092168 -11.800000
v -0.504556 7.044828 -2.100000
v -0.504556 7.044828 -2.080000
v -0.511754 7.095586 -2.100000
v -0.511754 7.095586 -2.080000
v 3.035742 0.800000 -0.056250
v 3.006738 0.800000 -0.084375
v -0.558158 7.420626 -11.975000
v -0.549224 7.357993 -11.975000
v -0.558158 7.420626 -12.000000
v -0.549224 7.357993 -12.000000
v 1.974869 0.800000 -9.300000
v -0.576025 7.545892 -7.000000
v 3.093750 0.000000 -7.000000
v 1.974869 0.800000 -10.300000
v -0.504556 7.044828 -11.600000
v -0.576025 7.545892 -2.000000
v -0.504556 7.044828 -2.000000
v 3.093750 0.000000 -12.000000
v 2.861719 0.225000 -12.000000
v 2.787966 0.800000 -2.200000
v 1.182523 3.765627 -11.600000
v 2.861719 0.800000 -12.000000
v 1.673200 3.765627 -11.800000
v 2.861719 0.800000 -11.800000
v 3.093750 0.695000 0.000000
v 3.093750 0.720000 0.000000
v 3.070313 0.695000 -0.025000
v 3.070313 0.720000 -0.025000
v 2.797319 0.800000 -2.100000
v 2.799501 0.800000 -2.080000
v -0.558158 7.420626 -2.025000
v -0.549224 7.357993 -2.025000
v -0.558158 7.420626 -2.000000
v -0.549224 7.357993 -2.000000
v 3.035743 0.056250 -12.000000
v 3.006738 0.084375 -12.000000
v 1.974869 0.800000 -10.400001
v -0.504556 7.044828 -10.400002
v 1.569728 0.800000 -8.900001
v 1.076168 4.168108 -11.600000
v 1.974869 0.800000 -11.600000
v 1.453942 2.749749 -11.600000
v 2.080328 2.749749 -11.800000
v -0.504556 7.044828 -11.500000
v -0.504556 7.044828 -10.500000
v 1.974869 0.800000 -10.500000
v 1.974869 0.800000 -11.500000
v 3.093750 0.000000 -5.500000
v -0.576025 7.545892 -5.500000
v -0.431450 7.183765 -7.000000
v -0.431450 7.183765 -5.500000
v 1.569728 0.800000 -9.000001
v 1.706728 3.765627 -2.200000
v 1.706728 3.765627 -10.400001
v 1.547196 4.168108 -2.200000
v 1.587832 4.065589 -2.200000
v 1.577296 4.092168 -2.200000
v 1.587832 4.065589 -2.225000
v 1.577296 4.092168 -2.225000
v 1.547196 4.168108 -10.400001
v 1.706728 3.765627 -9.300000
v 1.706728 3.765627 -8.900001
v 1.706728 3.765627 -10.300000
v 1.547196 4.168108 -4.200000
v 1.547196 4.168108 -6.999999
v 1.547196 4.168108 -5.499999
v 1.706728 3.765627 -9.000001
v 0.134112 2.749749 -8.900001
v 1.569728 2.899749 -8.900001
v 1.569728 2.899749 -9.000001
v 0.000098 6.685921 -3.798057
v 0.000098 6.685921 -3.873057
v 0.000120 6.585921 -3.873057
v 0.000120 6.585921 -3.798057
v -0.936137 6.224610 -4.223548
v -0.936137 6.224610 -4.333548
v -0.975333 6.150119 -4.333548
v -0.975333 6.150119 -4.223548
v 0.936019 6.224834 -4.333548
v 0.975214 6.150344 -4.333548
v 0.975214 6.150344 -4.223548
v 0.936019 6.224834 -4.223548
v -0.587560 4.168107 -4.223548
v -0.662560 4.168108 -4.223548
v -0.662560 4.168108 -4.333548
v -0.587560 4.168107 -4.333548
v -0.587559 6.224651 -4.333548
v -0.662559 6.224643 -4.333548
v -0.662559 6.224643 -4.223548
v -0.587559 6.224651 -4.223548
v -0.587560 6.150164 -4.333548
v -0.662560 6.150155 -4.333548
v -0.662560 6.150155 -4.223548
v -0.587560 6.150164 -4.223548
v 0.662441 6.224802 -4.333548
v 0.587441 6.224793 -4.333548
v 0.587441 6.224793 -4.223548
v 0.662441 6.224802 -4.223548
v 0.662440 6.150308 -4.333548
v 0.587440 6.150300 -4.333548
v 0.587440 6.150300 -4.223548
v 0.662440 6.150308 -4.223548
v 0.587440 4.168074 -4.223548
v 0.662440 4.168072 -4.223548
v 0.662440 4.168072 -4.333548
v 0.587440 4.168074 -4.333548
v -0.662559 7.127896 -4.223548
v -0.587559 7.127905 -4.223548
v -0.587559 7.127905 -4.333548
v -0.662559 7.127896 -4.333548
v 0.587441 7.128047 -4.223548
v 0.662441 7.128055 -4.223548
v 0.662441 7.128055 -4.333548
v 0.587441 7.128047 -4.333548
v 1.188701 2.887729 -2.449999
v 1.113701 2.887720 -2.449999
v 1.113701 2.887720 -2.380000
v 1.188701 2.887729 -2.380000
v 1.113701 0.805002 -2.380000
v 1.188701 0.805000 -2.380000
v 1.188701 0.805000 -2.449999
v 1.113701 0.805002 -2.449999
v 1.188701 2.967729 -2.380000
v 1.113701 2.967720 -2.380000
v 1.188701 2.967729 -2.449999
v 1.113701 2.967720 -2.449999
v -1.108701 2.887720 -2.380000
v -1.108701 2.887720 -2.449999
v -1.108701 2.967720 -2.380000
v -1.108701 2.967720 -2.449999
v -1.188701 2.887720 -2.380000
v -1.188701 2.887720 -2.449999
v -1.188701 2.967720 -2.380000
v -1.188701 2.967720 -2.449999
v -1.108701 0.805000 -2.380000
v -1.108701 0.805000 -2.449999
v -1.188701 0.805000 -2.380000
v -1.188701 0.805000 -2.449999
v 1.188701 3.765636 -2.380000
v 1.113701 3.765627 -2.380000
v 1.188701 3.765636 -2.449999
v 1.113701 3.765627 -2.449999
v -1.108701 3.765627 -2.380000
v -1.108701 3.765627 -2.449999
v -1.188701 3.765627 -2.380000
v -1.188701 3.765627 -2.449999
v 2.735906 2.887729 -2.449999
v 2.735906 2.887729 -2.380000
v 2.735906 2.967729 -2.449999
v 2.735906 2.967729 -2.380000
v -2.735907 2.887720 -2.380000
v -2.735907 2.887720 -2.449999
v -2.735907 2.967720 -2.380000
v -2.735907 2.967720 -2.449999
v -1.188701 3.685627 -2.380000
v -1.108701 3.685627 -2.380000
v -1.188701 3.685627 -2.449999
v -1.108701 3.685627 -2.449999
v 1.188701 3.685636 -2.380000
v 1.188701 3.685636 -2.449999
v 1.113701 3.685627 -2.449999
v 1.113701 3.685627 -2.380000
v -2.386605 2.887720 -2.380000
v -2.311605 2.887720 -2.380000
v -2.311605 2.967720 -2.380000
v -2.386605 2.967720 -2.380000
v -2.311605 2.967720 -2.449999
v -2.386605 2.967720 -2.449999
v -2.311605 2.887720 -2.449999
v -2.386605 2.887720 -2.449999
v 2.386605 2.967729 -2.449999
v 2.311605 2.967729 -2.449999
v 2.386605 2.887729 -2.380000
v 2.311605 2.887729 -2.380000
v 2.311605 2.967729 -2.380000
v 2.386605 2.967729 -2.380000
v 2.311605 2.887729 -2.449999
v 2.386605 2.887729 -2.449999
v -2.311605 0.799991 -2.449999
v -2.386605 0.799991 -2.449999
v -2.386605 0.799991 -2.380000
v -2.311605 0.799991 -2.380000
v 2.386605 0.800000 -2.380000
v 2.311605 0.800000 -2.380000
v 2.311605 0.800000 -2.449999
v 2.386605 0.800000 -2.449999
vt 0.000000 0.000000
vt 0.000000 1.000000
vt 1.000000 1.000000
vt 1.000000 0.000000
vt 0.000000 0.000000
vt 1.000000 0.000000
vt 1.000000 1.000000
vt 0.000000 1.000000
vt 0.000000 0.000000
vt 0.000000 1.000000
vt 1.000000 1.000000
vt 1.000000 0.000000
vt 0.000000 0.000000
vt 1.000000 0.000000
vt 1.000000 1.000000
vt 0.000000 1.000000
vt 0.000000 0.000000
vt 0.000000 1.000000
vt 1.000000 1.000000
vt 1.000000 0.000000
vt 0.000000 0.000000
vt 1.000000 0.000000
vt 1.000000 1.000000
vt 0.000000 1.000000
vt 0.000000 0.000000
vt 0.000000 1.000000
vt 1.000000 1.000000
vt 1.000000 0.000000
vt 0.000000 0.000000
vt 1.000000 0.000000
vt 1.000000 1.000000
vt 0.000000 1.000000
vt 0.000000 0.000000
vt 0.000000 1.000000
vt 1.000000 1.000000
vt 1.000000 0.000000
vt 0.000000 0.000000
vt 1.000000 0.000000
vt 1.000000 1.000000
vt 0.000000 1.000000
vt 0.000000 0.000000
vt 0.000000 1.000000
vt 1.000000 1.000000
vt 1.000000 0.000000
vt 0.000000 0.000000
vt 1.000000 0.000000
vt 1.000000 1.000000
vt 0.000000 1.000000
vt 0.000000 0.000000
vt 0.000000 1.000000
vt 1.000000 1.000000
vt 1.000000 0.000000
vt 0.000000 0.000000
vt 1.000000 0.000000
vt 1.000000 1.000000
vt 0.000000 1.000000
vt 0.000000 0.000000
vt 0.000000 1.000000
vt 1.000000 1.000000
vt 1.000000 0.000000
vt 0.000000 0.000000
vt 1.000000 0.000000
vt 1.000000 1.000000
vt 0.000000 1.000000
vt 0.000000 0.000000
vt 0.000000 1.000000
vt 1.000000 1.000000
vt 1.000000 0.000000
vt 0.000000 0.000000
vt 1.000000 0.000000
vt 1.000000 1.000000
vt 0.000000 1.000000
vt 0.000000 0.000000
vt 0.000000 1.000000
vt 1.000000 1.000000
vt 1.000000 0.000000
vt 0.000000 0.000000
vt 1.000000 0.000000
vt 1.000000 1.000000
vt 0.000000 1.000000
vt 0.000000 0.000000
vt 0.000000 1.000000
vt 1.000000 1.000000
vt 1.000000 0.000000
vt 0.000000 0.000000
vt 1.000000 0.000000
vt 1.000000 1.000000
vt 0.000000 1.000000
vt 0.000000 0.000000
vt 1.000000 0.000000
vt 1.000000 1.000000
vt 0.000000 1.000000
vt 0.000000 0.000000
vt 0.000000 1.000000
vt 1.000000 1.000000
vt 1.000000 0.000000
vt 1.000000 1.000000
vt 1.000000 1.000000
vt 0.000000 1.000000
vt 0.000000 1.000000
vt 0.000000 0.000000
vt 1.000000 0.000000
vt 1.000000 0.000000
vt 0.000000 0.000000
vt 1.000000 1.000000
vt 1.000000 1.000000
vt 0.000000 1.000000
vt 0.000000 1.000000
vt 0.000000 0.000000
vt 1.000000 0.000000
vt 1.000000 0.000000
vt 0.000000 0.000000
vt 0.000000 0.000000
vt 0.000000 0.000000
vt 0.000000 0.000000
vt 0.000000 0.000000
vt 0.000000 0.000000
vt 0.000000 0.000000
vt 0.000000 0.000000
vt 0.000000 0.000000
vt 0.000000 0.000000
vt 0.000000 0.000000
vt 0.000000 0.000000
vt 0.000000 0.000000
vt 0.000000 0.000000
vt 0.000000 0.000000
vt 0.000000 0.000000
vt 0.000000 0.000000
vt 0.000000 0.000000
vt 0.000000 0.000000
vt 0.000000 0.000000
vt 0.000000 0.000000
vt 0.000000 0.000000
vt 0.000000 0.000000
vt 0.000000 0.000000
vt 0.000000 0.000000
vt 0.000000 0.000000
vt 0.000000 0.000000
vt 0.000000 0.000000
vt 0.000000 0.000000
vt 0.000000 0.000000
vt 0.000000 0.000000
vt 0.000000 0.000000
vt 0.000000 0.000000
vt 0.000000 0.000000
vt 0.000000 0.000000
vt 0.000000 0.000000
vt 0.000000 0.000000
vt 0.000000 0.000000
vt 0.000000 0.000000
vt 0.000000 0.000000
vt 0.000000 0.000000
vt 0.000000 0.000000
vt 0.000000 0.000000
vt 0.000000 0.000000
vt 0.000000 0.000000
vt 0.000000 0.000000
vt 0.000000 0.000000
vt 0.000000 0.000000
vt 0.000000 0.000000
vt 0.000000 0.000000
vt 0.000000 0.000000
vt 0.000000 0.000000
vt 0.000000 0.000000
vt 0.000000 0.000000
vt 0.000000 0.000000
vt 0.000000 0.000000
vt 0.000000 0.000000
vt 0.000000 0.000000
vt 0.000000 0.000000
vt 0.000000 0.000000
vt 0.000000 0.000000
vt 0.000000 0.000000
vt 0.000000 0.000000
vt 0.000000 0.000000
vt 0.000000 0.000000
vt 0.000000 0.000000
vt 0.000000 0.000000
vt 0.000000 0.000000
vt 0.000000 0.000000
vt 0.000000 0.000000
vt 0.000000 0.000000
vt 0.000000 0.000000
vt 0.000000 0.000000
vt 0.000000 0.000000
vt 0.000000 0.000000
vt 0.000000 0.000000
vt 0.000000 0.000000
vt 0.000000 0.000000
vt 0.000000 0.000000
vt 0.000000 0.000000
vt 0.000000 0.000000
vt 0.000000 0.000000
vt 0.000000 0.000000
vt 0.000000 0.000000
vt 0.000000 0.000000
vt 0.000000 0.000000
vt 0.000000 0.000000
vt 0.000000 0.000000
vt 0.000000 0.000000
vt 0.000000 0.000000
vt 0.000000 0.000000
vt 0.000000 0.000000
vt 0.000000 0.000000
vt 0.000000 0.000000
vt 0.000000 0.000000
vt 0.000000 0.000000
vt 0.000000 0.000000
vt 0.000000 0.000000
vt 0.000000 0.000000
vt 0.000000 0.000000
vt 0.000000 0.000000
vt 0.000000 0.000000
vt 0.000000 0.000000
vt 0.000000 0.000000
vt 0.000000 0.000000
vt 0.000000 0.000000
vt 0.000000 0.000000
vt 0.000000 0.000000
vt 0.000000 0.000000
vt 0.000000 0.000000
vt 0.000000 0.000000
vt 0.000000 0.000000
vt 0.000000 0.000000
vt 0.000000 0.000000
vt 0.000000 0.000000
vt 0.000000 0.000000
vt 0.000000 0.000000
vt 0.000000 0.000000
vt 0.000000 0.000000
vt 0.000000 0.000000
vt 0.000000 0.000000
vt 0.000000 0.000000
vt 0.000000 0.000000
vt 0.000000 0.000000
vt 0.000000 0.000000
vt 0.000000 0.000000
vt 0.000000 0.000000
vt 0.000000 0.000000
vt 0.000000 0.000000
vt 0.000000 0.000000
vt 0.000000 0.000000
vt 0.000000 0.000000
vt 0.000000 0.000000
vt 0.000000 0.000000
vt 0.000000 0.000000
vt 0.000000 0.000000
vt 0.000000 0.000000
vt 0.000000 0.000000
vt 0.000000 0.000000
vt 0.000000 0.000000
vt 0.000000 0.000000
vt 0.000000 0.000000
vt 0.000000 0.000000
vt 0.000000 0.000000
vt 0.000000 0.000000
vt 0.000000 0.000000
vt 0.000000 0.000000
vt 0.000000 0.000000
vt 0.000000 0.000000
vt 0.000000 0.000000
vt 0.000000 0.000000
vt 0.000000 0.000000
vt 0.000000 0.000000
vt 0.000000 0.000000
vt 0.000000 0.000000
vt 0.000000 0.000000
vt 0.000000 0.000000
vt 0.000000 0.000000
vt 0.000000 0.000000
vt 0.000000 0.000000
vt 0.000000 0.000000
vt 0.000000 0.000000
vt 0.000000 0.000000
vt 0.000000 0.000000
vt 0.000000 0.000000
vt 0.000000 0.000000
vt 0.000000 0.000000
vt 0.000000 0.000000
vt 0.000000 0.000000
vt 0.000000 0.000000
vt 0.000000 0.000000
vt 0.000000 0.000000
vt 0.000000 0.000000
vt 0.000000 0.000000
vt 0.000000 0.000000
vt 0.000000 0.000000
vt 0.000000 0.000000
vt 0.000000 0.000000
vt 0.000000 0.000000
vt 0.000000 0.000000
vt 0.000000 0.000000
vt 0.000000 0.000000
vt 0.000000 0.000000
vt 0.000000 0.000000
vt 0.000000 0.000000
vt 0.000000 0.000000
vt 0.000000 0.000000
vt 0.000000 0.000000
vt 0.000000 0.000000
vt 0.000000 0.000000
vt 0.000000 0.000000
vt 0.000000 0.000000
vt 0.000000 0.000000
vt 0.000000 0.000000
vt 0.000000 0.000000
vt 0.000000 0.000000
vt 0.000000 0.000000
vt 0.000000 0.000000
vt 0.000000 0.000000
vt 0.000000 0.000000
vt 0.000000 0.000000
vt 0.000000 0.000000
vt 0.000000 0.000000
vt 0.000000 0.000000
vt 0.000000 0.000000
vt 0.000000 0.000000
vt 0.000000 0.000000
vt 0.000000 0.000000
vt 0.000000 0.000000
vt 0.000000 0.000000
vt 0.000000 0.000000
vt 0.000000 0.000000
vt 0.000000 0.000000
vt 0.000000 0.000000
vt 0.000000 0.000000
vt 0.000000 0.000000
vt 0.000000 0.000000
vt 0.000000 0.000000
vt 0.000000 0.000000
vt 0.000000 0.000000
vt 0.000000 0.000000
vt 0.000000 0.000000
vt 0.000000 0.000000
vt 0.000000 0.000000
vt 0.000000 0.000000
vt 0.000000 0.000000
vt 0.000000 0.000000
vt 0.000000 0.000000
vt 0.000000 0.000000
vt 0.000000 0.000000
vt 0.000000 0.000000
vt 0.000000 0.000000
vt 0.000000 0.000000
vt 0.000000 0.000000
vt 0.000000 0.000000
vt 0.000000 0.000000
vt 0.000000 0.000000
vt 0.000000 0.000000
vt 0.000000 0.000000
vt 0.000000 0.000000
vt 0.000000 0.000000
vt 0.000000 0.000000
vt 0.000000 0.000000
vt 0.000000 0.000000
vt 0.000000 0.000000
vt 0.000000 0.000000
vt 0.000000 0.000000
vt 0.000000 0.000000
vt 0.000000 0.000000
vt 0.000000 0.000000
vt 0.000000 0.000000
vt 0.000000 0.000000
vt 0.000000 0.000000
vt 0.000000 0.000000
vt 0.000000 0.000000
vt 0.000000 0.000000
vt 0.000000 0.000000
vt 0.000000 0.000000
vt 0.000000 0.000000
vt 0.000000 0.000000
vt 0.000000 0.000000
vt 0.000000 0.000000
vt 0.000000 0.000000
vt 0.000000 0.000000
vt 0.000000 0.000000
vt 0.000000 0.000000
vt 0.000000 0.000000
vt 0.000000 0.000000
vt 0.000000 0.000000
vt 0.000000 0.000000
vt 0.000000 0.000000
vt 0.000000 0.000000
vt 0.000000 0.000000
vt 0.000000 0.000000
vt 0.000000 0.000000
vt 0.000000 0.000000
vt 0.000000 0.000000
vt 0.000000 0.000000
vt 0.000000 0.000000
vt 0.000000 0.000000
vt 0.000000 0.000000
vt 0.000000 0.000000
vt 0.000000 0.000000
vt 0.000000 0.000000
vt 0.000000 0.000000
vt 0.000000 0.000000
vt 0.000000 0.000000
vt 0.000000 0.000000
vt 0.000000 0.000000
vt 0.000000 0.000000
vt 0.000000 0.000000
vt 0.000000 0.000000
vt 0.000000 0.000000
vt 0.000000 0.000000
vt 0.000000 0.000000
vt 0.000000 0.000000
vt 0.000000 0.000000
vt 0.000000 0.000000
vt 0.000000 0.000000
vt 0.000000 0.000000
vt 0.000000 0.000000
vt 0.000000 0.000000
vt 0.000000 0.000000
vt 0.000000 0.000000
vt 0.000000 0.000000
vt 0.000000 0.000000
vt 0.000000 0.000000
vt 0.000000 0.000000
vt 0.000000 0.000000
vt 0.000000 0.000000
vt 0.000000 0.000000
vt 0.000000 0.000000
vt 0.000000 0.000000
vt 0.000000 0.000000
vt 0.000000 0.000000
vt 0.000000 0.000000
vt 0.000000 0.000000
vt 0.000000 0.000000
vt 0.000000 0.000000
vt 0.000000 0.000000
vt 0.000000 0.000000
vt 0.000000 0.000000
vt 0.000000 0.000000
vt 0.000000 0.000000
vt 0.000000 0.000000
vt 0.000000 0.000000
vt 0.000000 0.000000
vt 0.000000 0.000000
vt 0.000000 0.000000
vt 0.000000 0.000000
vt 0.000000 0.000000
vt 0.000000 0.000000
vt 0.000000 0.000000
vt 0.000000 0.000000
vt 0.000000 0.000000
vt 0.000000 0.000000
vt 0.000000 0.000000
vt 0.000000 0.000000
vt 0.000000 0.000000
vt 0.000000 0.000000
vt 0.000000 0.000000
vt 0.000000 0.000000
vt 0.000000 0.000000
vt 0.000000 0.000000
vt 0.000000 0.000000
vt 0.000000 0.000000
vt 0.000000 0.000000
vt 0.000000 0.000000
vt 0.000000 0.000000
vt 0.000000 0.000000
vt 0.000000 0.000000
vt 0.000000 0.000000
vt 0.000000 0.000000
vt 0.000000 0.000000
vt 0.000000 0.000000
vt 0.000000 0.000000
vt 0.000000 0.000000
vt 0.000000 0.000000
vt 0.000000 0.000000
vt 0.000000 0.000000
vt 0.000000 0.000000
vt 0.000000 0.000000
vt 0.000000 0.000000
vt 0.000000 0.000000
vt 0.000000 0.000000
vt 0.000000 0.000000
vt 0.000000 0.000000
vt 0.000000 0.000000
vt 0.000000 0.000000
vt 0.000000 0.000000
vt 0.000000 0.000000
vt 0.000000 0.000000
vt 0.000000 0.000000
vt 0.000000 0.000000
vt 0.000000 0.000000
vt 0.000000 0.000000
vt 0.000000 0.000000
vt 0.000000 0.000000
vt 0.000000 0.000000
vt 0.000000 0.000000
vt 0.000000 0.000000
vt 0.000000 0.000000
vt 0.000000 0.000000
vt 0.000000 0.000000
vt 0.000000 0.000000
vt 0.000000 0.000000
vt 0.000000 0.000000
vt 0.000000 0.000000
vt 0.000000 0.000000
vt 0.000000 0.000000
vt 0.000000 0.000000
vt 0.000000 0.000000
vt 0.000000 0.000000
vt 0.000000 0.000000
vt 0.000000 0.000000
vt 0.000000 0.000000
vt 0.000000 0.000000
vt 0.000000 0.000000
vt 0.000000 0.000000
vt 0.000000 0.000000
vt 0.000000 0.000000
vt 0.000000 0.000000
vt 0.000000 0.000000
vt 0.000000 0.000000
vt 0.000000 0.000000
vt 0.000000 0.000000
vt 0.000000 0.000000
vt 0.000000 0.000000
vt 0.000000 0.000000
vt 0.000000 0.000000
vt 0.000000 0.000000
vt 0.000000 0.000000
vt 0.000000 0.000000
vt 0.000000 0.000000
vt 0.000000 0.000000
vt 0.000000 0.000000
vt 0.000000 0.000000
vt 0.000000 0.000000
vt 0.000000 0.000000
vt 0.000000 0.000000
vt 0.000000 0.000000
vt 0.000000 0.000000
vt 0.000000 0.000000
vt 0.000000 0.000000
vt 0.000000 0.000000
vt 0.000000 0.000000
vt 0.000000 0.000000
vt 0.000000 0.000000
vt 0.000000 0.000000
vt 0.000000 0.000000
vt 0.000000 0.000000
vt 0.000000 0.000000
vt 0.000000 0.000000
vt 0.000000 0.000000
vt 0.000000 0.000000
vt 0.000000 0.000000
vt 0.000000 0.000000
vt 0.000000 0.000000
vt 0.000000 0.000000
vt 0.000000 0.000000
vt 0.000000 0.000000
vt 0.000000 0.000000
vt 0.000000 0.000000
vt 0.000000 0.000000
vt 0.000000 0.000000
vt 0.000000 0.000000
vt 0.000000 0.000000
vt 0.000000 0.000000
vt 0.000000 0.000000
vt 0.000000 0.000000
vt 0.000000 0.000000
vt 0.000000 0.000000
vt 0.000000 0.000000
vt 0.000000 0.000000
vt 0.000000 0.000000
vt 0.000000 0.000000
vt 0.000000 0.000000
vt 0.000000 0.000000
vt 0.000000 0.000000
vt 0.000000 0.000000
vt 0.000000 0.000000
vt 0.000000 0.000000
vt 0.000000 0.000000
vt 0.000000 0.000000
vt 0.000000 0.000000
vt 0.000000 0.000000
vt 0.000000 0.000000
vt 0.000000 0.000000
vt 0.000000 0.000000
vt 0.000000 0.000000
vt 0.000000 0.000000
vt 0.000000 0.000000
vt 0.000000 0.000000
vt 0.000000 0.000000
vt 0.000000 0.000000
vt 0.000000 0.000000
vt 0.000000 0.000000
vt 0.000000 0.000000
vt 0.000000 0.000000
vt 0.000000 0.000000
vt 0.000000 0.000000
vt 0.000000 0.000000
vt 0.000000 0.000000
vt 0.000000 0.000000
vt 0.000000 0.000000
vt 0.000000 0.000000
vt 0.000000 0.000000
vt 0.000000 0.000000
vt 0.000000 0.000000
vt 0.000000 0.000000
vt 0.000000 0.000000
vt 0.000000 0.000000
vt 0.000000 0.000000
vt 0.000000 0.000000
vt 0.000000 0.000000
vt 0.000000 0.000000
vt 0.000000 0.000000
vt 0.000000 0.000000
vt 0.000000 0.000000
vt 0.000000 0.000000
vt 0.000000 0.000000
vt 0.000000 0.000000
vt 0.000000 0.000000
vt 0.000000 0.000000
vt 0.000000 0.000000
vt 0.000000 0.000000
vt 0.000000 0.000000
vt 0.000000 0.000000
vt 0.000000 0.000000
vt 0.000000 0.000000
vt 0.000000 0.000000
vt 0.000000 0.000000
vt 0.000000 0.000000
vt 0.000000 0.000000
vt 0.000000 0.000000
vt 0.000000 0.000000
vt 0.000000 0.000000
vt 0.000000 0.000000
vt 0.000000 0.000000
vt 0.000000 0.000000
vt 0.000000 0.000000
vt 0.000000 0.000000
vt 0.000000 0.000000
vt 0.000000 0.000000
vt 0.000000 0.000000
vt 0.000000 0.000000
vt 0.000000 0.000000
vt 0.000000 0.000000
vt 0.000000 0.000000
vt 0.000000 0.000000
vt 0.000000 0.000000
vt 0.000000 0.000000
vt 0.000000 0.000000
vt 0.000000 0.000000
vt 0.000000 0.000000
vt 0.000000 0.000000
vt 0.000000 0.000000
vt 0.000000 0.000000
vt 0.000000 0.000000
vt 0.000000 0.000000
vt 0.000000 0.000000
vt 0.000000 0.000000
vt 0.000000 0.000000
vt 0.000000 0.000000
vt 0.000000 0.000000
vt 0.000000 0.000000
vt 0.000000 0.000000
vt 0.000000 0.000000
vt 0.000000 0.000000
vt 0.000000 0.000000
vt 0.000000 0.000000
vt 0.000000 0.000000
vt 0.000000 0.000000
vt 0.000000 0.000000
vt 0.000000 0.000000
vt 0.000000 0.000000
vt 0.000000 0.000000
vt 0.000000 0.000000
vt 0.000000 0.000000
vt 0.000000 0.000000
vt 0.000000 0.000000
vt 0.000000 0.000000
vt 0.000000 0.000000
vt 0.000000 0.000000
vt 0.000000 0.000000
vt 0.000000 0.000000
vt 0.000000 0.000000
vt 0.000000 0.000000
vt 0.000000 0.000000
vt 0.000000 0.000000
vt 0.000000 0.000000
vt 0.000000 0.000000
vt 0.000000 0.000000
vt 0.000000 0.000000
vt 0.000000 0.000000
vt 0.000000 0.000000
vt 0.000000 0.000000
vt 0.000000 0.000000
vt 0.000000 0.000000
vt 0.000000 0.000000
vt 0.000000 0.000000
vt 0.000000 0.000000
vt 0.000000 0.000000
vt 0.000000 0.000000
vt 0.000000 0.000000
vt 0.000000 0.000000
vt 0.000000 0.000000
vt 0.000000 0.000000
vt 0.000000 0.000000
vt 0.000000 0.000000
vt 0.000000 0.000000
vt 0.000000 0.000000
vt 0.000000 0.000000
vt 0.000000 0.000000
vt 0.000000 0.000000
vt 0.000000 0.000000
vt 0.000000 0.000000
vt 0.000000 0.000000
vt 0.000000 0.000000
vt 0.000000 0.000000
vt 0.000000 0.000000
vt 0.000000 0.000000
vt 0.000000 0.000000
vt 0.000000 0.000000
vt 0.000000 0.000000
vt 0.000000 0.000000
vt 0.000000 0.000000
vt 0.000000 0.000000
vt 0.000000 0.000000
vt 0.000000 0.000000
vt 0.000000 0.000000
vt 0.000000 0.000000
vt 0.000000 0.000000
vt 0.000000 0.000000
vt 0.000000 0.000000
vt 0.000000 0.000000
vt 0.000000 0.000000
vt 0.000000 0.000000
vt 0.000000 0.000000
vt 0.000000 0.000000
vt 0.000000 0.000000
vt 0.000000 0.000000
vt 0.000000 0.000000
vt 0.000000 0.000000
vt 0.000000 0.000000
vt 0.000000 0.000000
vt 0.000000 0.000000
vt 0.000000 0.000000
vt 0.000000 0.000000
vt 0.000000 0.000000
vt 0.000000 0.000000
vt 0.000000 0.000000
vt 0.000000 0.000000
vt 0.000000 0.000000
vt 0.000000 0.000000
vt 0.000000 0.000000
vt 0.000000 0.000000
vt 0.000000 0.000000
vt 0.000000 0.000000
vt 0.000000 0.000000
vt 0.000000 0.000000
vt 0.000000 0.000000
vt 0.000000 0.000000
vt 0.000000 0.000000
vt 0.000000 0.000000
vt 0.000000 0.000000
vt 0.000000 0.000000
vt 0.000000 0.000000
vt 0.000000 0.000000
vt 0.000000 0.000000
vt 0.000000 0.000000
vt 0.000000 0.000000
vt 0.000000 0.000000
vt 0.000000 0.000000
vt 0.000000 0.000000
vt 0.000000 0.000000
vt 0.000000 0.000000
vt 0.000000 0.000000
vt 0.000000 0.000000
vt 0.000000 0.000000
vt 0.000000 0.000000
vt 0.000000 0.000000
vt 0.000000 0.000000
vt 0.000000 0.000000
vt 0.000000 0.000000
vt 0.000000 0.000000
vt 0.000000 0.000000
vt 0.000000 0.000000
vt 0.000000 0.000000
vt 0.000000 0.000000
vt 0.000000 0.000000
vt 0.000000 0.000000
vt 0.000000 0.000000
vt 0.000000 0.000000
vt 0.000000 0.000000
vt 0.000000 0.000000
vt 0.000000 0.000000
vt 0.000000 0.000000
vt 0.000000 0.000000
vt 0.000000 0.000000
vt 0.000000 0.000000
vt 0.000000 0.000000
vt 0.000000 0.000000
vt 0.000000 0.000000
vt 0.000000 0.000000
vt 0.000000 0.000000
vt 0.000000 0.000000
vt 0.000000 0.000000
vt 0.000000 0.000000
vt 0.000000 0.000000
vt 0.000000 0.000000
vt 0.000000 0.000000
vt 0.000000 0.000000
vt 0.000000 0.000000
vt 0.000000 0.000000
vt 0.000000 0.000000
vt 0.000000 0.000000
vt 0.000000 0.000000
vt 0.000000 0.000000
vt 0.000000 0.000000
vt 0.000000 0.000000
vt 0.000000 0.000000
vt 0.000000 0.000000
vt 0.000000 0.000000
vt 0.000000 0.000000
vt 0.000000 0.000000
vt 0.000000 0.000000
vt 0.000000 0.000000
vt 0.000000 0.000000
vt 0.000000 0.000000
vt 0.000000 0.000000
vt 0.000000 0.000000
vt 0.000000 0.000000
vt 0.000000 0.000000
vt 0.000000 0.000000
vt 0.000000 0.000000
vt 0.000000 0.000000
vt 0.000000 0.000000
vt 0.000000 0.000000
vt 0.000000 0.000000
vt 0.000000 0.000000
vt 0.000000 0.000000
vt 0.000000 0.000000
vt 0.000000 0.000000
vt 0.000000 0.000000
vt 0.000000 0.000000
vt 0.000000 0.000000
vt 0.000000 0.000000
vt 0.000000 0.000000
vt 0.000000 0.000000
vt 0.000000 0.000000
vt 0.000000 0.000000
vt 0.000000 0.000000
vt 0.000000 0.000000
vt 0.000000 0.000000
vt 0.000000 0.000000
vt 0.000000 0.000000
vt 0.000000 0.000000
vt 0.000000 0.000000
vt 0.000000 0.000000
vt 0.000000 0.000000
vt 0.000000 0.000000
vt 0.000000 0.000000
vt 0.000000 0.000000
vt 0.000000 0.000000
vt 0.000000 0.000000
vt 0.000000 0.000000
vt 0.000000 0.000000
vt 0.000000 0.000000
vt 0.000000 0.000000
vt 0.000000 0.000000
vt 0.000000 0.000000
vt 0.000000 0.000000
vt 0.000000 0.000000
vt 0.000000 0.000000
vt 0.000000 0.000000
vt 0.000000 0.000000
vt 0.000000 0.000000
vt 0.000000 0.000000
vt 0.000000 0.000000
vt 0.000000 0.000000
vt 0.000000 0.000000
vt 0.000000 0.000000
vt 0.000000 0.000000
vt 0.000000 0.000000
vt 0.000000 0.000000
vt 0.000000 0.000000
vt 0.000000 0.000000
vt 0.000000 0.000000
vt 0.000000 0.000000
vt 0.000000 0.000000
vt 0.000000 0.000000
vt 0.000000 0.000000
vt 0.000000 0.000000
vt 0.000000 0.000000
vt 0.000000 0.000000
vt 0.000000 0.000000
vt 0.000000 0.000000
vt 0.000000 0.000000
vt 0.000000 0.000000
vt 0.000000 0.000000
vt 0.000000 0.000000
vt 0.000000 0.000000
vt 0.000000 0.000000
vt 0.000000 0.000000
vt 0.000000 0.000000
vt 0.000000 0.000000
vt 0.000000 0.000000
vt 0.000000 0.000000
vt 0.000000 0.000000
vt 0.000000 0.000000
vt 0.000000 0.000000
vt 0.000000 0.000000
vt 0.000000 0.000000
vt 0.000000 0.000000
vt 0.000000 0.000000
vt 0.000000 0.000000
vt 0.000000 0.000000
vt 0.000000 0.000000
vt 0.000000 0.000000
vt 0.000000 0.000000
vt 0.567604 0.500000
vt 0.567604 0.500000
vt 0.500000 0.500000
vt 0.500000 0.500000
vt 0.229584 0.500000
vt 0.229584 0.500000
vt 0.500000 0.500000
vt 0.250502 0.500000
vt 0.250502 0.500000
vt 0.500000 0.500000
vt 0.562374 0.500000
vt 0.562374 0.500000
vt 0.622317 0.500000
vt 0.622317 0.500000
vt 0.635208 0.500000
vt 0.635208 0.500000
vt 0.500000 0.500000
vt 0.500000 0.500000
vt 0.229584 0.500000
vt 0.229584 0.500000
vt 0.736614 0.500000
vt 0.635208 0.500000
vt 0.635208 0.500000
vt 0.736614 0.500000
vt 0.718311 0.500000
vt 0.624749 0.500000
vt 0.624749 0.500000
vt 0.718311 0.500000
vt 0.736614 0.500000
vt 0.736614 0.500000
vt 0.635208 0.500000
vt 0.635208 0.500000
vt 0.736614 0.500000
vt 0.635208 0.500000
vt 0.714054 0.500000
vt 0.744633 0.500000
vt 0.770416 0.500000
vt 0.635208 0.500000
vt 0.635208 0.500000
vt 0.500000 0.500000
vt 0.500000 0.500000
vt 0.635208 0.500000
vt 0.500000 0.500000
vt 0.500000 0.500000
vt 0.635208 0.500000
vt 0.500000 0.500000
vt 0.500000 0.500000
vt 0.635208 0.500000
vt 0.635208 0.500000
vt 0.635208 0.500000
vt 0.500000 0.500000
vt 0.500000 0.500000
vt 0.635208 0.500000
vt 0.500000 0.500000
vt 0.500000 0.500000
vt 0.500000 0.500000
vt 0.500000 0.500000
vt 0.635208 0.500000
vt 0.635208 0.500000
vt 0.500000 0.500000
vt 0.635208 0.500000
vt 0.635208 0.500000
vt 0.635208 0.500000
vt 0.635208 0.500000
vt 0.635208 0.500000
vt 0.635208 0.500000
vt 0.635208 0.500000
vt 0.635208 0.500000
vt 0.500000 0.500000
vt 0.500000 0.500000
vt 0.500000 0.500000
vt 0.500000 0.500000
vt 0.500000 0.500000
vt 0.500000 0.500000
vt 0.500000 0.500000
vt 0.500000 0.500000
vt 0.500000 0.500000
vt 0.500000 0.500000
vt 0.500000 0.500000
vt 0.500000 0.500000
vt 0.500000 0.500000
vt 0.634271 0.500000
vt 0.634271 0.500000
vt 0.631747 0.500000
vt 0.631748 0.500000
vt 0.632163 0.500000
vt 0.632163 0.500000
vt 0.634428 0.500000
vt 0.634428 0.500000
vt 0.636249 0.500000
vt 0.500000 0.500000
vt 0.639269 0.500000
vt 0.500000 0.500000
vt 0.638424 0.500000
vt 0.500000 0.500000
vt 0.636021 0.500000
vt 0.500000 0.500000
vt 0.500000 0.500000
vt 0.636249 0.500000
vt 0.500000 0.500000
vt 0.639269 0.500000
vt 0.500000 0.500000
vt 0.638424 0.500000
vt 0.500000 0.500000
vt 0.636021 0.500000
vt 0.635208 0.500000
vt 0.500000 0.500000
vt 0.500000 0.500000
vt 0.635208 0.500000
vt 0.635208 0.500000
vt 0.635208 0.500000
vt 0.500000 0.500000
vt 0.500000 0.500000
vt 0.500000 0.500000
vt 0.635208 0.500000
vt 0.635208 0.500000
vt 0.500000 0.500000
vt 0.635208 0.500000
vt 0.500000 0.500000
vt 0.500000 0.500000
vt 0.635208 0.500000
vt 0.500000 0.500000
vt 0.500000 0.500000
vt 0.500000 0.500000
vt 0.500000 0.500000
vt 0.635208 0.500000
vt 0.635208 0.500000
vt 0.500000 0.500000
vt 0.635208 0.500000
vt 0.635208 0.500000
vt 0.635208 0.500000
vt 0.635208 0.500000
vt 0.635208 0.500000
vt 0.635208 0.500000
vt 0.635208 0.500000
vt 0.635208 0.500000
vt 0.500000 0.500000
vt 0.500000 0.500000
vt 0.500000 0.500000
vt 0.500000 0.500000
vt 0.500000 0.500000
vt 0.500000 0.500000
vt 0.500000 0.500000
vt 0.500000 0.500000
vt 0.500000 0.500000
vt 0.500000 0.500000
vt 0.500000 0.500000
vt 0.500000 0.500000
vt 0.500000 0.500000
vt 0.634271 0.500000
vt 0.634271 0.500000
vt 0.631748 0.500000
vt 0.631747 0.500000
vt 0.632163 0.500000
vt 0.632163 0.500000
vt 0.634428 0.500000
vt 0.634428 0.500000
vt 0.500000 0.500000
vt 0.636249 0.500000
vt 0.500000 0.500000
vt 0.639269 0.500000
vt 0.500000 0.500000
vt 0.638424 0.500000
vt 0.500000 0.500000
vt 0.636021 0.500000
vt 0.636249 0.500000
vt 0.500000 0.500000
vt 0.639269 0.500000
vt 0.500000 0.500000
vt 0.638424 0.500000
vt 0.500000 0.500000
vt 0.636021 0.500000
vt 0.500000 0.500000
vt 0.635208 0.500000
vt 0.635208 0.500000
vt 0.500000 0.500000
vt 0.500000 0.500000
vt 0.635208 0.500000
vt 0.500000 0.500000
vt 0.500000 0.500000
vt 0.635208 0.500000
vt 0.635208 0.500000
vt 0.635208 0.500000
vt 0.635208 0.500000
vt 0.635208 0.500000
vt 0.500000 0.500000
vt 0.500000 0.500000
vt 0.527042 0.500000
vt 0.527042 0.500000
vt 0.635208 0.500000
vt 0.500000 0.500000
vt 0.500000 0.500000
vt 0.527042 0.500000
vt 0.560467 0.500000
vt 0.590620 0.500000
vt 0.628322 0.500000
vt 0.633443 0.500000
vt 0.635208 0.500000
vt 0.500000 0.500000
vt 0.633443 0.500000
vt 0.628322 0.500000
vt 0.590620 0.500000
vt 0.560467 0.500000
vt 0.500000 0.500000
vt 0.500000 0.500000
vt 0.500000 0.500000
vt 0.500000 0.500000
vt 0.500000 0.500000
vt 0.635208 0.500000
vt 0.635208 0.500000
vt 0.500000 0.500000
vt 0.635208 0.500000
vt 0.635208 0.500000
vt 0.635208 0.500000
vt 0.635208 0.500000
vt 0.635208 0.500000
vt 0.635208 0.500000
vt 0.635208 0.500000
vt 0.635208 0.500000
vt 0.500000 0.500000
vt 0.500000 0.500000
vt 0.500000 0.500000
vt 0.500000 0.500000
vt 0.500000 0.500000
vt 0.500000 0.500000
vt 0.500000 0.500000
vt 0.500000 0.500000
vt 0.500000 0.500000
vt 0.500000 0.500000
vt 0.500000 0.500000
vt 0.500000 0.500000
vt 0.500000 0.500000
vt 0.634271 0.500000
vt 0.634271 0.500000
vt 0.631747 0.500000
vt 0.631748 0.500000
vt 0.632163 0.500000
vt 0.632163 0.500000
vt 0.634428 0.500000
vt 0.634428 0.500000
vt 0.636249 0.500000
vt 0.500000 0.500000
vt 0.639269 0.500000
vt 0.500000 0.500000
vt 0.638424 0.500000
vt 0.500000 0.500000
vt 0.636021 0.500000
vt 0.500000 0.500000
vt 0.500000 0.500000
vt 0.636249 0.500000
vt 0.500000 0.500000
vt 0.639269 0.500000
vt 0.500000 0.500000
vt 0.638424 0.500000
vt 0.500000 0.500000
vt 0.636021 0.500000
vt 0.635208 0.500000
vt 0.635208 0.500000
vt 0.633554 0.500000
vt 0.628753 0.500000
vt 0.593407 0.500000
vt 0.565138 0.500000
vt 0.533802 0.500000
vt 0.500000 0.500000
vt 0.500000 0.500000
vt 0.533802 0.500000
vt 0.500000 0.500000
vt 0.500000 0.500000
vt 0.533802 0.500000
vt 0.635208 0.500000
vt 0.635208 0.500000
vt 0.500000 0.500000
vt 0.635208 0.500000
vt 0.635208 0.500000
vt 0.500000 0.500000
vt 0.500000 0.500000
vt 0.500000 0.500000
vt 0.533802 0.500000
vt 0.565138 0.500000
vt 0.593407 0.500000
vt 0.628753 0.500000
vt 0.633554 0.500000
vt 0.635208 0.500000
vt 0.500000 0.500000
vt 0.500000 0.500000
vt 0.635208 0.500000
vt 0.500000 0.500000
vt 0.500000 0.500000
vt 0.500000 0.500000
vt 0.500000 0.500000
vt 0.635208 0.500000
vt 0.635208 0.500000
vt 0.500000 0.500000
vt 0.635208 0.500000
vt 0.635208 0.500000
vt 0.635208 0.500000
vt 0.635208 0.500000
vt 0.635208 0.500000
vt 0.635208 0.500000
vt 0.635208 0.500000
vt 0.635208 0.500000
vt 0.500000 0.500000
vt 0.500000 0.500000
vt 0.500000 0.500000
vt 0.500000 0.500000
vt 0.500000 0.500000
vt 0.500000 0.500000
vt 0.500000 0.500000
vt 0.500000 0.500000
vt 0.500000 0.500000
vt 0.500000 0.500000
vt 0.500000 0.500000
vt 0.500000 0.500000
vt 0.500000 0.500000
vt 0.634271 0.500000
vt 0.634271 0.500000
vt 0.631748 0.500000
vt 0.631747 0.500000
vt 0.632163 0.500000
vt 0.632163 0.500000
vt 0.634428 0.500000
vt 0.634428 0.500000
vt 0.500000 0.500000
vt 0.636249 0.500000
vt 0.500000 0.500000
vt 0.639269 0.500000
vt 0.500000 0.500000
vt 0.638424 0.500000
vt 0.500000 0.500000
vt 0.636021 0.500000
vt 0.636249 0.500000
vt 0.500000 0.500000
vt 0.639269 0.500000
vt 0.500000 0.500000
vt 0.638424 0.500000
vt 0.500000 0.500000
vt 0.636021 0.500000
vt 0.500000 0.500000
vt 0.635208 0.500000
vt 0.635208 0.500000
vt 0.500000 0.500000
vt 0.500000 0.500000
vt 0.635208 0.500000
vt 0.500000 0.500000
vt 0.500000 0.500000
vt 0.635208 0.500000
vt 0.635208 0.500000
vt 0.635208 0.500000
vt 0.500000 0.500000
vt 0.527042 0.500000
vt 0.635208 0.500000
vt 0.500000 0.500000
vt 0.500000 0.500000
vt 0.527042 0.500000
vt 0.560467 0.500000
vt 0.590620 0.500000
vt 0.628322 0.500000
vt 0.633443 0.500000
vt 0.635208 0.500000
vt 0.500000 0.500000
vt 0.633443 0.500000
vt 0.628322 0.500000
vt 0.590620 0.500000
vt 0.560467 0.500000
vt 0.500000 0.500000
vt 0.500000 0.500000
vt 0.500000 0.500000
vt 0.500000 0.500000
vt 0.635208 0.500000
vt 0.635208 0.500000
vt 0.500000 0.500000
vt 0.635208 0.500000
vt 0.635208 0.500000
vt 0.635208 0.500000
vt 0.635208 0.500000
vt 0.635208 0.500000
vt 0.635208 0.500000
vt 0.635208 0.500000
vt 0.635208 0.500000
vt 0.500000 0.500000
vt 0.500000 0.500000
vt 0.500000 0.500000
vt 0.500000 0.500000
vt 0.500000 0.500000
vt 0.500000 0.500000
vt 0.500000 0.500000
vt 0.500000 0.500000
vt 0.500000 0.500000
vt 0.500000 0.500000
vt 0.500000 0.500000
vt 0.500000 0.500000
vt 0.500000 0.500000
vt 0.634271 0.500000
vt 0.634271 0.500000
vt 0.631747 0.500000
vt 0.631748 0.500000
vt 0.632163 0.500000
vt 0.632163 0.500000
vt 0.634428 0.500000
vt 0.634428 0.500000
vt 0.636249 0.500000
vt 0.500000 0.500000
vt 0.639269 0.500000
vt 0.500000 0.500000
vt 0.638424 0.500000
vt 0.500000 0.500000
vt 0.636021 0.500000
vt 0.500000 0.500000
vt 0.500000 0.500000
vt 0.636249 0.500000
vt 0.500000 0.500000
vt 0.639269 0.500000
vt 0.500000 0.500000
vt 0.638424 0.500000
vt 0.500000 0.500000
vt 0.636021 0.500000
vt 0.635208 0.500000
vt 0.635208 0.500000
vt 0.633554 0.500000
vt 0.628753 0.500000
vt 0.593407 0.500000
vt 0.565138 0.500000
vt 0.500000 0.500000
vt 0.533802 0.500000
vt 0.500000 0.500000
vt 0.500000 0.500000
vt 0.533802 0.500000
vt 0.635208 0.500000
vt 0.635208 0.500000
vt 0.500000 0.500000
vt 0.635208 0.500000
vt 0.635208 0.500000
vt 0.500000 0.500000
vt 0.500000 0.500000
vt 0.565138 0.500000
vt 0.593407 0.500000
vt 0.628753 0.500000
vt 0.633554 0.500000
vt 0.635208 0.500000
vt 0.500000 0.500000
vt 0.500000 0.500000
vt 0.635208 0.500000
vt 0.500000 0.500000
vt 0.500000 0.500000
vt 0.500000 0.500000
vt 0.500000 0.500000
vt 0.635208 0.500000
vt 0.635208 0.500000
vt 0.500000 0.500000
vt 0.635208 0.500000
vt 0.635208 0.500000
vt 0.635208 0.500000
vt 0.635208 0.500000
vt 0.635208 0.500000
vt 0.635208 0.500000
vt 0.635208 0.500000
vt 0.635208 0.500000
vt 0.500000 0.500000
vt 0.500000 0.500000
vt 0.500000 0.500000
vt 0.500000 0.500000
vt 0.500000 0.500000
vt 0.500000 0.500000
vt 0.500000 0.500000
vt 0.500000 0.500000
vt 0.500000 0.500000
vt 0.500000 0.500000
vt 0.500000 0.500000
vt 0.500000 0.500000
vt 0.500000 0.500000
vt 0.634271 0.500000
vt 0.634271 0.500000
vt 0.631748 0.500000
vt 0.631747 0.500000
vt 0.632163 0.500000
vt 0.632163 0.500000
vt 0.634428 0.500000
vt 0.634428 0.500000
vt 0.500000 0.500000
vt 0.636249 0.500000
vt 0.500000 0.500000
vt 0.639269 0.500000
vt 0.500000 0.500000
vt 0.638424 0.500000
vt 0.500000 0.500000
vt 0.636021 0.500000
vt 0.636249 0.500000
vt 0.500000 0.500000
vt 0.639269 0.500000
vt 0.500000 0.500000
vt 0.638424 0.500000
vt 0.500000 0.500000
vt 0.636021 0.500000
vt 0.500000 0.500000
vt 0.635208 0.500000
vt 0.635208 0.500000
vt 0.500000 0.500000
vt 0.500000 0.500000
vt 0.635208 0.500000
vt 0.500000 0.500000
vt 0.500000 0.500000
vt 0.635208 0.500000
vt 0.635208 0.500000
vt 0.635208 0.500000
vt 0.500000 0.500000
vt 0.527042 0.500000
vt 0.635208 0.500000
vt 0.500000 0.500000
vt 0.500000 0.500000
vt 0.527042 0.500000
vt 0.560467 0.500000
vt 0.590621 0.500000
vt 0.628322 0.500000
vt 0.633443 0.500000
vt 0.635208 0.500000
vt 0.500000 0.500000
vt 0.633443 0.500000
vt 0.628322 0.500000
vt 0.590620 0.500000
vt 0.560467 0.500000
vt 0.500000 0.500000
vt 0.500000 0.500000
vt 0.500000 0.500000
vt 0.500000 0.500000
vt 0.635208 0.500000
vt 0.635208 0.500000
vt 0.500000 0.500000
vt 0.635208 0.500000
vt 0.635208 0.500000
vt 0.635208 0.500000
vt 0.635208 0.500000
vt 0.635208 0.500000
vt 0.635208 0.500000
vt 0.635208 0.500000
vt 0.635208 0.500000
vt 0.500000 0.500000
vt 0.500000 0.500000
vt 0.500000 0.500000
vt 0.500000 0.500000
vt 0.500000 0.500000
vt 0.500000 0.500000
vt 0.500000 0.500000
vt 0.500000 0.500000
vt 0.500000 0.500000
vt 0.500000 0.500000
vt 0.500000 0.500000
vt 0.500000 0.500000
vt 0.500000 0.500000
vt 0.634271 0.500000
vt 0.634271 0.500000
vt 0.631747 0.500000
vt 0.631748 0.500000
vt 0.632163 0.500000
vt 0.632163 0.500000
vt 0.634428 0.500000
vt 0.634428 0.500000
vt 0.636249 0.500000
vt 0.500000 0.500000
vt 0.639269 0.500000
vt 0.500000 0.500000
vt 0.638424 0.500000
vt 0.500000 0.500000
vt 0.636021 0.500000
vt 0.500000 0.500000
vt 0.500000 0.500000
vt 0.636249 0.500000
vt 0.500000 0.500000
vt 0.639269 0.500000
vt 0.500000 0.500000
vt 0.638424 0.500000
vt 0.500000 0.500000
vt 0.636021 0.500000
vt 0.635208 0.500000
vt 0.635208 0.500000
vt 0.633554 0.500000
vt 0.628753 0.500000
vt 0.593407 0.500000
vt 0.565138 0.500000
vt 0.500000 0.500000
vt 0.533802 0.500000
vt 0.500000 0.500000
vt 0.500000 0.500000
vt 0.533802 0.500000
vt 0.635208 0.500000
vt 0.635208 0.500000
vt 0.500000 0.500000
vt 0.635208 0.500000
vt 0.635208 0.500000
vt 0.500000 0.500000
vt 0.500000 0.500000
vt 0.565138 0.500000
vt 0.593407 0.500000
vt 0.628753 0.500000
vt 0.633554 0.500000
vt 0.635208 0.500000
vt 0.500000 0.500000
vt 0.500000 0.500000
vt 0.635208 0.500000
vt 0.500000 0.500000
vt 0.500000 0.500000
vt 0.500000 0.500000
vt 0.500000 0.500000
vt 0.635208 0.500000
vt 0.635208 0.500000
vt 0.500000 0.500000
vt 0.635208 0.500000
vt 0.635208 0.500000
vt 0.635208 0.500000
vt 0.635208 0.500000
vt 0.635208 0.500000
vt 0.635208 0.500000
vt 0.635208 0.500000
vt 0.635208 0.500000
vt 0.500000 0.500000
vt 0.500000 0.500000
vt 0.500000 0.500000
vt 0.500000 0.500000
vt 0.500000 0.500000
vt 0.500000 0.500000
vt 0.500000 0.500000
vt 0.500000 0.500000
vt 0.500000 0.500000
vt 0.500000 0.500000
vt 0.500000 0.500000
vt 0.500000 0.500000
vt 0.500000 0.500000
vt 0.634271 0.500000
vt 0.634271 0.500000
vt 0.631748 0.500000
vt 0.631747 0.500000
vt 0.632163 0.500000
vt 0.632163 0.500000
vt 0.634428 0.500000
vt 0.634428 0.500000
vt 0.500000 0.500000
vt 0.636249 0.500000
vt 0.500000 0.500000
vt 0.639269 0.500000
vt 0.500000 0.500000
vt 0.638424 0.500000
vt 0.500000 0.500000
vt 0.636021 0.500000
vt 0.636249 0.500000
vt 0.500000 0.500000
vt 0.639269 0.500000
vt 0.500000 0.500000
vt 0.638424 0.500000
vt 0.500000 0.500000
vt 0.636021 0.500000
vt 0.500000 0.500000
vt 0.635208 0.500000
vt 0.635208 0.500000
vt 0.500000 0.500000
vt 0.500000 0.500000
vt 0.635208 0.500000
vt 0.500000 0.500000
vt 0.500000 0.500000
vt 0.635208 0.500000
vt 0.635208 0.500000
vt 0.635208 0.500000
vt 0.500000 0.500000
vt 0.527042 0.500000
vt 0.635208 0.500000
vt 0.500000 0.500000
vt 0.500000 0.500000
vt 0.527042 0.500000
vt 0.560467 0.500000
vt 0.590621 0.500000
vt 0.628322 0.500000
vt 0.633444 0.500000
vt 0.635208 0.500000
vt 0.500000 0.500000
vt 0.633443 0.500000
vt 0.628322 0.500000
vt 0.590620 0.500000
vt 0.560467 0.500000
vt 0.500000 0.500000
vt 0.500000 0.500000
vt 0.500000 0.500000
vt 0.500000 0.500000
vt 0.635208 0.500000
vt 0.635208 0.500000
vt 0.500000 0.500000
vt 0.635208 0.500000
vt 0.635208 0.500000
vt 0.635208 0.500000
vt 0.635208 0.500000
vt 0.635208 0.500000
vt 0.635208 0.500000
vt 0.635208 0.500000
vt 0.635208 0.500000
vt 0.500000 0.500000
vt 0.500000 0.500000
vt 0.500000 0.500000
vt 0.500000 0.500000
vt 0.500000 0.500000
vt 0.500000 0.500000
vt 0.500000 0.500000
vt 0.500000 0.500000
vt 0.500000 0.500000
vt 0.500000 0.500000
vt 0.500000 0.500000
vt 0.500000 0.500000
vt 0.500000 0.500000
vt 0.634271 0.500000
vt 0.634271 0.500000
vt 0.631747 0.500000
vt 0.631748 0.500000
vt 0.632163 0.500000
vt 0.632163 0.500000
vt 0.634428 0.500000
vt 0.634428 0.500000
vt 0.636249 0.500000
vt 0.500000 0.500000
vt 0.639269 0.500000
vt 0.500000 0.500000
vt 0.638424 0.500000
vt 0.500000 0.500000
vt 0.636021 0.500000
vt 0.500000 0.500000
vt 0.500000 0.500000
vt 0.636249 0.500000
vt 0.500000 0.500000
vt 0.639269 0.500000
vt 0.500000 0.500000
vt 0.638424 0.500000
vt 0.500000 0.500000
vt 0.636021 0.500000
vt 0.635208 0.500000
vt 0.635208 0.500000
vt 0.633554 0.500000
vt 0.628753 0.500000
vt 0.593407 0.500000
vt 0.565138 0.500000
vt 0.500000 0.500000
vt 0.533802 0.500000
vt 0.500000 0.500000
vt 0.500000 0.500000
vt 0.533802 0.500000
vt 0.635208 0.500000
vt 0.635208 0.500000
vt 0.500000 0.500000
vt 0.635208 0.500000
vt 0.635208 0.500000
vt 0.500000 0.500000
vt 0.500000 0.500000
vt 0.565138 0.500000
vt 0.593407 0.500000
vt 0.628753 0.500000
vt 0.633554 0.500000
vt 0.635208 0.500000
vt 0.500000 0.500000
vt 0.500000 0.500000
vt 0.635208 0.500000
vt 0.500000 0.500000
vt 0.500000 0.500000
vt 0.500000 0.500000
vt 0.500000 0.500000
vt 0.635208 0.500000
vt 0.635208 0.500000
vt 0.500000 0.500000
vt 0.635208 0.500000
vt 0.635208 0.500000
vt 0.635208 0.500000
vt 0.635208 0.500000
vt 0.635208 0.500000
vt 0.635208 0.500000
vt 0.635208 0.500000
vt 0.635208 0.500000
vt 0.500000 0.500000
vt 0.500000 0.500000
vt 0.500000 0.500000
vt 0.500000 0.500000
vt 0.500000 0.500000
vt 0.500000 0.500000
vt 0.500000 0.500000
vt 0.500000 0.500000
vt 0.500000 0.500000
vt 0.500000 0.500000
vt 0.500000 0.500000
vt 0.500000 0.500000
vt 0.500000 0.500000
vt 0.634271 0.500000
vt 0.634271 0.500000
vt 0.631748 0.500000
vt 0.631747 0.500000
vt 0.632163 0.500000
vt 0.632163 0.500000
vt 0.634428 0.500000
vt 0.634428 0.500000
vt 0.500000 0.500000
vt 0.636249 0.500000
vt 0.500000 0.500000
vt 0.639269 0.500000
vt 0.500000 0.500000
vt 0.638424 0.500000
vt 0.500000 0.500000
vt 0.636021 0.500000
vt 0.636249 0.500000
vt 0.500000 0.500000
vt 0.639269 0.500000
vt 0.500000 0.500000
vt 0.638424 0.500000
vt 0.500000 0.500000
vt 0.636021 0.500000
vt 0.500000 0.500000
vt 0.635208 0.500000
vt 0.635208 0.500000
vt 0.500000 0.500000
vt 0.500000 0.500000
vt 0.635208 0.500000
vt 0.500000 0.500000
vt 0.500000 0.500000
vt 0.635208 0.500000
vt 0.635208 0.500000
vt 0.635208 0.500000
vt 0.500000 0.500000
vt 0.527042 0.500000
vt 0.635208 0.500000
vt 0.500000 0.500000
vt 0.500000 0.500000
vt 0.527042 0.500000
vt 0.560467 0.500000
vt 0.590620 0.500000
vt 0.628322 0.500000
vt 0.633444 0.500000
vt 0.635208 0.500000
vt 0.500000 0.500000
vt 0.633444 0.500000
vt 0.628322 0.500000
vt 0.590620 0.500000
vt 0.560467 0.500000
vt 0.500000 0.500000
vt 0.500000 0.500000
vt 0.500000 0.500000
vt 0.500000 0.500000
vt 0.635208 0.500000
vt 0.635208 0.500000
vt 0.500000 0.500000
vt 0.635208 0.500000
vt 0.635208 0.500000
vt 0.635208 0.500000
vt 0.635208 0.500000
vt 0.635208 0.500000
vt 0.635208 0.500000
vt 0.635208 0.500000
vt 0.635208 0.500000
vt 0.500000 0.500000
vt 0.500000 0.500000
vt 0.500000 0.500000
vt 0.500000 0.500000
vt 0.500000 0.500000
vt 0.500000 0.500000
vt 0.500000 0.500000
vt 0.500000 0.500000
vt 0.500000 0.500000
vt 0.500000 0.500000
vt 0.500000 0.500000
vt 0.500000 0.500000
vt 0.500000 0.500000
vt 0.634271 0.500000
vt 0.634271 0.500000
vt 0.631747 0.500000
vt 0.631748 0.500000
vt 0.632163 0.500000
vt 0.632163 0.500000
vt 0.634428 0.500000
vt 0.634428 0.500000
vt 0.636249 0.500000
vt 0.500000 0.500000
vt 0.639269 0.500000
vt 0.500000 0.500000
vt 0.638424 0.500000
vt 0.500000 0.500000
vt 0.636021 0.500000
vt 0.500000 0.500000
vt 0.500000 0.500000
vt 0.636249 0.500000
vt 0.500000 0.500000
vt 0.639269 0.500000
vt 0.500000 0.500000
vt 0.638424 0.500000
vt 0.500000 0.500000
vt 0.636021 0.500000
vt 0.635208 0.500000
vt 0.635208 0.500000
vt 0.633554 0.500000
vt 0.628752 0.500000
vt 0.593407 0.500000
vt 0.565138 0.500000
vt 0.500000 0.500000
vt 0.533802 0.500000
vt 0.500000 0.500000
vt 0.500000 0.500000
vt 0.533802 0.500000
vt 0.635208 0.500000
vt 0.635208 0.500000
vt 0.500000 0.500000
vt 0.635208 0.500000
vt 0.635208 0.500000
vt 0.500000 0.500000
vt 0.500000 0.500000
vt 0.565138 0.500000
vt 0.593407 0.500000
vt 0.628753 0.500000
vt 0.633554 0.500000
vt 0.635208 0.500000
vt 0.500000 0.500000
vt 0.500000 0.500000
vt 0.635208 0.500000
vt 0.500000 0.500000
vt 0.500000 0.500000
vt 0.500000 0.500000
vt 0.500000 0.500000
vt 0.635208 0.500000
vt 0.635208 0.500000
vt 0.500000 0.500000
vt 0.635208 0.500000
vt 0.635208 0.500000
vt 0.635208 0.500000
vt 0.635208 0.500000
vt 0.635208 0.500000
vt 0.635208 0.500000
vt 0.635208 0.500000
vt 0.635208 0.500000
vt 0.500000 0.500000
vt 0.500000 0.500000
vt 0.500000 0.500000
vt 0.500000 0.500000
vt 0.500000 0.500000
vt 0.500000 0.500000
vt 0.500000 0.500000
vt 0.500000 0.500000
vt 0.500000 0.500000
vt 0.500000 0.500000
vt 0.500000 0.500000
vt 0.500000 0.500000
vt 0.500000 0.500000
vt 0.634271 0.500000
vt 0.634271 0.500000
vt 0.631748 0.500000
vt 0.631747 0.500000
vt 0.632163 0.500000
vt 0.632163 0.500000
vt 0.634428 0.500000
vt 0.634428 0.500000
vt 0.500000 0.500000
vt 0.636249 0.500000
vt 0.500000 0.500000
vt 0.639269 0.500000
vt 0.500000 0.500000
vt 0.638424 0.500000
vt 0.500000 0.500000
vt 0.636021 0.500000
vt 0.636249 0.500000
vt 0.500000 0.500000
vt 0.639269 0.500000
vt 0.500000 0.500000
vt 0.638424 0.500000
vt 0.500000 0.500000
vt 0.636021 0.500000
vt 0.500000 0.500000
vt 0.635208 0.500000
vt 0.635208 0.500000
vt 0.500000 0.500000
vt 0.500000 0.500000
vt 0.635208 0.500000
vt 0.500000 0.500000
vt 0.500000 0.500000
vt 0.635208 0.500000
vt 0.635208 0.500000
vt 0.635208 0.500000
vt 0.500000 0.500000
vt 0.527042 0.500000
vt 0.635208 0.500000
vt 0.500000 0.500000
vt 0.500000 0.500000
vt 0.527042 0.500000
vt 0.560467 0.500000
vt 0.590620 0.500000
vt 0.628322 0.500000
vt 0.633444 0.500000
vt 0.635208 0.500000
vt 0.500000 0.500000
vt 0.633444 0.500000
vt 0.628322 0.500000
vt 0.590620 0.500000
vt 0.560467 0.500000
vt 0.500000 0.500000
vt 0.500000 0.500000
vt 0.500000 0.500000
vt 0.500000 0.500000
vt 0.635208 0.500000
vt 0.635208 0.500000
vt 0.500000 0.500000
vt 0.635208 0.500000
vt 0.635208 0.500000
vt 0.635208 0.500000
vt 0.635208 0.500000
vt 0.635208 0.500000
vt 0.635208 0.500000
vt 0.635208 0.500000
vt 0.635208 0.500000
vt 0.500000 0.500000
vt 0.500000 0.500000
vt 0.500000 0.500000
vt 0.500000 0.500000
vt 0.500000 0.500000
vt 0.500000 0.500000
vt 0.500000 0.500000
vt 0.500000 0.500000
vt 0.500000 0.500000
vt 0.500000 0.500000
vt 0.500000 0.500000
vt 0.500000 0.500000
vt 0.500000 0.500000
vt 0.634271 0.500000
vt 0.634271 0.500000
vt 0.631747 0.500000
vt 0.631748 0.500000
vt 0.632163 0.500000
vt 0.632163 0.500000
vt 0.634428 0.500000
vt 0.634428 0.500000
vt 0.636249 0.500000
vt 0.500000 0.500000
vt 0.639269 0.500000
vt 0.500000 0.500000
vt 0.638424 0.500000
vt 0.500000 0.500000
vt 0.636021 0.500000
vt 0.500000 0.500000
vt 0.500000 0.500000
vt 0.636249 0.500000
vt 0.500000 0.500000
vt 0.639269 0.500000
vt 0.500000 0.500000
vt 0.638424 0.500000
vt 0.500000 0.500000
vt 0.636021 0.500000
vt 0.635208 0.500000
vt 0.635208 0.500000
vt 0.633554 0.500000
vt 0.628753 0.500000
vt 0.593407 0.500000
vt 0.565138 0.500000
vt 0.500000 0.500000
vt 0.533802 0.500000
vt 0.500000 0.500000
vt 0.500000 0.500000
vt 0.533802 0.500000
vt 0.635208 0.500000
vt 0.635208 0.500000
vt 0.500000 0.500000
vt 0.635208 0.500000
vt 0.635208 0.500000
vt 0.500000 0.500000
vt 0.500000 0.500000
vt 0.565138 0.500000
vt 0.593407 0.500000
vt 0.628753 0.500000
vt 0.633554 0.500000
vt 0.635208 0.500000
vt 0.500000 0.500000
vt 0.500000 0.500000
vt 0.635208 0.500000
vt 0.500000 0.500000
vt 0.500000 0.500000
vt 0.500000 0.500000
vt 0.500000 0.500000
vt 0.635208 0.500000
vt 0.635208 0.500000
vt 0.500000 0.500000
vt 0.635208 0.500000
vt 0.635208 0.500000
vt 0.635208 0.500000
vt 0.635208 0.500000
vt 0.635208 0.500000
vt 0.635208 0.500000
vt 0.635208 0.500000
vt 0.635208 0.500000
vt 0.500000 0.500000
vt 0.500000 0.500000
vt 0.500000 0.500000
vt 0.500000 0.500000
vt 0.500000 0.500000
vt 0.500000 0.500000
vt 0.500000 0.500000
vt 0.500000 0.500000
vt 0.500000 0.500000
vt 0.500000 0.500000
vt 0.500000 0.500000
vt 0.500000 0.500000
vt 0.500000 0.500000
vt 0.634271 0.500000
vt 0.634271 0.500000
vt 0.631748 0.500000
vt 0.631747 0.500000
vt 0.632163 0.500000
vt 0.632163 0.500000
vt 0.634428 0.500000
vt 0.634428 0.500000
vt 0.500000 0.500000
vt 0.636249 0.500000
vt 0.500000 0.500000
vt 0.639269 0.500000
vt 0.500000 0.500000
vt 0.638424 0.500000
vt 0.500000 0.500000
vt 0.636021 0.500000
vt 0.636249 0.500000
vt 0.500000 0.500000
vt 0.639269 0.500000
vt 0.500000 0.500000
vt 0.638424 0.500000
vt 0.500000 0.500000
vt 0.636021 0.500000
vt 0.500000 0.500000
vt 0.635208 0.500000
vt 0.635208 0.500000
vt 0.500000 0.500000
vt 0.500000 0.500000
vt 0.635208 0.500000
vt 0.500000 0.500000
vt 0.500000 0.500000
vt 0.635208 0.500000
vt 0.635208 0.500000
vt 0.635208 0.500000
vt 0.500000 0.500000
vt 0.527042 0.500000
vt 0.635208 0.500000
vt 0.500000 0.500000
vt 0.500000 0.500000
vt 0.527042 0.500000
vt 0.560467 0.500000
vt 0.590620 0.500000
vt 0.628322 0.500000
vt 0.633444 0.500000
vt 0.635208 0.500000
vt 0.500000 0.500000
vt 0.633444 0.500000
vt 0.628322 0.500000
vt 0.590620 0.500000
vt 0.560467 0.500000
vt 0.500000 0.500000
vt 0.500000 0.500000
vt 0.500000 0.500000
vt 0.500000 0.500000
vt 0.635208 0.500000
vt 0.635208 0.500000
vt 0.500000 0.500000
vt 0.635208 0.500000
vt 0.635208 0.500000
vt 0.635208 0.500000
vt 0.635208 0.500000
vt 0.635208 0.500000
vt 0.635208 0.500000
vt 0.635208 0.500000
vt 0.635208 0.500000
vt 0.500000 0.500000
vt 0.500000 0.500000
vt 0.500000 0.500000
vt 0.500000 0.500000
vt 0.500000 0.500000
vt 0.500000 0.500000
vt 0.500000 0.500000
vt 0.500000 0.500000
vt 0.500000 0.500000
vt 0.500000 0.500000
vt 0.500000 0.500000
vt 0.500000 0.500000
vt 0.500000 0.500000
vt 0.634271 0.500000
vt 0.634271 0.500000
vt 0.631747 0.500000
vt 0.631748 0.500000
vt 0.632163 0.500000
vt 0.632163 0.500000
vt 0.634428 0.500000
vt 0.634428 0.500000
vt 0.636249 0.500000
vt 0.500000 0.500000
vt 0.639269 0.500000
vt 0.500000 0.500000
vt 0.638424 0.500000
vt 0.500000 0.500000
vt 0.636021 0.500000
vt 0.500000 0.500000
vt 0.500000 0.500000
vt 0.636249 0.500000
vt 0.500000 0.500000
vt 0.639269 0.500000
vt 0.500000 0.500000
vt 0.638424 0.500000
vt 0.500000 0.500000
vt 0.636021 0.500000
vt 0.635208 0.500000
vt 0.635208 0.500000
vt 0.633554 0.500000
vt 0.628753 0.500000
vt 0.593407 0.500000
vt 0.565138 0.500000
vt 0.500000 0.500000
vt 0.635208 0.500000
vt 0.635208 0.500000
vt 0.500000 0.500000
vt 0.635208 0.500000
vt 0.635208 0.500000
vt 0.500000 0.500000
vt 0.500000 0.500000
vt 0.565138 0.500000
vt 0.593407 0.500000
vt 0.628753 0.500000
vt 0.633554 0.500000
vt 0.635208 0.500000
vt 0.500000 0.500000
vt 0.500000 0.500000
vt 0.635208 0.500000
vt 0.500000 0.500000
vt 0.500000 0.500000
vt 0.500000 0.500000
vt 0.500000 0.500000
vt 0.635208 0.500000
vt 0.635208 0.500000
vt 0.500000 0.500000
vt 0.635208 0.500000
vt 0.635208 0.500000
vt 0.635208 0.500000
vt 0.635208 0.500000
vt 0.635208 0.500000
vt 0.635208 0.500000
vt 0.635208 0.500000
vt 0.635208 0.500000
vt 0.500000 0.500000
vt 0.500000 0.500000
vt 0.500000 0.500000
vt 0.500000 0.500000
vt 0.500000 0.500000
vt 0.500000 0.500000
vt 0.500000 0.500000
vt 0.500000 0.500000
vt 0.500000 0.500000
vt 0.500000 0.500000
vt 0.500000 0.500000
vt 0.500000 0.500000
vt 0.500000 0.500000
vt 0.634271 0.500000
vt 0.634271 0.500000
vt 0.631748 0.500000
vt 0.631747 0.500000
vt 0.632163 0.500000
vt 0.632163 0.500000
vt 0.634428 0.500000
vt 0.634428 0.500000
vt 0.500000 0.500000
vt 0.636249 0.500000
vt 0.500000 0.500000
vt 0.639269 0.500000
vt 0.500000 0.500000
vt 0.638424 0.500000
vt 0.500000 0.500000
vt 0.636021 0.500000
vt 0.636249 0.500000
vt 0.500000 0.500000
vt 0.639269 0.500000
vt 0.500000 0.500000
vt 0.638424 0.500000
vt 0.500000 0.500000
vt 0.636021 0.500000
vt 0.500000 0.500000
vt 0.635208 0.500000
vt 0.635208 0.500000
vt 0.500000 0.500000
vt 0.500000 0.500000
vt 0.635208 0.500000
vt 0.500000 0.500000
vt 0.500000 0.500000
vt 0.635208 0.500000
vt 0.635208 0.500000
vt 0.635208 0.500000
vt 0.500000 0.500000
vt 0.527042 0.500000
vt 0.500000 0.500000
vt 0.635208 0.500000
vt 0.635208 0.500000
vt 0.590620 0.500000
vt 0.560467 0.500000
vt 0.500000 0.500000
vt 0.500000 0.500000
vt 0.500000 0.500000
vt 0.500000 0.500000
vt 0.635208 0.500000
vt 0.635208 0.500000
vt 0.500000 0.500000
vt 0.635208 0.500000
vt 0.635208 0.500000
vt 0.635208 0.500000
vt 0.635208 0.500000
vt 0.635208 0.500000
vt 0.635208 0.500000
vt 0.635208 0.500000
vt 0.635208 0.500000
vt 0.500000 0.500000
vt 0.500000 0.500000
vt 0.500000 0.500000
vt 0.500000 0.500000
vt 0.500000 0.500000
vt 0.500000 0.500000
vt 0.500000 0.500000
vt 0.500000 0.500000
vt 0.500000 0.500000
vt 0.500000 0.500000
vt 0.500000 0.500000
vt 0.500000 0.500000
vt 0.500000 0.500000
vt 0.634271 0.500000
vt 0.634271 0.500000
vt 0.631747 0.500000
vt 0.631748 0.500000
vt 0.632163 0.500000
vt 0.632163 0.500000
vt 0.634428 0.500000
vt 0.634428 0.500000
vt 0.636249 0.500000
vt 0.500000 0.500000
vt 0.639269 0.500000
vt 0.500000 0.500000
vt 0.638424 0.500000
vt 0.500000 0.500000
vt 0.636021 0.500000
vt 0.500000 0.500000
vt 0.500000 0.500000
vt 0.636249 0.500000
vt 0.500000 0.500000
vt 0.639269 0.500000
vt 0.500000 0.500000
vt 0.638424 0.500000
vt 0.500000 0.500000
vt 0.636021 0.500000
vt 0.633443 0.500000
vt 0.628322 0.500000
vt 0.590620 0.500000
vt 0.560467 0.500000
vt 0.622317 0.500000
vt 0.622317 0.500000
vt 0.635208 0.500000
vt 0.770416 0.500000
vt 0.770416 0.500000
vt 0.736614 0.500000
vt 0.500000 0.500000
vt 0.500000 0.500000
vt 0.229584 0.500000
vt 0.229584 0.500000
vt 0.500000 0.500000
vt 0.500000 0.500000
vt 0.229584 0.500000
vt 0.229584 0.500000
vt 0.500000 0.500000
vt 0.229584 0.500000
vt 0.635208 0.500000
vt 0.770416 0.500000
vt 0.770416 0.500000
vt 0.770416 0.500000
vt 0.749498 0.500000
vt 0.749498 0.500000
vt 0.430179 0.750000
vt 0.360358 0.750000
vt 0.360358 0.500000
vt 0.430179 0.500000
vt 0.214120 1.000000
vt 0.214120 0.750000
vt 0.215830 0.750000
vt 0.215830 1.000000
vt 0.871913 0.750000
vt 0.805176 0.750000
vt 0.805176 0.500000
vt 0.871913 0.500000
vt 0.224498 1.000000
vt 0.220715 1.000000
vt 0.229378 1.000000
vt 0.500000 0.500000
vt 0.770622 0.500000
vt 0.779285 0.500000
vt 0.500000 0.500000
vt 0.297034 1.000000
vt 0.290536 1.000000
vt 0.137012 0.500000
vt 0.203514 0.500000
vt 0.194824 0.500000
vt 0.128087 0.500000
vt 0.862988 1.000000
vt 0.796486 1.000000
vt 0.805176 1.000000
vt 0.871913 1.000000
vt 0.128087 0.750000
vt 0.128087 1.000000
vt 0.000000 1.000000
vt 0.000000 0.750000
vt 0.137012 1.000000
vt 0.009375 1.000000
vt 0.862988 0.500000
vt 0.990625 0.500000
vt 1.000000 0.500000
vt 0.775502 1.000000
vt 0.770622 1.000000
vt 0.779285 1.000000
vt 0.784170 1.000000
vt 0.215830 0.750000
vt 0.215830 0.500000
vt 0.220715 0.500000
vt 0.220715 0.750000
vt 0.224498 0.500000
vt 0.229378 0.500000
vt 0.290536 0.750000
vt 0.220715 0.750000
vt 0.500000 1.000000
vt 0.500000 1.000000
vt 0.432345 0.500000
vt 0.775502 0.500000
vt 0.784170 0.500000
vt 0.784170 0.750000
vt 0.779285 0.750000
vt 0.796486 0.500000
vt 0.785880 0.500000
vt 0.777210 0.500000
vt 0.222790 0.500000
vt 0.214120 0.500000
vt 0.777210 1.000000
vt 0.785880 1.000000
vt 0.805176 0.750000
vt 0.785880 0.750000
vt 0.203514 1.000000
vt 0.194824 1.000000
vt 0.222790 1.000000
vt 0.194824 0.750000
vt 0.214120 0.750000
vt 0.430179 1.000000
vt 0.360358 1.000000
vt 0.360358 0.750000
vt 0.430179 0.750000
vt 0.871913 0.750000
vt 0.128087 0.750000
vt 0.000000 0.750000
vt 0.290536 0.750000
vt 0.784170 0.750000
vt 0.779285 0.750000
vt 0.500000 0.750000
vt 1.000000 0.750000
vt 1.000000 1.000000
vt 0.785880 0.750000
vt 0.194824 0.750000
vt 0.297034 0.500000
vt 0.364689 0.500000
vt 0.290536 0.500000
vt 0.432345 1.000000
vt 0.364689 1.000000
vt 0.500000 0.750000
vt 1.000000 0.750000
vt 0.990625 1.000000
vt 0.009375 0.500000
vt 0.000000 0.500000
vt 0.298895 0.688843
vt 0.298895 0.688843
vt 0.366774 0.700037
vt 0.366774 0.700037
vt 0.368378 0.687546
vt 0.368378 0.687546
vt 0.366774 0.700037
vt 0.366774 0.700037
vt 0.300984 0.673554
vt 0.298895 0.688843
vt 0.300984 0.673554
vt 0.298895 0.688843
vt 0.300984 0.673554
vt 0.300984 0.673554
vt 0.368378 0.687546
vt 0.368378 0.687546
vt 0.000000 0.000000
vt 0.000000 0.000000
vt 0.000000 0.000000
vt 0.000000 0.000000
vt 0.000000 0.000000
vt 0.000000 0.000000
vt 0.000000 0.000000
vt 0.000000 0.000000
vt 0.000000 0.000000
vt 0.000000 0.000000
vt 0.000000 0.000000
vt 0.000000 0.000000
vt 0.000000 0.000000
vt 0.000000 0.000000
vt 0.000000 0.000000
vt 0.000000 0.000000
vt 0.000000 0.000000
vt 0.000000 0.000000
vt 0.000000 0.000000
vt 0.000000 0.000000
vt 0.000000 0.000000
vt 0.000000 0.000000
vt 0.000000 0.000000
vt 0.000000 0.000000
vt 0.000000 0.000000
vt 0.000000 0.000000
vt 0.000000 0.000000
vt 0.000000 0.000000
vt 0.000000 0.000000
vt 0.000000 0.000000
vt 0.000000 0.000000
vt 0.000000 0.000000
vt 0.000000 0.000000
vt 0.000000 0.000000
vt 0.000000 0.000000
vt 0.000000 0.000000
vt 0.000000 0.000000
vt 0.000000 0.000000
vt 0.000000 0.000000
vt 0.000000 0.000000
vt 0.000000 0.000000
vt 0.000000 0.000000
vt 0.000000 0.000000
vt 0.000000 0.000000
vt 0.000000 0.000000
vt 0.000000 0.000000
vt 0.000000 0.000000
vt 0.000000 0.000000
vt 0.000000 0.000000
vt 0.000000 0.000000
vt 0.000000 0.000000
vt 0.000000 0.000000
vt 0.000000 0.000000
vt 0.000000 0.000000
vt 0.000000 0.000000
vt 0.000000 0.000000
vt 0.000000 0.000000
vt 0.000000 0.000000
vt 0.000000 0.000000
vt 0.000000 0.000000
vt 0.000000 0.000000
vt 0.000000 0.000000
vt 0.000000 0.000000
vt 0.000000 0.000000
vt 0.000000 0.000000
vt 0.000000 0.000000
vt 0.000000 0.000000
vt 0.000000 0.000000
vt 0.000000 0.000000
vt 0.000000 0.000000
vt 0.000000 0.000000
vt 0.000000 0.000000
vt 0.000000 0.000000
vt 0.000000 0.000000
vt 0.000000 0.000000
vt 0.000000 0.000000
vt 0.000000 0.000000
vt 0.000000 0.000000
vt 0.000000 0.000000
vt 0.000000 0.000000
vt 0.000000 0.000000
vt 0.000000 0.000000
vt 0.000000 0.000000
vt 0.000000 0.000000
vt 0.000000 0.000000
vt 0.000000 0.000000
vt 0.000000 0.000000
vt 0.000000 0.000000
vt 0.000000 0.000000
vt 0.000000 0.000000
vt 0.000000 0.000000
vt 0.000000 0.000000
vt 0.000000 0.000000
vt 0.000000 0.000000
vt 0.000000 0.000000
vt 0.000000 0.000000
vt 0.000000 0.000000
vt 0.000000 0.000000
vt 0.000000 0.000000
vt 0.000000 0.000000
vt 0.000000 0.000000
vt 0.000000 0.000000
vt 0.000000 0.000000
vt 0.000000 0.000000
vt 0.000000 0.000000
vt 0.000000 0.000000
vt 0.000000 0.000000
vt 0.000000 0.000000
vt 0.000000 0.000000
vt 0.000000 0.000000
vt 0.000000 0.000000
vt 0.000000 0.000000
vt 0.000000 0.000000
vt 0.000000 0.000000
vt 0.000000 0.000000
vt 0.000000 0.000000
vt 0.000000 0.000000
vt 0.000000 0.000000
vt 0.000000 0.000000
vt 0.000000 0.000000
vt 0.000000 0.000000
vt 0.000000 0.000000
vt 0.000000 0.000000
vt 0.000000 0.000000
vt 0.000000 0.000000
vt 0.000000 0.000000
vt 0.000000 0.000000
vt 0.000000 0.000000
vt 0.000000 0.000000
vt 0.000000 0.000000
vt 0.000000 0.000000
vt 0.000000 0.000000
vt 0.000000 0.000000
vt 0.000000 0.000000
vt 0.000000 0.000000
vt 0.000000 0.000000
vt 0.000000 0.000000
vt 0.000000 0.000000
vt 0.000000 0.000000
vt 0.000000 0.000000
vt 0.000000 0.000000
vt 0.000000 0.000000
vt 0.000000 0.000000
vt 0.000000 0.000000
vt 0.000000 0.000000
vt 0.000000 0.000000
vt 0.000000 0.000000
vt 0.000000 0.000000
vt 0.000000 0.000000
vt 0.000000 0.000000
vt 0.000000 0.000000
vt 0.000000 0.000000
vt 0.000000 0.000000
vt 0.000000 0.000000
vt 0.000000 0.000000
vt 0.000000 0.000000
vt 0.000000 0.000000
vt 0.000000 0.000000
vt 0.000000 0.000000
vt 0.000000 0.000000
vt 0.000000 0.000000
vt 0.000000 0.000000
vt 0.000000 0.000000
vt 0.000000 0.000000
vt 0.000000 0.000000
vt 0.000000 0.000000
vt 0.000000 0.000000
vt 0.000000 0.000000
vt 0.000000 0.000000
vt 0.000000 0.000000
vt 0.000000 0.000000
vt 0.000000 0.000000
vt 0.000000 0.000000
vt 0.000000 0.000000
vt 0.000000 0.000000
vt 0.000000 0.000000
vt 0.000000 0.000000
vt 0.000000 0.000000
vt 0.000000 0.000000
vt 0.000000 0.000000
vt 0.000000 0.000000
vt 0.000000 0.000000
vt 0.000000 0.000000
vt 0.000000 0.000000
vt 0.000000 0.000000
vt 0.000000 0.000000
vt 0.000000 0.000000
vt 0.000000 0.000000
vt 0.000000 0.000000
vt 0.000000 0.000000
vt 0.000000 0.000000
vt 0.000000 0.000000
vt 0.000000 0.000000
vt 0.000000 0.000000
vt 0.000000 0.000000
vt 0.000000 0.000000
vt 0.000000 0.000000
vt 0.000000 0.000000
vt 0.000000 0.000000
vt 0.000000 0.000000
vt 0.000000 0.000000
vt 0.000000 0.000000
vt 0.000000 0.000000
vt 0.000000 0.000000
vt 0.000000 0.000000
vt 0.000000 0.000000
vt 0.000000 0.000000
vt 0.000000 0.000000
vt 0.000000 0.000000
vt 0.000000 0.000000
vt 0.000000 0.000000
vt 0.000000 0.000000
vt 0.000000 0.000000
vt 0.000000 0.000000
vt 0.000000 0.000000
vt 0.000000 0.000000
vt 0.000000 0.000000
vt 0.000000 0.000000
vt 0.000000 0.000000
vt 0.000000 0.000000
vt 0.000000 0.000000
vt 0.000000 0.000000
vt 0.000000 0.000000
vt 0.000000 0.000000
vt 0.000000 0.000000
vt 0.000000 0.000000
vt 0.000000 0.000000
vt 0.000000 0.000000
vt 0.000000 0.000000
vt 0.000000 0.000000
vt 0.000000 0.000000
vt 0.000000 0.000000
vt 0.000000 0.000000
vt 0.000000 0.000000
vt 0.000000 0.000000
vt 0.000000 0.000000
vt 0.000000 0.000000
vt 0.000000 0.000000
vt 0.000000 0.000000
vt 0.000000 0.000000
vt 0.000000 0.000000
vt 0.000000 0.000000
vt 0.000000 0.000000
vt 0.000000 0.000000
vt 0.000000 0.000000
vt 0.000000 0.000000
vt 0.000000 0.000000
vt 0.000000 0.000000
vt 0.000000 0.000000
vt 0.000000 0.000000
vt 0.000000 0.000000
vt 0.000000 0.000000
vt 0.000000 0.000000
vt 0.000000 0.000000
vt 0.000000 0.000000
vt 0.000000 0.000000
vt 0.000000 0.000000
vt 0.000000 0.000000
vt 0.000000 0.000000
vt 0.000000 0.000000
vt 0.000000 0.000000
vt 0.000000 0.000000
vt 0.000000 0.000000
vt 0.000000 0.000000
vt 0.000000 0.000000
vt 0.000000 1.000000
vt 1.000000 1.000000
vt 1.000000 0.000000
vt 0.000000 0.000000
vt 1.000000 0.000000
vt 1.000000 1.000000
vt 0.000000 1.000000
vt 0.000000 0.000000
vt 0.000000 1.000000
vt 1.000000 1.000000
vt 1.000000 0.000000
vt 0.000000 0.000000
vt 1.000000 0.000000
vt 1.000000 1.000000
vt 0.000000 1.000000
vt 0.000000 0.000000
vt 0.000000 1.000000
vt 1.000000 1.000000
vt 1.000000 0.000000
vt 0.000000 0.000000
vt 1.000000 0.000000
vt 1.000000 1.000000
vt 0.000000 1.000000
vt 0.000000 0.000000
vt 0.000000 1.000000
vt 1.000000 1.000000
vt 1.000000 0.000000
vt 0.000000 0.000000
vt 1.000000 0.000000
vt 1.000000 1.000000
vt 0.000000 1.000000
vt 0.000000 0.000000
vt 0.000000 1.000000
vt 1.000000 1.000000
vt 1.000000 0.000000
vt 0.000000 0.000000
vt 1.000000 0.000000
vt 1.000000 1.000000
vt 0.000000 1.000000
vt 0.000000 0.000000
vt 0.000000 1.000000
vt 1.000000 1.000000
vt 1.000000 0.000000
vt 0.000000 0.000000
vt 1.000000 0.000000
vt 1.000000 1.000000
vt 0.000000 1.000000
vt 0.000000 0.000000
vt 0.000000 1.000000
vt 1.000000 1.000000
vt 1.000000 0.000000
vt 0.000000 0.000000
vt 1.000000 0.000000
vt 1.000000 1.000000
vt 0.000000 1.000000
vt 0.000000 0.000000
vt 0.000000 1.000000
vt 1.000000 1.000000
vt 1.000000 0.000000
vt 0.000000 0.000000
vt 1.000000 0.000000
vt 1.000000 1.000000
vt 0.000000 1.000000
vt 0.000000 0.000000
vt 0.000000 1.000000
vt 1.000000 1.000000
vt 1.000000 0.000000
vt 0.000000 0.000000
vt 1.000000 0.000000
vt 1.000000 1.000000
vt 0.000000 1.000000
vt 0.000000 0.000000
vt 0.000000 1.000000
vt 1.000000 1.000000
vt 1.000000 0.000000
vt 0.000000 0.000000
vt 1.000000 0.000000
vt 1.000000 1.000000
vt 0.000000 1.000000
vt 0.000000 0.000000
vt 0.000000 1.000000
vt 1.000000 1.000000
vt 1.000000 0.000000
vt 0.000000 0.000000
vt 1.000000 0.000000
vt 1.000000 1.000000
vt 0.000000 1.000000
vt 0.000000 0.000000
vt 0.000000 1.000000
vt 1.000000 1.000000
vt 1.000000 0.000000
vt 0.000000 0.000000
vt 1.000000 0.000000
vt 1.000000 1.000000
vt 0.000000 1.000000
vt 0.000000 0.000000
vt 0.000000 1.000000
vt 1.000000 1.000000
vt 1.000000 0.000000
vt 0.000000 0.000000
vt 1.000000 0.000000
vt 1.000000 1.000000
vt 0.000000 1.000000
vt 0.000000 0.000000
vt 0.000000 1.000000
vt 1.000000 1.000000
vt 1.000000 0.000000
vt 0.000000 0.000000
vt 1.000000 0.000000
vt 1.000000 1.000000
vt 0.000000 1.000000
vt 0.000000 0.000000
vt 0.000000 1.000000
vt 1.000000 1.000000
vt 1.000000 0.000000
vt 0.000000 0.000000
vt 1.000000 0.000000
vt 1.000000 1.000000
vt 0.000000 1.000000
vt 0.000000 0.000000
vt 0.000000 1.000000
vt 1.000000 1.000000
vt 1.000000 0.000000
vt 0.000000 0.000000
vt 1.000000 0.000000
vt 1.000000 1.000000
vt 0.000000 1.000000
vt 0.000000 0.000000
vt 0.000000 1.000000
vt 1.000000 1.000000
vt 1.000000 0.000000
vt 0.000000 0.000000
vt 1.000000 0.000000
vt 1.000000 1.000000
vt 0.000000 1.000000
vt 0.000000 0.000000
vt 0.000000 1.000000
vt 1.000000 1.000000
vt 1.000000 0.000000
vt 0.000000 0.000000
vt 1.000000 0.000000
vt 1.000000 1.000000
vt 0.000000 1.000000
vt 0.000000 0.000000
vt 0.000000 1.000000
vt 1.000000 1.000000
vt 1.000000 0.000000
vt 0.000000 0.000000
vt 1.000000 0.000000
vt 1.000000 1.000000
vt 0.000000 1.000000
vt 0.000000 0.000000
vt 0.000000 1.000000
vt 1.000000 1.000000
vt 1.000000 0.000000
vt 0.000000 0.000000
vt 1.000000 0.000000
vt 1.000000 1.000000
vt 0.000000 1.000000
vt 0.000000 0.000000
vt 0.000000 1.000000
vt 1.000000 1.000000
vt 1.000000 0.000000
vt 0.000000 0.000000
vt 1.000000 0.000000
vt 1.000000 1.000000
vt 0.000000 1.000000
vt 0.000000 0.000000
vt 0.000000 1.000000
vt 1.000000 1.000000
vt 1.000000 0.000000
vt 0.000000 0.000000
vt 1.000000 0.000000
vt 1.000000 1.000000
vt 0.000000 1.000000
vt 0.000000 0.000000
vt 0.000000 0.000000
vt 0.000000 0.000000
vt 0.000000 0.000000
vt 0.000000 0.000000
vt 0.000000 0.000000
vt 0.000000 0.000000
vt 0.000000 0.000000
vt 0.000000 0.000000
vt 0.000000 0.000000
vt 0.000000 0.000000
vt 0.000000 0.000000
vt 0.000000 0.000000
vt 0.000000 0.000000
vt 0.000000 0.000000
vt 0.000000 0.000000
vt 0.000000 0.000000
vt 0.000000 0.000000
vt 0.000000 0.000000
vt 0.000000 0.000000
vt 0.000000 0.000000
vt 0.000000 0.000000
vt 0.000000 0.000000
vt 0.000000 0.000000
vt 0.000000 0.000000
vt 0.000000 0.000000
vt 0.000000 0.000000
vt 0.000000 0.000000
vt 0.000000 0.000000
vt 0.000000 0.000000
vt 0.000000 0.000000
vt 0.000000 0.000000
vt 0.000000 0.000000
vt 0.000000 0.000000
vt 0.000000 0.000000
vt 0.000000 0.000000
vt 0.000000 0.000000
vt 0.000000 0.000000
vt 0.000000 0.000000
vt 0.000000 0.000000
vt 0.000000 0.000000
vt 0.000000 0.000000
vt 0.000000 0.000000
vt 0.000000 0.000000
vt 0.000000 0.000000
vt 0.000000 0.000000
vt 0.000000 0.000000
vt 0.000000 0.000000
vt 0.000000 0.000000
vt 0.000000 0.000000
vt 0.000000 0.000000
vt 0.000000 0.000000
vt 0.000000 0.000000
vt 0.000000 0.000000
vt 0.000000 0.000000
vt 0.000000 0.000000
vt 0.000000 0.000000
vt 0.000000 0.000000
vt 0.000000 0.000000
vt 0.000000 0.000000
vt 0.000000 0.000000
vt 0.000000 0.000000
vt 0.000000 0.000000
vt 0.000000 0.000000
vt 0.000000 0.000000
vt 0.000000 0.000000
vt 0.000000 0.000000
vt 0.000000 0.000000
vt 0.000000 0.000000
vt 0.000000 0.000000
vt 0.000000 0.000000
vt 0.000000 0.000000
vt 0.000000 0.000000
vt 0.000000 0.000000
vt 0.000000 0.000000
vt 0.000000 0.000000
vt 0.000000 0.000000
vt 0.000000 0.000000
vt 0.000000 0.000000
vt 0.000000 0.000000
vt 0.000000 0.000000
vt 0.000000 0.000000
vt 0.000000 0.000000
vt 0.000000 0.000000
vt 0.000000 0.000000
vt 0.000000 0.000000
vt 0.000000 0.000000
vt 0.000000 0.000000
vt 0.000000 0.000000
vt 0.000000 0.000000
vt 0.000000 0.000000
vt 0.000000 0.000000
vt 0.000000 0.000000
vt 0.000000 0.000000
vt 0.000000 0.000000
vt 0.000000 0.000000
vt 0.000000 0.000000
vt 0.000000 0.000000
vt 0.000000 0.000000
vt 0.000000 0.000000
vt 0.000000 0.000000
vt 0.000000 0.000000
vt 0.000000 0.000000
vt 0.000000 0.000000
vt 0.000000 0.000000
vt 0.000000 0.000000
vt 0.000000 0.000000
vt 0.000000 0.000000
vt 0.000000 0.000000
vt 0.000000 0.000000
vt 0.000000 0.000000
vt 0.000000 0.000000
vt 0.500000 1.000000
vt 0.744633 1.000000
vt 0.744633 1.000000
vt 0.500000 1.000000
vt 0.836215 1.000000
vt 0.962500 1.000000
vt 0.962500 1.000000
vt 0.836215 1.000000
vt 0.751201 1.000000
vt 0.770416 1.000000
vt 0.770416 1.000000
vt 0.751201 1.000000
vt 0.250502 1.000000
vt 0.255367 1.000000
vt 0.255367 1.000000
vt 0.250502 1.000000
vt 0.561158 1.000000
vt 0.500000 1.000000
vt 0.316525 1.000000
vt 0.500000 1.000000
vt 0.752161 1.000000
vt 0.846875 1.000000
vt 0.163785 1.000000
vt 0.500000 1.000000
vt 0.500000 1.000000
vt 0.037500 1.000000
vt 0.562374 1.000000
vt 0.163785 1.000000
vt 0.229584 1.000000
vt 0.229584 1.000000
vt 0.438842 1.000000
vt 0.438842 1.000000
vt 0.567604 1.000000
vt 0.500000 1.000000
vt 0.500000 1.000000
vt 0.562800 1.000000
vt 0.248799 1.000000
vt 0.562800 0.500000
vt 0.500000 0.500000
vt 0.248799 1.000000
vt 0.749498 1.000000
vt 0.749498 1.000000
vt 0.248799 0.500000
vt 0.719801 0.500000
vt 0.751201 0.500000
vt 0.751201 0.500000
vt 0.719801 0.500000
vt 0.562800 0.500000
vt 0.500000 0.500000
vt 0.248799 0.500000
vt 0.316525 0.500000
vt 0.255367 0.500000
vt 0.255367 0.500000
vt 0.316525 0.500000
vt 0.836215 0.500000
vt 0.770416 0.500000
vt 0.770416 0.500000
vt 0.836215 0.500000
vt 0.744633 0.500000
vt 0.500000 0.500000
vt 0.500000 0.500000
vt 0.744633 0.500000
vt 0.749498 0.500000
vt 0.749498 0.500000
vt 0.248799 0.500000
vt 0.229584 0.500000
vt 0.229584 0.500000
vt 0.248799 0.500000
vt 0.163785 0.500000
vt 0.037500 0.500000
vt 0.037500 0.500000
vt 0.163785 0.500000
vt 0.250502 0.500000
vt 0.250502 0.500000
vt 0.751201 0.500000
vt 0.751201 0.500000
vt 0.751201 0.500000
vt 0.749498 0.500000
vt 0.749498 0.500000
vt 0.751201 0.500000
vt 0.770416 0.500000
vt 0.770416 0.500000
vt 0.744633 0.500000
vt 0.744633 0.500000
vt 0.207859 0.500000
vt 0.227125 0.500000
vt 0.227125 0.500000
vt 0.207859 0.500000
vt 0.009375 0.500000
vt 0.137012 0.500000
vt 0.500000 0.500000
vt 0.766290 0.500000
vt 0.766290 0.500000
vt 0.500000 0.500000
vt 0.775502 0.500000
vt 0.777210 0.500000
vt 0.772875 0.500000
vt 0.792141 0.500000
vt 0.792141 0.500000
vt 0.772875 0.500000
vt 0.770622 0.500000
vt 0.500000 0.500000
vt 0.141474 0.500000
vt 0.203514 0.500000
vt 0.858526 0.500000
vt 0.985937 0.500000
vt 0.990625 0.500000
vt 0.862989 0.500000
vt 0.228832 0.500000
vt 0.233710 0.500000
vt 0.229378 0.500000
vt 0.224498 0.500000
vt 0.433427 0.500000
vt 0.432345 0.500000
vt 0.771168 0.500000
vt 0.796486 0.500000
vt 0.222790 0.500000
vt 0.771168 0.500000
vt 0.297034 0.500000
vt 0.433427 0.500000
vt 0.228832 0.500000
vt 0.233710 0.500000
vt 0.141474 0.500000
vt 0.962500 0.500000
vt 0.985937 0.500000
vt 0.858526 0.500000
vt 0.438842 0.500000
vt 0.777210 1.000000
vt 0.775502 1.000000
vt 0.772875 1.000000
vt 0.771168 1.000000
vt 0.771168 1.000000
vt 0.772875 1.000000
vt 0.300282 1.000000
vt 0.233710 1.000000
vt 0.233710 1.000000
vt 0.300282 1.000000
vt 0.990625 1.000000
vt 0.862989 1.000000
vt 0.224498 1.000000
vt 0.222790 1.000000
vt 0.227125 1.000000
vt 0.207859 1.000000
vt 0.207859 1.000000
vt 0.227125 1.000000
vt 0.203514 1.000000
vt 0.137012 1.000000
vt 0.792141 1.000000
vt 0.792141 1.000000
vt 0.770622 1.000000
vt 0.228832 1.000000
vt 0.229378 1.000000
vt 0.297034 1.000000
vt 0.858526 1.000000
vt 0.796486 1.000000
vt 0.141474 1.000000
vt 0.014062 1.000000
vt 0.009375 1.000000
vt 0.766291 1.000000
vt 0.500000 1.000000
vt 0.500000 1.000000
vt 0.228832 1.000000
vt 0.766291 1.000000
vt 0.500000 1.000000
vt 0.141474 1.000000
vt 0.014062 1.000000
vt 0.316525 1.000000
vt 0.858526 1.000000
vt 0.037500 1.000000
vt 0.432345 1.000000
vt 0.364689 1.000000
vt 0.377683 1.000000
vt 0.366855 1.000000
vt 0.433427 1.000000
vt 0.433427 1.000000
vt 0.366855 1.000000
vt 0.377683 0.500000
vt 0.366855 0.500000
vt 0.300282 0.500000
vt 0.366855 0.500000
vt 0.300282 0.500000
vt 0.364689 0.500000
vt 0.377683 0.500000
vt 0.438842 0.500000
vt 0.625600 0.500000
vt 0.625600 0.500000
vt 0.688401 1.000000
vt 0.625600 1.000000
vt 0.624749 1.000000
vt 0.687124 1.000000
vt 0.702812 1.000000
vt 0.635208 1.000000
vt 0.377683 1.000000
vt 0.622317 1.000000
vt 0.683475 1.000000
vt 0.584054 1.000000
vt 0.668107 1.000000
vt 0.731250 1.000000
vt 0.615625 1.000000
vt 0.985937 1.000000
vt 0.985937 1.000000
vt 0.014062 0.500000
vt 0.014062 0.500000
vt 0.962500 0.500000
vt 0.323970 0.505372
vt 0.323970 0.505372
vt 0.386023 0.550147
vt 0.386023 0.550147
vt 0.875000 0.750000
vt 0.875000 1.000000
vt 1.000000 1.000000
vt 1.000000 0.750000
vt 0.867969 1.000000
vt 0.990625 1.000000
vt 0.875000 0.000000
vt 0.875000 0.500000
vt 1.000000 0.500000
vt 1.000000 0.000000
vt 0.000000 0.000000
vt 0.000000 0.500000
vt 0.500000 0.500000
vt 0.500000 0.000000
vt 0.009375 1.000000
vt 0.500000 1.000000
vt 0.500000 1.000000
vt 0.000000 1.000000
vt 0.009375 1.000000
vt 0.000000 1.000000
vt 0.500000 0.000000
vt 0.000000 0.000000
vt 0.037500 1.000000
vt 0.037500 1.000000
vt 0.500000 1.000000
vt 0.500000 1.000000
vt 0.009375 1.000000
vt 0.009375 1.000000
vt 0.000000 1.000000
vt 0.000000 1.000000
vt 0.846875 1.000000
vt 0.846875 1.000000
vt 0.962500 1.000000
vt 0.962500 1.000000
vt 0.990625 1.000000
vt 1.000000 1.000000
vt 1.000000 0.000000
vt 0.875000 0.000000
vt 1.000000 0.500000
vt 0.000000 0.750000
vt 0.500000 0.750000
vt 0.000000 0.500000
vt 0.000000 0.750000
vt 0.000000 0.750000
vt 0.000000 0.000000
vt 0.500000 0.000000
vt 0.500000 0.000000
vt 0.000000 0.000000
vt 0.037500 1.000000
vt 0.037500 1.000000
vt 0.500000 1.000000
vt 0.500000 1.000000
vt 0.846875 1.000000
vt 0.846875 1.000000
vt 0.962500 1.000000
vt 0.962500 1.000000
vt 0.990625 1.000000
vt 0.990625 1.000000
vt 1.000000 1.000000
vt 1.000000 1.000000
vt 0.875000 0.000000
vt 1.000000 0.000000
vt 1.000000 0.000000
vt 0.875000 0.000000
vt 1.000000 0.500000
vt 1.000000 0.500000
vt 1.000000 0.750000
vt 0.000000 0.500000
vt 0.000000 0.500000
vt 0.000000 0.750000
vt 0.000000 0.750000
vt 0.985937 1.000000
vt 0.985937 1.000000
vt 0.625000 0.000000
vt 0.625000 0.000000
vt 1.000000 0.750000
vt 1.000000 0.750000
vt 0.000000 0.750000
vt 0.000000 0.750000
vt 1.000000 0.750000
vt 1.000000 0.750000
vt 0.014062 1.000000
vt 0.014062 1.000000
vt 0.009375 1.000000
vt 0.014062 1.000000
vt 0.009375 1.000000
vt 0.985937 1.000000
vt 0.985938 1.000000
vt 0.014062 1.000000
vt 0.014062 1.000000
vt 0.014062 1.000000
vt 0.500000 1.000000
vt 0.864453 1.000000
vt 0.875000 0.750000
vt 1.000000 0.750000
vt 0.500000 0.750000
vt 0.000000 0.750000
vt 1.000000 0.750000
vt 0.625000 0.750000
vt 0.625000 1.000000
vt 0.750000 1.000000
vt 0.750000 0.750000
vt 0.615625 1.000000
vt 0.731250 1.000000
vt 0.742969 1.000000
vt 0.621484 1.000000
vt 0.745313 1.000000
vt 0.622656 1.000000
vt 0.750000 0.000000
vt 0.750000 0.000000
vt 0.615625 1.000000
vt 0.731250 1.000000
vt 0.731250 1.000000
vt 0.615625 1.000000
vt 0.750000 0.000000
vt 0.625000 0.000000
vt 0.615625 1.000000
vt 0.731250 1.000000
vt 0.625000 0.000000
vt 0.750000 0.000000
vt 0.625000 0.500000
vt 0.750000 0.500000
vt 0.625000 0.750000
vt 0.750000 0.750000
vt 0.000000 0.500000
vt 0.000000 0.000000
vt 0.000000 0.000000
vt 1.000000 0.750000
vt 1.000000 1.000000
vt 1.000000 0.000000
vt 1.000000 0.500000
vt 1.000000 0.000000
vt 0.875000 0.000000
vt 0.875000 0.000000
vt 0.000000 0.750000
vt 0.500000 0.014062
vt 0.009375 0.014062
vt 0.500000 0.000000
vt 0.990625 1.000000
vt 0.500000 0.500000
vt 0.255367 0.500000
vt 0.990625 0.014062
vt 0.561158 0.500000
vt 0.561158 0.500000
vt 0.500000 0.500000
vt 0.500000 0.500000
vt 0.255367 0.500000
vt 0.255367 0.500000
vt 0.500000 0.500000
vt 0.037500 0.056250
vt 0.500000 0.056250
vt 0.846875 0.500000
vt 0.962500 0.500000
vt 0.962500 0.500000
vt 0.846875 0.500000
vt 0.500000 1.000000
vt 0.846875 1.000000
vt 0.846875 1.000000
vt 0.962500 1.000000
vt 0.037500 1.000000
vt 0.500000 1.000000
vt 0.037500 0.500000
vt 0.500000 0.500000
vt 0.500000 0.500000
vt 0.037500 0.500000
vt 0.615625 0.500000
vt 0.615625 0.056250
vt 0.561158 0.500000
vt 0.622656 0.014062
vt 0.625000 0.000000
vt 0.500000 0.000000
vt 0.615625 1.000000
vt 0.037500 0.500000
vt 0.500000 0.500000
vt 0.561158 0.500000
vt 0.500000 0.500000
vt 0.846875 0.500000
vt 0.962500 0.500000
vt 0.255367 0.500000
vt 0.009375 1.000000
vt 0.000000 1.000000
vt 0.615625 1.000000
vt 0.014062 1.000000
vt 0.500000 0.500000
vt 0.846875 0.500000
vt 0.846875 0.500000
vt 0.621484 0.021094
vt 0.500000 0.021094
vt 0.985937 0.021094
vt 0.014062 0.021094
vt 0.962500 0.056250
vt 0.985937 1.000000
vt 0.037500 0.500000
vt 0.037500 0.500000
vt 0.500000 0.500000
vt 0.500000 0.500000
vt 1.000000 0.750000
vt 0.000000 0.750000
vt 0.037500 0.500000
vt 0.037500 0.500000
vt 0.500000 0.500000
vt 0.500000 0.500000
vt 0.846875 0.500000
vt 0.846875 0.500000
vt 0.962500 0.500000
vt 0.962500 0.500000
vt 0.962500 0.500000
vt 0.846875 0.500000
vt 0.846875 0.500000
vt 0.962500 0.500000
vt 0.846875 0.056250
vt 0.731250 0.056250
vt 0.742969 0.021094
vt 0.864453 0.021094
vt 0.745313 0.014062
vt 0.867969 0.014062
vt 0.731250 0.500000
vt 0.731250 0.500000
vt 0.615625 0.500000
vt 0.731250 0.500000
vt 0.615625 0.500000
vt 0.750000 0.000000
vt 0.625000 0.000000
vt 0.731250 1.000000
vt 0.615625 0.500000
vt 0.615625 0.500000
vt 0.731250 0.500000
vt 0.731250 0.500000
vt 0.714054 0.500000
vt 0.714054 0.500000
vt 0.622317 0.500000
vt 0.622317 0.500000
vt 0.731250 1.000000
vt 0.750000 0.000000
vt 0.714054 0.500000
vt 0.622317 0.500000
vt 0.561158 0.500000
vt 0.500000 0.500000
vt 0.255367 0.500000
vt 0.744633 0.500000
vt 0.744633 0.500000
vt 0.714054 0.500000
vt 0.846875 0.500000
vt 0.962500 0.500000
vt 0.846875 0.500000
vt 0.846875 0.500000
vt 0.962500 0.500000
vt 0.962500 0.500000
vt 0.561158 0.500000
vt 0.561158 0.500000
vt 0.500000 0.500000
vt 0.500000 0.500000
vt 0.255367 0.500000
vt 0.255367 0.500000
vt 0.500000 0.500000
vt 0.731250 0.500000
vt 0.731250 0.500000
vt 0.037500 0.500000
vt 0.037500 0.500000
vt 0.500000 0.500000
vt 0.037500 0.500000
vt 0.500000 0.500000
vt 0.731250 0.500000
vt 0.731250 0.500000
vt 0.622317 0.500000
vt 0.561158 0.500000
vt 0.500000 0.500000
vt 0.255367 0.500000
vt 0.731250 0.500000
vt 0.731250 0.500000
vt 0.731250 0.500000
vt 0.744633 0.500000
vt 0.744633 0.500000
vt 0.836215 0.500000
vt 0.770416 0.500000
vt 0.836215 0.500000
vt 0.316525 0.500000
vt 0.255367 0.500000
vt 0.316525 0.500000
vt 0.836215 0.500000
vt 0.836215 0.500000
vt 0.500000 0.500000
vt 0.500000 0.500000
vt 0.248799 0.500000
vt 0.229584 0.500000
vt 0.163785 0.500000
vt 0.163785 0.500000
vt 0.500000 0.500000
vt 0.133542 0.500000
vt 0.316525 0.500000
vt 0.500000 0.500000
vt 0.500000 0.500000
vt 0.500000 0.500000
vt 0.500000 0.500000
vt 0.316525 0.500000
vt 0.500000 0.500000
vt 0.163785 0.500000
vt 0.250502 0.500000
vt 0.751201 0.500000
vt 0.749498 0.500000
vt 0.255367 0.500000
vt 0.250502 0.500000
vt 0.250502 0.500000
vt 0.255367 0.500000
vt 0.770416 0.500000
vt 0.248799 0.500000
vt 0.248799 0.500000
vt 0.163785 0.500000
vt 0.037500 0.500000
vt 0.037500 0.500000
vt 0.163785 0.500000
vt 0.229584 0.500000
vt 0.229584 0.500000
vt 0.744633 0.500000
vt 0.500000 0.500000
vt 0.500000 0.500000
vt 0.836215 0.500000
vt 0.836215 0.500000
vt 0.316525 0.500000
vt 0.316525 0.500000
vt 0.962500 0.500000
vt 0.962500 0.500000
vt 0.438842 0.500000
vt 0.500000 0.500000
vt 0.133542 0.500000
vt 0.500000 0.500000
vt 0.500000 0.500000
vt 0.500000 0.500000
vt 0.826625 0.500000
vt 0.826625 0.500000
vt 0.836215 0.500000
vt 0.500000 0.500000
vt 0.133542 0.500000
vt 0.500000 0.500000
vt 0.133542 0.500000
vt 0.836215 0.500000
vt 0.744633 0.500000
vt 0.744633 0.500000
vt 0.770416 0.500000
vt 0.770416 0.500000
vt 0.500000 0.500000
vt 0.133542 0.500000
vt 0.500000 0.500000
vt 0.133542 0.500000
vt 0.133542 0.500000
vt 0.500000 0.500000
vt 0.500000 0.500000
vt 0.500000 0.500000
vt 0.500000 0.500000
vt 0.443012 0.525074
vt 0.377683 0.500000
vt 0.438842 0.500000
vt 0.377683 0.500000
vt 0.438842 0.500000
vt 0.377683 0.500000
vt 0.377683 0.500000
vt 0.438842 0.500000
vt 0.438842 0.500000
vt 0.377683 0.500000
vt 0.377683 0.500000
vt 0.752161 0.500000
vt 0.702812 0.500000
vt 0.668107 0.500000
vt 0.438842 0.500000
vt 0.377683 0.500000
vt 0.683475 0.500000
vt 0.377683 0.500000
vt 0.438842 0.500000
vt 0.316525 0.500000
vt 0.500000 0.500000
vt 0.500000 0.500000
vt 0.438842 0.500000
vt 0.377683 0.500000
vt 0.500000 0.500000
vt 0.500000 0.500000
vt 0.500000 0.500000
vt 0.500000 0.500000
vt 0.500000 0.500000
vt 0.500000 0.500000
vt 0.500000 0.500000
vt 0.500000 0.500000
vt 0.500000 0.500000
vt 0.500000 0.500000
vt 0.500000 0.500000
vt 0.500000 0.500000
vt 0.500000 0.500000
vt 0.500000 0.500000
vt 0.744633 0.500000
vt 0.836215 0.500000
vt 0.836215 0.500000
vt 0.500000 0.500000
vt 0.500000 0.500000
vt 0.500000 0.500000
vt 0.316525 0.500000
vt 0.316525 0.500000
vt 0.500000 0.500000
vt 0.500000 0.500000
vt 0.443012 0.525074
vt 0.500000 0.500000
vt 0.500000 0.500000
vt 0.500000 0.500000
vt 0.791745 0.500000
vt 0.791745 0.500000
vt 0.683229 0.500000
vt 0.683229 0.500000
vt 0.000000 0.000000
vt 0.000000 0.000000
vt 0.000000 0.000000
vt 0.000000 0.000000
vt 0.000000 0.000000
vt 0.000000 0.000000
vt 0.000000 0.000000
vt 0.000000 0.000000
vt 0.000000 0.000000
vt 0.000000 0.000000
vt 0.000000 0.000000
vt 0.000000 0.000000
vt 0.000000 0.000000
vt 0.000000 0.000000
vt 0.000000 0.000000
vt 0.000000 0.000000
vt 0.000000 0.000000
vt 0.000000 0.000000
vt 0.000000 0.000000
vt 0.000000 0.000000
vt 0.000000 0.000000
vt 0.000000 0.000000
vt 0.000000 0.000000
vt 0.000000 0.000000
vt 0.000000 0.000000
vt 0.000000 0.000000
vt 0.000000 0.000000
vt 0.000000 0.000000
vt 0.000000 0.000000
vt 0.000000 0.000000
vt 0.000000 0.000000
vt 0.000000 0.000000
vt 0.000000 0.000000
vt 0.000000 0.000000
vt 0.000000 0.000000
vt 0.000000 0.000000
vt 0.000000 0.000000
vt 0.000000 0.000000
vt 0.000000 0.000000
vt 0.000000 0.000000
vt 0.000000 0.000000
vt 0.000000 0.000000
vt 0.000000 0.000000
vn 0.0000 0.0000 -1.0000
vn 0.0000 0.0000 1.0000
vn 1.0000 0.0000 0.0000
vn -1.0000 0.0000 0.0000
vn 0.0000 1.0000 0.0000
vn 0.0000 -1.0000 0.0000
vn 0.0000 -0.8694 -0.4942
vn 0.0000 0.8694 0.4942
vn 0.0000 -0.8686 -0.4954
vn 0.0000 -0.9406 -0.3394
vn 0.0000 -0.8683 -0.4961
vn 0.0000 -0.9668 -0.2556
vn 0.0000 -0.9919 -0.1267
vn 0.0000 -0.8654 -0.5011
vn 0.0000 -0.8645 -0.5026
vn 0.0000 -0.8658 -0.5003
vn 0.0000 0.8645 0.5026
vn 0.0000 0.8658 0.5003
vn 0.0000 0.8683 0.4961
vn 0.0000 0.9668 0.2556
vn 0.0000 0.9919 0.1267
vn 0.9985 0.0000 0.0539
vn 0.7917 0.0000 0.6110
vn 0.7917 0.0000 0.6109
vn 0.8484 0.0000 0.5294
vn 0.9047 0.0000 0.4261
vn 0.9479 -0.0000 0.3187
vn 0.9827 -0.0000 0.1850
vn 0.9985 0.0000 -0.0539
vn 0.7917 0.0000 -0.6109
vn 0.8484 0.0000 -0.5294
vn 0.9047 0.0000 -0.4261
vn 0.9479 0.0000 -0.3187
vn 0.9827 0.0000 -0.1850
vn 0.9952 0.0000 0.0976
vn 0.0630 0.0000 0.9980
vn 0.9282 0.0000 0.3721
vn 0.7441 0.0000 0.6681
vn 0.5063 0.0000 0.8624
vn 0.2537 0.0000 0.9673
vn 0.7441 0.0000 0.6680
vn -0.8850 0.4656 0.0000
vn 0.8850 0.4656 0.0000
vn -0.9708 0.2398 0.0000
vn 0.9708 0.2398 0.0000
vn 0.9872 0.1593 0.0000
vn -0.9872 0.1593 0.0000
vn 0.3218 0.9468 0.0000
vn -0.2887 -0.9574 0.0000
vn 0.8953 -0.4454 -0.0121
vn 0.8953 -0.4454 0.0121
vn 0.8950 -0.4459 0.0125
vn 0.8950 -0.4459 -0.0125
vn 0.8841 -0.4672 -0.0121
vn 0.8841 -0.4671 -0.0125
vn 0.8841 -0.4672 0.0121
vn 0.8841 -0.4671 0.0125
vn -0.8841 0.4672 0.0121
vn -0.8841 0.4672 -0.0121
vn -0.8841 0.4671 -0.0125
vn -0.8841 0.4671 0.0125
vn -0.8953 0.4454 -0.0121
vn -0.8950 0.4459 -0.0125
vn -0.8953 0.4454 0.0121
vn -0.8950 0.4459 0.0125
vn 0.8857 -0.4642 0.0000
vn 0.8848 0.4660 0.0000
vn -0.8854 -0.4648 0.0000
vn 0.8749 0.4843 0.0000
vn -0.8750 0.4841 0.0000
vn 0.8842 -0.4672 0.0000
vn -0.8842 0.4672 0.0000
vn 0.3203 0.9473 0.0000
vn -0.3203 -0.9473 0.0000
vn 0.8893 0.4574 0.0000
vn -0.8893 -0.4574 0.0000
vn -0.3127 0.9499 0.0000
vn 0.3127 -0.9499 -0.0000
vn -0.8850 0.4657 0.0000
vn 0.8850 0.4657 0.0000
vn 0.0001 -1.0000 0.0000
vn -0.0001 1.0000 0.0000
vn -0.8850 -0.4656 0.0000
vn -0.8845 -0.4665 0.0000
vn -0.8820 -0.4713 0.0000
vn -0.8841 -0.4673 0.0000
vn -0.8831 -0.4693 0.0000
vn 0.8841 -0.4673 0.0000
vn 0.8845 -0.4665 0.0000
vn 0.8820 -0.4713 0.0000
vn 0.8831 -0.4693 0.0000
vn 0.8850 -0.4657 0.0000
vn -0.8850 -0.4657 0.0000
vn -0.8843 0.4670 0.0000
vn -0.8847 0.4662 0.0000
vn 0.8843 -0.4670 0.0000
vn 0.8848 0.4659 0.0000
vn -0.8848 -0.4660 0.0000
vn 0.8847 0.4662 0.0000
vn 0.8843 0.4670 0.0000
vn -0.8843 -0.4670 0.0000
vn 0.8848 -0.4660 0.0000
vn 0.8849 -0.4658 0.0000
vn 0.8850 -0.4656 0.0000
vn -0.8849 -0.4658 0.0000
vn -0.8848 0.4659 0.0000
vn -0.8839 0.4677 0.0000
vn 0.8839 0.4677 0.0000
vn -0.1092 0.9940 0.0000
vn 0.1092 0.9940 0.0000
vn -0.8827 -0.4699 0.0000
vn 0.8847 -0.4662 0.0000
vn -0.8847 -0.4662 0.0000
vn 0.8827 -0.4699 0.0000
vn 0.3236 0.9462 0.0000
vn -0.3236 0.9462 0.0000
vn -0.0017 -1.0000 0.0000
vn 0.8820 0.4713 0.0000
vn -0.8820 0.4713 0.0000
vn -0.8820 0.4712 0.0000
vn 0.8820 0.4712 0.0000
usemtl stair
s off
f 2970/1/1 2972/2/1 2973/3/1 2971/4/1
f 2975/5/2 2976/6/2 2977/7/2 2974/8/2
f 2971/4/3 2973/3/3 2977/7/3 2976/6/3
f 2972/2/4 2970/1/4 2975/5/4 2974/8/4
f 2973/3/5 2972/2/5 2974/8/5 2977/7/5
f 2970/1/6 2971/4/6 2976/6/6 2975/5/6
f 2994/9/1 2996/10/1 2997/11/1 2995/12/1
f 2999/13/2 3000/14/2 3001/15/2 2998/16/2
f 2995/12/3 2997/11/3 3001/15/3 3000/14/3
f 2996/10/4 2994/9/4 2999/13/4 2998/16/4
f 2997/11/5 2996/10/5 2998/16/5 3001/15/5
f 2994/9/6 2995/12/6 3000/14/6 2999/13/6
f 3018/17/1 3020/18/1 3021/19/1 3019/20/1
f 3023/21/2 3024/22/2 3025/23/2 3022/24/2
f 3019/20/3 3021/19/3 3025/23/3 3024/22/3
f 3020/18/4 3018/17/4 3023/21/4 3022/24/4
f 3021/19/5 3020/18/5 3022/24/5 3025/23/5
f 3018/17/6 3019/20/6 3024/22/6 3023/21/6
f 3042/25/1 3044/26/1 3045/27/1 3043/28/1
f 3047/29/2 3048/30/2 3049/31/2 3046/32/2
f 3043/28/3 3045/27/3 3049/31/3 3048/30/3
f 3044/26/4 3042/25/4 3047/29/4 3046/32/4
f 3045/27/5 3044/26/5 3046/32/5 3049/31/5
f 3042/25/6 3043/28/6 3048/30/6 3047/29/6
f 3066/33/1 3068/34/1 3069/35/1 3067/36/1
f 3071/37/2 3072/38/2 3073/39/2 3070/40/2
f 3067/36/3 3069/35/3 3073/39/3 3072/38/3
f 3068/34/4 3066/33/4 3071/37/4 3070/40/4
f 3069/35/5 3068/34/5 3070/40/5 3073/39/5
f 3066/33/6 3067/36/6 3072/38/6 3071/37/6
f 3090/41/1 3092/42/1 3093/43/1 3091/44/1
f 3095/45/2 3096/46/2 3097/47/2 3094/48/2
f 3091/44/3 3093/43/3 3097/47/3 3096/46/3
f 3092/42/4 3090/41/4 3095/45/4 3094/48/4
f 3093/43/5 3092/42/5 3094/48/5 3097/47/5
f 3090/41/6 3091/44/6 3096/46/6 3095/45/6
f 3114/49/1 3116/50/1 3117/51/1 3115/52/1
f 3119/53/2 3120/54/2 3121/55/2 3118/56/2
f 3115/52/3 3117/51/3 3121/55/3 3120/54/3
f 3116/50/4 3114/49/4 3119/53/4 3118/56/4
f 3117/51/5 3116/50/5 3118/56/5 3121/55/5
f 3114/49/6 3115/52/6 3120/54/6 3119/53/6
f 3138/57/1 3140/58/1 3141/59/1 3139/60/1
f 3143/61/2 3144/62/2 3145/63/2 3142/64/2
f 3139/60/3 3141/59/3 3145/63/3 3144/62/3
f 3140/58/4 3138/57/4 3143/61/4 3142/64/4
f 3141/59/5 3140/58/5 3142/64/5 3145/63/5
f 3138/57/6 3139/60/6 3144/62/6 3143/61/6
f 3162/65/1 3164/66/1 3165/67/1 3163/68/1
f 3167/69/2 3168/70/2 3169/71/2 3166/72/2
f 3163/68/3 3165/67/3 3169/71/3 3168/70/3
f 3164/66/4 3162/65/4 3167/69/4 3166/72/4
f 3165/67/5 3164/66/5 3166/72/5 3169/71/5
f 3162/65/6 3163/68/6 3168/70/6 3167/69/6
f 3186/73/1 3188/74/1 3189/75/1 3187/76/1
f 3191/77/2 3192/78/2 3193/79/2 3190/80/2
f 3187/76/3 3189/75/3 3193/79/3 3192/78/3
f 3188/74/4 3186/73/4 3191/77/4 3190/80/4
f 3189/75/5 3188/74/5 3190/80/5 3193/79/5
f 3186/73/6 3187/76/6 3192/78/6 3191/77/6
f 3210/81/1 3212/82/1 3213/83/1 3211/84/1
f 3215/85/2 3216/86/2 3217/87/2 3214/88/2
f 3211/84/3 3213/83/3 3217/87/3 3216/86/3
f 3212/82/4 3210/81/4 3215/85/4 3214/88/4
f 3213/83/5 3212/82/5 3214/88/5 3217/87/5
f 3210/81/6 3211/84/6 3216/86/6 3215/85/6
s 1
f 53/89/5 54/90/5 56/91/5 55/92/5
f 70/93/6 69/94/6 72/95/6 71/96/6
f 54/90/1 71/96/1 72/95/1 56/91/1
f 55/92/2 69/94/2 70/93/2 53/89/2
f 56/91/4 72/95/4 69/94/4 55/92/4
f 53/89/3 70/93/3 71/96/3 54/90/3
f 77/97/4 73/98/4 76/99/4 78/100/4
f 80/101/5 79/102/5 77/97/5 78/100/5
f 79/102/1 74/103/1 73/98/1 77/97/1
f 80/101/3 75/104/3 74/103/3 79/102/3
f 75/104/6 76/99/6 73/98/6 74/103/6
f 78/100/2 76/99/2 75/104/2 80/101/2
f 85/105/4 81/106/4 84/107/4 86/108/4
f 88/109/5 87/110/5 85/105/5 86/108/5
f 87/110/1 82/111/1 81/106/1 85/105/1
f 88/109/3 83/112/3 82/111/3 87/110/3
f 83/112/6 84/107/6 81/106/6 82/111/6
f 86/108/2 84/107/2 83/112/2 88/109/2
f 99/113/4 96/114/4 91/115/4 92/116/4
f 90/117/7 98/118/7 99/113/7 92/116/7
f 102/119/2 101/120/2 100/121/2 103/122/2
f 101/120/8 111/123/8 94/124/8 100/121/8
f 89/125/1 90/117/1 92/116/1 91/115/1
f 102/119/3 93/126/3 111/123/3 101/120/3
f 93/126/7 102/119/7 103/122/7 95/127/7
f 111/123/1 93/126/1 95/127/1 94/124/1
f 103/122/4 100/121/4 94/124/4 95/127/4
f 98/118/3 90/117/3 89/125/3 97/128/3
f 100/121/2 101/120/2 108/129/2 109/130/2
f 101/120/3 105/131/3 106/132/3 108/129/3
f 105/131/1 104/133/1 107/134/1 106/132/1
f 104/133/4 100/121/4 109/130/4 107/134/4
f 115/135/4 113/136/4 182/137/4 212/138/4
f 114/139/1 115/135/1 212/138/1 110/140/1
f 112/141/3 114/139/3 110/140/3 181/142/3
f 113/136/2 112/141/2 181/142/2 182/137/2
f 118/143/2 119/144/2 221/145/2 225/146/2
f 119/144/3 117/147/3 222/148/3 221/145/3
f 117/147/1 116/149/1 226/150/1 222/148/1
f 116/149/4 118/143/4 225/146/4 226/150/4
f 122/151/2 123/152/2 125/153/2 235/154/2
f 123/152/3 121/155/3 124/156/3 125/153/3
f 121/155/1 120/157/1 236/158/1 124/156/1
f 120/157/4 122/151/4 235/154/4 236/158/4
f 129/159/2 130/160/2 239/161/2 243/162/2
f 130/160/3 128/163/3 240/164/3 239/161/3
f 128/163/1 127/165/1 244/166/1 240/164/1
f 127/165/4 129/159/4 243/162/4 244/166/4
f 134/167/2 135/168/2 248/169/2 251/170/2
f 135/168/3 133/171/3 136/172/3 248/169/3
f 133/171/1 132/173/1 137/174/1 136/172/1
f 132/173/4 134/167/4 251/170/4 137/174/4
f 142/175/2 143/176/2 256/177/2 260/178/2
f 143/176/3 141/179/3 144/180/3 256/177/3
f 141/179/1 140/181/1 145/182/1 144/180/1
f 140/181/4 142/175/4 260/178/4 145/182/4
f 149/183/2 150/184/2 266/185/2 270/186/2
f 150/184/3 148/187/3 267/188/3 266/185/3
f 148/187/1 147/189/1 271/190/1 267/188/1
f 147/189/4 149/183/4 270/186/4 271/190/4
f 157/191/2 158/192/2 257/193/2 161/194/2
f 158/192/3 156/195/3 159/196/3 257/193/3
f 156/195/1 155/197/1 160/198/1 159/196/1
f 155/197/4 157/191/4 161/194/4 160/198/4
f 207/199/4 209/200/4 284/201/4 288/202/4
f 164/203/2 165/204/2 231/205/2 230/206/2
f 165/204/3 163/207/3 211/208/3 231/205/3
f 163/207/1 162/209/1 166/210/1 211/208/1
f 162/209/4 164/203/4 230/206/4 166/210/4
f 208/211/1 207/199/1 288/202/1 289/212/1
f 169/213/2 170/214/2 154/215/2 153/216/2
f 170/214/3 168/217/3 146/218/3 154/215/3
f 168/217/1 167/219/1 171/220/1 146/218/1
f 167/219/4 169/213/4 153/216/4 171/220/4
f 210/221/3 208/211/3 289/212/3 283/222/3
f 174/223/2 175/224/2 177/225/2 126/226/2
f 175/224/3 173/227/3 176/228/3 177/225/3
f 173/227/1 172/229/1 281/230/1 176/228/1
f 172/229/4 174/223/4 126/226/4 281/230/4
f 209/200/2 210/221/2 283/222/2 284/201/2
f 106/132/9 107/134/9 188/231/7 187/232/7
f 184/233/7 185/234/7 191/235/7 190/236/7
f 188/231/2 191/235/2 185/234/2 187/232/2
f 186/237/7 189/238/7 182/137/10 181/142/10
f 186/237/1 184/233/1 190/236/1 189/238/1
f 189/238/4 190/236/4 191/235/4 188/231/4
f 187/232/3 185/234/3 184/233/3 186/237/3
f 187/232/7 195/239/7 192/240/11 106/132/9
f 181/142/10 193/241/12 194/242/7 186/237/7
f 186/237/7 194/242/7 195/239/7 187/232/7
f 107/134/9 201/243/11 197/244/7 188/231/7
f 189/238/7 198/245/7 196/246/13 182/137/10
f 188/231/7 197/244/7 198/245/7 189/238/7
f 108/129/14 199/247/15 200/248/15 109/130/14
f 200/248/15 203/249/15 202/250/16 109/130/14
f 109/130/14 202/250/16 201/243/11 107/134/9
f 108/129/14 205/251/16 206/252/15 199/247/15
f 106/132/9 192/240/11 205/251/16 108/129/14
f 196/246/13 214/253/6 212/138/6 182/137/10
f 181/142/10 110/140/6 213/254/6 193/241/12
f 214/253/6 219/255/6 217/256/6 212/138/6
f 110/140/6 215/257/6 218/258/6 213/254/6
f 110/140/6 212/138/6 217/256/6 215/257/6
f 220/259/6 224/260/6 221/145/6 196/246/13
f 214/253/6 222/148/6 223/261/6 219/255/6
f 196/246/13 221/145/6 222/148/6 214/253/6
f 224/260/6 228/262/6 225/146/6 221/145/6
f 222/148/6 226/150/6 227/263/6 223/261/6
f 228/262/6 234/264/6 125/153/6 225/146/6
f 226/150/6 124/156/6 233/265/6 227/263/6
f 226/150/6 225/146/6 125/153/6 124/156/6
f 234/264/6 238/266/6 235/154/6 125/153/6
f 124/156/6 236/158/6 237/267/6 233/265/6
f 238/266/6 242/268/6 239/161/6 235/154/6
f 236/158/6 240/164/6 241/269/6 237/267/6
f 236/158/6 235/154/6 239/161/6 240/164/6
f 242/268/6 246/270/6 243/162/6 239/161/6
f 240/164/6 244/166/6 245/271/6 241/269/6
f 246/270/6 250/272/6 248/169/6 243/162/6
f 244/166/6 136/172/6 249/273/6 245/271/6
f 244/166/6 243/162/6 248/169/6 136/172/6
f 250/272/6 254/274/6 251/170/6 248/169/6
f 136/172/6 137/174/6 253/275/6 249/273/6
f 254/274/6 259/276/6 256/177/6 251/170/6
f 137/174/6 144/180/6 258/277/6 253/275/6
f 137/174/6 251/170/6 256/177/6 144/180/6
f 259/276/6 263/278/6 260/178/6 256/177/6
f 144/180/6 145/182/6 262/279/6 258/277/6
f 277/280/6 269/281/6 266/185/6 275/282/6
f 264/283/6 267/188/6 268/284/6 265/285/6
f 264/283/6 275/282/6 266/185/6 267/188/6
f 269/281/6 273/286/6 270/186/6 266/185/6
f 267/188/6 271/190/6 272/287/6 268/284/6
f 273/286/6 279/288/6 276/289/6 270/186/6
f 271/190/6 274/290/6 278/291/6 272/287/6
f 271/190/6 270/186/6 276/289/6 274/290/6
f 145/182/6 260/178/6 275/282/6 264/283/6
f 145/182/6 264/283/6 265/285/6 262/279/6
f 263/278/6 277/280/6 275/282/6 260/178/6
f 278/291/6 255/292/6 161/194/6 272/287/6
f 272/287/6 161/194/6 257/193/6 268/284/6
f 268/284/6 257/193/6 261/293/6 265/285/6
f 257/193/6 159/196/6 247/294/6 261/293/6
f 255/292/6 252/295/6 160/198/6 161/194/6
f 252/295/6 229/296/6 230/206/6 160/198/6
f 159/196/6 231/205/6 232/297/6 247/294/6
f 159/196/6 160/198/6 230/206/6 231/205/6
f 231/205/6 211/208/6 204/298/6 232/297/6
f 229/296/6 216/299/6 166/210/6 230/206/6
f 216/299/6 152/300/6 153/216/6 166/210/6
f 211/208/6 154/215/6 183/301/6 204/298/6
f 211/208/6 166/210/6 153/216/6 154/215/6
f 154/215/6 146/218/6 139/302/6 183/301/6
f 152/300/6 151/303/6 171/220/6 153/216/6
f 151/303/6 131/304/6 126/226/6 171/220/6
f 146/218/6 177/225/6 138/305/6 139/302/6
f 146/218/6 171/220/6 126/226/6 177/225/6
f 177/225/6 176/228/6 282/306/6 138/305/6
f 131/304/6 280/307/6 281/230/6 126/226/6
f 176/228/6 283/222/6 286/308/6 282/306/6
f 280/307/6 285/309/6 284/201/6 281/230/6
f 176/228/6 281/230/6 284/201/6 283/222/6
f 283/222/6 289/212/6 290/310/6 286/308/6
f 285/309/6 287/311/6 288/202/6 284/201/6
f 289/212/6 291/312/6 294/313/6 290/310/6
f 287/311/6 293/314/6 292/315/6 288/202/6
f 289/212/6 288/202/6 292/315/6 291/312/6
f 234/264/2 380/316/2 385/317/2 238/266/2
f 183/301/3 300/318/3 397/319/3 204/298/3
f 193/241/3 368/320/3 364/321/3 194/242/3
f 229/296/4 318/322/4 312/323/4 216/299/4
f 196/246/3 303/324/3 315/325/3 220/259/3
f 195/239/3 302/326/3 301/327/3 192/240/3
f 255/292/4 329/328/4 424/329/4 252/295/4
f 282/306/3 352/330/3 296/331/3 138/305/3
f 204/298/3 397/319/3 319/332/3 232/297/3
f 201/243/4 355/333/4 359/334/4 197/244/4
f 131/304/4 295/335/4 369/336/4 280/307/4
f 237/267/1 321/337/1 320/338/1 233/265/1
f 192/240/3 301/327/3 308/339/3 205/251/3
f 138/305/3 296/331/3 297/340/3 139/302/3
f 250/272/2 327/341/2 402/342/2 254/274/2
f 247/294/3 416/343/3 331/344/3 261/293/3
f 215/257/1 217/256/1 348/345/1 311/346/1
f 220/259/2 315/325/2 317/347/2 224/260/2
f 215/257/1 311/346/1 313/348/1 218/258/1
f 197/244/4 359/334/4 363/349/4 198/245/4
f 253/275/1 400/350/1 395/351/1 249/273/1
f 151/303/4 298/352/4 295/335/4 131/304/4
f 238/266/2 385/317/2 388/353/2 242/268/2
f 269/281/2 335/354/2 336/355/2 273/286/2
f 198/245/4 363/349/4 303/324/4 196/246/4
f 223/261/1 316/356/1 314/357/1 219/255/1
f 286/308/3 342/358/3 352/330/3 282/306/3
f 280/307/4 369/336/4 341/359/4 285/309/4
f 241/269/1 323/360/1 321/337/1 237/267/1
f 254/274/2 402/342/2 330/361/2 259/276/2
f 224/260/2 317/347/2 377/362/2 228/262/2
f 261/293/3 331/344/3 413/363/3 265/285/3
f 279/288/4 340/364/4 338/365/4 276/289/4
f 199/247/2 304/366/2 305/367/2 200/248/2
f 258/277/1 405/368/1 400/350/1 253/275/1
f 227/263/1 375/369/1 316/356/1 223/261/1
f 273/286/2 336/355/2 340/364/2 279/288/2
f 242/268/2 388/353/2 325/370/2 246/270/2
f 232/297/3 319/332/3 416/343/3 247/294/3
f 265/285/1 413/363/1 332/371/1 262/279/1
f 202/250/4 351/372/4 355/333/4 201/243/4
f 278/291/4 426/373/4 329/328/4 255/292/4
f 290/310/3 344/374/3 342/358/3 286/308/3
f 216/299/4 312/323/4 299/375/4 152/300/4
f 213/254/3 310/376/3 368/320/3 193/241/3
f 203/249/4 307/377/4 351/372/4 202/250/4
f 285/309/4 341/359/4 343/378/4 287/311/4
f 245/271/1 391/379/1 323/360/1 241/269/1
f 228/262/2 377/362/2 380/316/2 234/264/2
f 200/248/2 305/367/2 307/377/2 203/249/2
f 259/276/2 330/361/2 410/380/2 263/278/2
f 277/280/2 339/381/2 335/354/2 269/281/2
f 291/312/1 292/315/1 346/382/1 322/383/1
f 219/255/1 314/357/1 348/345/1 217/256/1
f 293/314/1 347/384/1 346/382/1 292/315/1
f 252/295/4 424/329/4 318/322/4 229/296/4
f 233/265/1 320/338/1 375/369/1 227/263/1
f 152/300/4 299/375/4 298/352/4 151/303/4
f 262/279/1 332/371/1 405/368/1 258/277/1
f 291/312/1 322/383/1 324/385/1 294/313/1
f 246/270/2 325/370/2 327/341/2 250/272/2
f 274/290/4 276/289/4 338/365/4 337/386/4
f 205/251/3 308/339/3 309/387/3 206/252/3
f 274/290/4 337/386/4 426/373/4 278/291/4
f 294/313/3 324/385/3 344/374/3 290/310/3
f 218/258/3 313/348/3 310/376/3 213/254/3
f 206/252/2 309/387/2 304/366/2 199/247/2
f 287/311/4 343/378/4 347/384/4 293/314/4
f 249/273/1 395/351/1 391/379/1 245/271/1
f 139/302/3 297/340/3 300/318/3 183/301/3
f 194/242/3 364/321/3 302/326/3 195/239/3
f 263/278/2 410/380/2 339/381/2 277/280/2
f 309/387/17 308/339/18 349/388/18 304/366/17
f 305/367/17 350/389/18 351/372/18 307/377/17
f 304/366/17 349/388/18 350/389/18 305/367/17
f 308/339/18 301/327/19 353/390/19 349/388/18
f 350/389/18 354/391/19 355/333/19 351/372/18
f 349/388/18 353/390/19 354/391/19 350/389/18
f 301/327/19 302/326/8 357/392/8 353/390/19
f 354/391/19 358/393/8 359/334/8 355/333/19
f 353/390/19 357/392/8 358/393/8 354/391/19
f 302/326/8 364/321/8 361/394/8 357/392/8
f 358/393/8 362/395/8 363/349/8 359/334/8
f 357/392/8 361/394/8 362/395/8 358/393/8
f 364/321/8 368/320/20 365/396/20 361/394/8
f 362/395/8 366/397/20 303/324/21 363/349/8
f 361/394/8 365/396/20 366/397/20 362/395/8
f 310/376/5 367/398/5 365/396/20 368/320/20
f 313/348/5 311/346/5 367/398/5 310/376/5
f 311/346/5 348/345/5 345/399/5 367/398/5
f 367/398/5 345/399/5 366/397/20 365/396/20
f 345/399/5 306/400/5 303/324/21 366/397/20
f 348/345/5 314/357/5 306/400/5 345/399/5
f 314/357/5 316/356/5 371/401/5 306/400/5
f 306/400/5 371/401/5 370/402/5 303/324/21
f 303/324/21 370/402/5 317/347/5 315/325/5
f 316/356/5 375/369/5 376/403/5 371/401/5
f 371/401/5 376/403/5 373/404/5 370/402/5
f 370/402/5 373/404/5 377/362/5 317/347/5
f 375/369/5 320/338/5 379/405/5 376/403/5
f 376/403/5 379/405/5 378/406/5 373/404/5
f 373/404/5 378/406/5 380/316/5 377/362/5
f 320/338/5 321/337/5 384/407/5 379/405/5
f 379/405/5 384/407/5 382/408/5 378/406/5
f 378/406/5 382/408/5 385/317/5 380/316/5
f 321/337/5 323/360/5 387/409/5 384/407/5
f 384/407/5 387/409/5 386/410/5 382/408/5
f 382/408/5 386/410/5 388/353/5 385/317/5
f 323/360/5 391/379/5 392/411/5 387/409/5
f 387/409/5 392/411/5 389/412/5 386/410/5
f 386/410/5 389/412/5 325/370/5 388/353/5
f 391/379/5 395/351/5 396/413/5 392/411/5
f 392/411/5 396/413/5 394/414/5 389/412/5
f 389/412/5 394/414/5 327/341/5 325/370/5
f 395/351/5 400/350/5 401/415/5 396/413/5
f 396/413/5 401/415/5 399/416/5 394/414/5
f 394/414/5 399/416/5 402/342/5 327/341/5
f 400/350/5 405/368/5 406/417/5 401/415/5
f 401/415/5 406/417/5 403/418/5 399/416/5
f 399/416/5 403/418/5 330/361/5 402/342/5
f 405/368/5 332/371/5 409/419/5 406/417/5
f 406/417/5 409/419/5 407/420/5 403/418/5
f 403/418/5 407/420/5 410/380/5 330/361/5
f 332/371/5 413/363/5 414/421/5 409/419/5
f 409/419/5 414/421/5 412/422/5 407/420/5
f 407/420/5 412/422/5 339/381/5 410/380/5
f 413/363/5 417/423/5 418/424/5 414/421/5
f 414/421/5 418/424/5 415/425/5 412/422/5
f 412/422/5 415/425/5 335/354/5 339/381/5
f 417/423/5 422/426/5 423/427/5 418/424/5
f 418/424/5 423/427/5 420/428/5 415/425/5
f 415/425/5 420/428/5 336/355/5 335/354/5
f 422/426/5 426/373/5 337/386/5 423/427/5
f 423/427/5 337/386/5 338/365/5 420/428/5
f 420/428/5 338/365/5 340/364/5 336/355/5
f 422/426/5 425/429/5 329/328/5 426/373/5
f 417/423/5 427/430/5 425/429/5 422/426/5
f 413/363/5 331/344/5 427/430/5 417/423/5
f 331/344/5 416/343/5 419/431/5 427/430/5
f 427/430/5 419/431/5 421/432/5 425/429/5
f 425/429/5 421/432/5 424/329/5 329/328/5
f 421/432/5 408/433/5 318/322/5 424/329/5
f 419/431/5 411/434/5 408/433/5 421/432/5
f 416/343/5 319/332/5 411/434/5 419/431/5
f 319/332/5 397/319/5 398/435/5 411/434/5
f 411/434/5 398/435/5 404/436/5 408/433/5
f 408/433/5 404/436/5 312/323/5 318/322/5
f 404/436/5 390/437/5 299/375/5 312/323/5
f 398/435/5 393/438/5 390/437/5 404/436/5
f 397/319/5 300/318/5 393/438/5 398/435/5
f 300/318/5 297/340/5 381/439/5 393/438/5
f 393/438/5 381/439/5 383/440/5 390/437/5
f 390/437/5 383/440/5 298/352/5 299/375/5
f 383/440/5 372/441/5 295/335/5 298/352/5
f 381/439/5 374/442/5 372/441/5 383/440/5
f 297/340/5 296/331/5 374/442/5 381/439/5
f 296/331/5 352/330/5 356/443/5 374/442/5
f 374/442/5 356/443/5 360/444/5 372/441/5
f 372/441/5 360/444/5 369/336/5 295/335/5
f 360/444/5 333/445/5 341/359/5 369/336/5
f 356/443/5 334/446/5 333/445/5 360/444/5
f 352/330/5 342/358/5 334/446/5 356/443/5
f 342/358/5 344/374/5 326/447/5 334/446/5
f 334/446/5 326/447/5 328/448/5 333/445/5
f 333/445/5 328/448/5 343/378/5 341/359/5
f 328/448/5 346/382/5 347/384/5 343/378/5
f 326/447/5 322/383/5 346/382/5 328/448/5
f 344/374/5 324/385/5 322/383/5 326/447/5
f 99/113/2 98/118/2 97/128/2 96/114/2
f 96/114/8 97/128/8 89/125/8 91/115/8
f 441/449/2 431/450/2 772/451/2 768/452/2
f 781/453/5 784/454/5 757/455/5 783/456/5
f 431/450/3 432/457/3 771/458/3 772/451/3
f 782/459/5 774/460/5 784/454/5 781/453/5
f 97/128/2 439/461/2 438/462/2 96/114/2
f 96/114/4 438/462/4 436/463/4 435/464/4
f 435/464/1 436/463/1 437/465/1 434/466/1
f 434/466/3 437/465/3 439/461/3 97/128/3
f 445/467/3 540/468/3 510/469/3 443/470/3
f 444/471/1 440/472/1 540/468/1 445/467/1
f 442/473/4 509/474/4 440/472/4 444/471/4
f 443/470/2 510/469/2 509/474/2 442/473/2
f 448/475/2 553/476/2 549/477/2 449/478/2
f 449/478/4 549/477/4 550/479/4 447/480/4
f 447/480/1 550/479/1 554/481/1 446/482/1
f 446/482/3 554/481/3 553/476/3 448/475/3
f 452/483/2 563/484/2 455/485/2 453/486/2
f 453/486/4 455/485/4 454/487/4 451/488/4
f 451/488/1 454/487/1 564/489/1 450/490/1
f 450/490/3 564/489/3 563/484/3 452/483/3
f 459/491/2 571/492/2 567/493/2 460/494/2
f 460/494/4 567/493/4 568/495/4 458/496/4
f 458/496/1 568/495/1 572/497/1 457/498/1
f 457/498/3 572/497/3 571/492/3 459/491/3
f 464/499/2 579/500/2 576/501/2 465/502/2
f 465/502/4 576/501/4 466/503/4 463/504/4
f 463/504/1 466/503/1 467/505/1 462/506/1
f 462/506/3 467/505/3 579/500/3 464/499/3
f 472/507/2 588/508/2 584/509/2 473/510/2
f 473/510/4 584/509/4 474/511/4 471/512/4
f 471/512/1 474/511/1 475/513/1 470/514/1
f 470/514/3 475/513/3 588/508/3 472/507/3
f 479/515/2 598/516/2 594/517/2 480/518/2
f 480/518/4 594/517/4 595/519/4 478/520/4
f 478/520/1 595/519/1 599/521/1 477/522/1
f 477/522/3 599/521/3 598/516/3 479/515/3
f 487/523/2 491/524/2 585/525/2 488/526/2
f 488/526/4 585/525/4 489/527/4 486/528/4
f 486/528/1 489/527/1 490/529/1 485/530/1
f 485/530/3 490/529/3 491/524/3 487/523/3
f 535/531/3 616/532/3 612/533/3 537/534/3
f 494/535/2 558/536/2 559/537/2 495/538/2
f 495/538/4 559/537/4 539/539/4 493/540/4
f 493/540/1 539/539/1 496/541/1 492/542/1
f 492/542/3 496/541/3 558/536/3 494/535/3
f 536/543/1 617/544/1 616/532/1 535/531/1
f 499/545/2 483/546/2 484/547/2 500/548/2
f 500/548/4 484/547/4 476/549/4 498/550/4
f 498/550/1 476/549/1 501/551/1 497/552/1
f 497/552/3 501/551/3 483/546/3 499/545/3
f 538/553/4 611/554/4 617/544/4 536/543/4
f 504/555/2 456/556/2 507/557/2 505/558/2
f 505/558/4 507/557/4 506/559/4 503/560/4
f 503/560/1 506/559/1 609/561/1 502/562/1
f 502/562/3 609/561/3 456/556/3 504/555/3
f 537/534/2 612/533/2 611/554/2 538/553/2
f 436/463/9 515/563/7 516/564/7 437/465/9
f 512/565/7 518/566/7 519/567/7 513/568/7
f 516/564/2 515/563/2 513/568/2 519/567/2
f 514/569/7 509/474/10 510/469/10 517/570/7
f 514/569/1 517/570/1 518/566/1 512/565/1
f 517/570/3 516/564/3 519/567/3 518/566/3
f 515/563/4 514/569/4 512/565/4 513/568/4
f 515/563/7 436/463/9 520/571/11 523/572/7
f 509/474/10 514/569/7 522/573/7 521/574/12
f 514/569/7 515/563/7 523/572/7 522/573/7
f 437/465/9 516/564/7 525/575/7 529/576/11
f 517/570/7 510/469/10 524/577/13 526/578/7
f 516/564/7 517/570/7 526/578/7 525/575/7
f 438/462/14 439/461/14 528/579/15 527/580/15
f 528/579/15 439/461/14 530/581/16 531/582/15
f 439/461/14 437/465/9 529/576/11 530/581/16
f 438/462/14 527/580/15 534/583/15 533/584/16
f 436/463/9 438/462/14 533/584/16 520/571/11
f 524/577/13 510/469/10 540/468/6 542/585/6
f 509/474/10 521/574/12 541/586/6 440/472/6
f 542/585/6 540/468/6 545/587/6 547/588/6
f 440/472/6 541/586/6 546/589/6 543/590/6
f 440/472/6 543/590/6 545/587/6 540/468/6
f 548/591/6 524/577/13 549/477/6 552/592/6
f 542/585/6 547/588/6 551/593/6 550/479/6
f 524/577/13 542/585/6 550/479/6 549/477/6
f 552/592/6 549/477/6 553/476/6 556/594/6
f 550/479/6 551/593/6 555/595/6 554/481/6
f 556/594/6 553/476/6 455/485/6 562/596/6
f 554/481/6 555/595/6 561/597/6 454/487/6
f 554/481/6 454/487/6 455/485/6 553/476/6
f 562/596/6 455/485/6 563/484/6 566/598/6
f 454/487/6 561/597/6 565/599/6 564/489/6
f 566/598/6 563/484/6 567/493/6 570/600/6
f 564/489/6 565/599/6 569/601/6 568/495/6
f 564/489/6 568/495/6 567/493/6 563/484/6
f 570/600/6 567/493/6 571/492/6 574/602/6
f 568/495/6 569/601/6 573/603/6 572/497/6
f 574/602/6 571/492/6 576/501/6 578/604/6
f 572/497/6 573/603/6 577/605/6 466/503/6
f 572/497/6 466/503/6 576/501/6 571/492/6
f 578/604/6 576/501/6 579/500/6 582/606/6
f 466/503/6 577/605/6 581/607/6 467/505/6
f 582/606/6 579/500/6 584/509/6 587/608/6
f 467/505/6 581/607/6 586/609/6 474/511/6
f 467/505/6 474/511/6 584/509/6 579/500/6
f 587/608/6 584/509/6 588/508/6 591/610/6
f 474/511/6 586/609/6 590/611/6 475/513/6
f 605/612/6 603/613/6 594/517/6 597/614/6
f 592/615/6 593/616/6 596/617/6 595/519/6
f 592/615/6 595/519/6 594/517/6 603/613/6
f 597/614/6 594/517/6 598/516/6 601/618/6
f 595/519/6 596/617/6 600/619/6 599/521/6
f 601/618/6 598/516/6 604/620/6 607/621/6
f 599/521/6 600/619/6 606/622/6 602/623/6
f 599/521/6 602/623/6 604/620/6 598/516/6
f 475/513/6 592/615/6 603/613/6 588/508/6
f 475/513/6 590/611/6 593/616/6 592/615/6
f 591/610/6 588/508/6 603/613/6 605/612/6
f 606/622/6 600/619/6 491/524/6 583/624/6
f 600/619/6 596/617/6 585/525/6 491/524/6
f 596/617/6 593/616/6 589/625/6 585/525/6
f 585/525/6 589/625/6 575/626/6 489/527/6
f 583/624/6 491/524/6 490/529/6 580/627/6
f 580/627/6 490/529/6 558/536/6 557/628/6
f 489/527/6 575/626/6 560/629/6 559/537/6
f 489/527/6 559/537/6 558/536/6 490/529/6
f 559/537/6 560/629/6 532/630/6 539/539/6
f 557/628/6 558/536/6 496/541/6 544/631/6
f 544/631/6 496/541/6 483/546/6 482/632/6
f 539/539/6 532/630/6 511/633/6 484/547/6
f 539/539/6 484/547/6 483/546/6 496/541/6
f 484/547/6 511/633/6 469/634/6 476/549/6
f 482/632/6 483/546/6 501/551/6 481/635/6
f 481/635/6 501/551/6 456/556/6 461/636/6
f 476/549/6 469/634/6 468/637/6 507/557/6
f 476/549/6 507/557/6 456/556/6 501/551/6
f 507/557/6 468/637/6 610/638/6 506/559/6
f 461/636/6 456/556/6 609/561/6 608/639/6
f 506/559/6 610/638/6 614/640/6 611/554/6
f 608/639/6 609/561/6 612/533/6 613/641/6
f 506/559/6 611/554/6 612/533/6 609/561/6
f 611/554/6 614/640/6 618/642/6 617/544/6
f 613/641/6 612/533/6 616/532/6 615/643/6
f 617/544/6 618/642/6 622/644/6 619/645/6
f 615/643/6 616/532/6 620/646/6 621/647/6
f 617/544/6 619/645/6 620/646/6 616/532/6
f 562/596/2 566/598/2 713/648/2 708/649/2
f 511/633/4 532/630/4 725/650/4 628/651/4
f 521/574/4 522/573/4 692/652/4 696/653/4
f 557/628/3 544/631/3 640/654/3 646/655/3
f 524/577/4 548/591/4 643/656/4 631/657/4
f 523/572/4 520/571/4 629/658/4 630/659/4
f 583/624/3 580/627/3 752/660/3 657/661/3
f 610/638/4 468/637/4 624/662/4 680/663/4
f 532/630/4 560/629/4 647/664/4 725/650/4
f 529/576/3 525/575/3 687/665/3 683/666/3
f 461/636/3 608/639/3 697/667/3 623/668/3
f 565/599/1 561/597/1 648/669/1 649/670/1
f 520/571/4 533/584/4 636/671/4 629/658/4
f 468/637/4 469/634/4 625/672/4 624/662/4
f 578/604/2 582/606/2 730/673/2 655/674/2
f 575/626/4 589/625/4 659/675/4 744/676/4
f 543/590/1 639/677/1 676/678/1 545/587/1
f 548/591/2 552/592/2 645/679/2 643/656/2
f 543/590/1 546/589/1 641/680/1 639/677/1
f 525/575/3 526/578/3 691/681/3 687/665/3
f 581/607/1 577/605/1 723/682/1 728/683/1
f 481/635/3 461/636/3 623/668/3 626/684/3
f 566/598/2 570/600/2 716/685/2 713/648/2
f 597/614/2 601/618/2 664/686/2 663/687/2
f 526/578/3 524/577/3 631/657/3 691/681/3
f 551/593/1 547/588/1 642/688/1 644/689/1
f 614/640/4 610/638/4 680/663/4 670/690/4
f 608/639/3 613/641/3 669/691/3 697/667/3
f 569/601/1 565/599/1 649/670/1 651/692/1
f 582/606/2 587/608/2 658/693/2 730/673/2
f 552/592/2 556/594/2 705/694/2 645/679/2
f 589/625/4 593/616/4 741/695/4 659/675/4
f 607/621/3 604/620/3 666/696/3 668/697/3
f 527/580/2 528/579/2 633/698/2 632/699/2
f 586/609/1 581/607/1 728/683/1 733/700/1
f 555/595/1 551/593/1 644/689/1 703/701/1
f 601/618/2 607/621/2 668/697/2 664/686/2
f 570/600/2 574/602/2 653/702/2 716/685/2
f 560/629/4 575/626/4 744/676/4 647/664/4
f 593/616/1 590/611/1 660/703/1 741/695/1
f 530/581/3 529/576/3 683/666/3 679/704/3
f 606/622/3 583/624/3 657/661/3 754/705/3
f 618/642/4 614/640/4 670/690/4 672/706/4
f 544/631/3 482/632/3 627/707/3 640/654/3
f 541/586/4 521/574/4 696/653/4 638/708/4
f 531/582/3 530/581/3 679/704/3 635/709/3
f 613/641/3 615/643/3 671/710/3 669/691/3
f 573/603/1 569/601/1 651/692/1 719/711/1
f 556/594/2 562/596/2 708/649/2 705/694/2
f 528/579/2 531/582/2 635/709/2 633/698/2
f 587/608/2 591/610/2 738/712/2 658/693/2
f 605/612/2 597/614/2 663/687/2 667/713/2
f 619/645/1 650/714/1 674/715/1 620/646/1
f 547/588/1 545/587/1 676/678/1 642/688/1
f 621/647/1 620/646/1 674/715/1 675/716/1
f 580/627/3 557/628/3 646/655/3 752/660/3
f 561/597/1 555/595/1 703/701/1 648/669/1
f 482/632/3 481/635/3 626/684/3 627/707/3
f 590/611/1 586/609/1 733/700/1 660/703/1
f 619/645/1 622/644/1 652/717/1 650/714/1
f 574/602/2 578/604/2 655/674/2 653/702/2
f 602/623/3 665/718/3 666/696/3 604/620/3
f 533/584/4 534/583/4 637/719/4 636/671/4
f 602/623/3 606/622/3 754/705/3 665/718/3
f 622/644/4 618/642/4 672/706/4 652/717/4
f 546/589/4 541/586/4 638/708/4 641/680/4
f 534/583/2 527/580/2 632/699/2 637/719/2
f 615/643/3 621/647/3 675/716/3 671/710/3
f 577/605/1 573/603/1 719/711/1 723/682/1
f 469/634/4 511/633/4 628/651/4 625/672/4
f 522/573/4 523/572/4 630/659/4 692/652/4
f 591/610/2 605/612/2 667/713/2 738/712/2
f 637/719/17 632/699/17 677/720/18 636/671/18
f 633/698/17 635/709/17 679/704/18 678/721/18
f 632/699/17 633/698/17 678/721/18 677/720/18
f 636/671/18 677/720/18 681/722/19 629/658/19
f 678/721/18 679/704/18 683/666/19 682/723/19
f 677/720/18 678/721/18 682/723/19 681/722/19
f 629/658/19 681/722/19 685/724/8 630/659/8
f 682/723/19 683/666/19 687/665/8 686/725/8
f 681/722/19 682/723/19 686/725/8 685/724/8
f 630/659/8 685/724/8 689/726/8 692/652/8
f 686/725/8 687/665/8 691/681/8 690/727/8
f 685/724/8 686/725/8 690/727/8 689/726/8
f 692/652/8 689/726/8 693/728/20 696/653/20
f 690/727/8 691/681/8 631/657/21 694/729/20
f 689/726/8 690/727/8 694/729/20 693/728/20
f 638/708/5 696/653/20 693/728/20 695/730/5
f 641/680/5 638/708/5 695/730/5 639/677/5
f 639/677/5 695/730/5 673/731/5 676/678/5
f 695/730/5 693/728/20 694/729/20 673/731/5
f 673/731/5 694/729/20 631/657/21 634/732/5
f 676/678/5 673/731/5 634/732/5 642/688/5
f 642/688/5 634/732/5 699/733/5 644/689/5
f 634/732/5 631/657/21 698/734/5 699/733/5
f 631/657/21 643/656/5 645/679/5 698/734/5
f 644/689/5 699/733/5 704/735/5 703/701/5
f 699/733/5 698/734/5 701/736/5 704/735/5
f 698/734/5 645/679/5 705/694/5 701/736/5
f 703/701/5 704/735/5 707/737/5 648/669/5
f 704/735/5 701/736/5 706/738/5 707/737/5
f 701/736/5 705/694/5 708/649/5 706/738/5
f 648/669/5 707/737/5 712/739/5 649/670/5
f 707/737/5 706/738/5 710/740/5 712/739/5
f 706/738/5 708/649/5 713/648/5 710/740/5
f 649/670/5 712/739/5 715/741/5 651/692/5
f 712/739/5 710/740/5 714/742/5 715/741/5
f 710/740/5 713/648/5 716/685/5 714/742/5
f 651/692/5 715/741/5 720/743/5 719/711/5
f 715/741/5 714/742/5 717/744/5 720/743/5
f 714/742/5 716/685/5 653/702/5 717/744/5
f 719/711/5 720/743/5 724/745/5 723/682/5
f 720/743/5 717/744/5 722/746/5 724/745/5
f 717/744/5 653/702/5 655/674/5 722/746/5
f 723/682/5 724/745/5 729/747/5 728/683/5
f 724/745/5 722/746/5 727/748/5 729/747/5
f 722/746/5 655/674/5 730/673/5 727/748/5
f 728/683/5 729/747/5 734/749/5 733/700/5
f 729/747/5 727/748/5 731/750/5 734/749/5
f 727/748/5 730/673/5 658/693/5 731/750/5
f 733/700/5 734/749/5 737/751/5 660/703/5
f 734/749/5 731/750/5 735/752/5 737/751/5
f 731/750/5 658/693/5 738/712/5 735/752/5
f 660/703/5 737/751/5 742/753/5 741/695/5
f 737/751/5 735/752/5 740/754/5 742/753/5
f 735/752/5 738/712/5 667/713/5 740/754/5
f 741/695/5 742/753/5 746/755/5 745/756/5
f 742/753/5 740/754/5 743/757/5 746/755/5
f 740/754/5 667/713/5 663/687/5 743/757/5
f 745/756/5 746/755/5 751/758/5 750/759/5
f 746/755/5 743/757/5 748/760/5 751/758/5
f 743/757/5 663/687/5 664/686/5 748/760/5
f 750/759/5 751/758/5 665/718/5 754/705/5
f 751/758/5 748/760/5 666/696/5 665/718/5
f 748/760/5 664/686/5 668/697/5 666/696/5
f 750/759/5 754/705/5 657/661/5 753/761/5
f 745/756/5 750/759/5 753/761/5 755/762/5
f 741/695/5 745/756/5 755/762/5 659/675/5
f 659/675/5 755/762/5 747/763/5 744/676/5
f 755/762/5 753/761/5 749/764/5 747/763/5
f 753/761/5 657/661/5 752/660/5 749/764/5
f 749/764/5 752/660/5 646/655/5 736/765/5
f 747/763/5 749/764/5 736/765/5 739/766/5
f 744/676/5 747/763/5 739/766/5 647/664/5
f 647/664/5 739/766/5 726/767/5 725/650/5
f 739/766/5 736/765/5 732/768/5 726/767/5
f 736/765/5 646/655/5 640/654/5 732/768/5
f 732/768/5 640/654/5 627/707/5 718/769/5
f 726/767/5 732/768/5 718/769/5 721/770/5
f 725/650/5 726/767/5 721/770/5 628/651/5
f 628/651/5 721/770/5 709/771/5 625/672/5
f 721/770/5 718/769/5 711/772/5 709/771/5
f 718/769/5 627/707/5 626/684/5 711/772/5
f 711/772/5 626/684/5 623/668/5 700/773/5
f 709/771/5 711/772/5 700/773/5 702/774/5
f 625/672/5 709/771/5 702/774/5 624/662/5
f 624/662/5 702/774/5 684/775/5 680/663/5
f 702/774/5 700/773/5 688/776/5 684/775/5
f 700/773/5 623/668/5 697/667/5 688/776/5
f 688/776/5 697/667/5 669/691/5 661/777/5
f 684/775/5 688/776/5 661/777/5 662/778/5
f 680/663/5 684/775/5 662/778/5 670/690/5
f 670/690/5 662/778/5 654/779/5 672/706/5
f 662/778/5 661/777/5 656/780/5 654/779/5
f 661/777/5 669/691/5 671/710/5 656/780/5
f 656/780/5 671/710/5 675/716/5 674/715/5
f 654/779/5 656/780/5 674/715/5 650/714/5
f 672/706/5 654/779/5 650/714/5 652/717/5
f 179/781/2 756/782/2 762/783/2 834/784/2
f 756/782/3 428/785/3 763/786/3 762/783/3
f 428/785/1 429/787/1 835/788/1 763/786/1
f 429/787/4 179/781/4 834/784/4 835/788/4
f 758/789/5 785/790/5 774/460/5 782/459/5
f 805/791/5 781/453/5 783/456/5 780/792/5
f 806/793/5 782/459/5 781/453/5 805/791/5
f 759/794/5 758/789/5 782/459/5 806/793/5
f 761/795/1 785/790/1 758/789/1 770/796/1
f 760/797/6 765/798/6 762/783/6 768/452/6
f 766/799/6 763/786/6 764/800/6 761/795/6
f 766/799/6 768/452/6 762/783/6 763/786/6
f 765/798/6 837/801/6 834/784/6 762/783/6
f 763/786/6 835/788/6 836/802/6 764/800/6
f 769/803/2 783/456/2 757/455/2 760/797/2
f 770/796/1 758/789/1 759/794/1 794/804/1
f 760/797/2 757/455/2 777/805/2 765/798/2
f 764/800/1 767/806/1 785/790/1 761/795/1
f 765/798/2 777/805/2 845/807/2 837/801/2
f 836/802/1 779/808/1 767/806/1 764/800/1
f 773/809/2 780/792/2 783/456/2 769/803/2
f 771/458/6 766/799/6 761/795/6 770/796/6
f 769/803/6 760/797/6 768/452/6 772/451/6
f 795/810/6 430/811/6 772/451/6 771/458/6
f 795/810/6 771/458/6 770/796/6 794/804/6
f 773/809/6 769/803/6 772/451/6 430/811/6
f 433/812/4 441/449/4 768/452/4 766/799/4
f 432/457/1 433/812/1 766/799/1 771/458/1
f 785/790/5 767/806/5 776/813/5 774/460/5
f 774/460/5 776/813/5 775/814/5 784/454/5
f 784/454/5 775/814/5 777/805/5 757/455/5
f 767/806/5 779/808/5 844/815/5 776/813/5
f 776/813/5 844/815/5 778/816/5 775/814/5
f 775/814/5 778/816/5 845/807/5 777/805/5
f 790/817/2 787/818/2 799/819/2 430/811/2
f 802/820/5 805/791/5 780/792/5 804/821/5
f 787/818/3 788/822/3 798/823/3 799/819/3
f 803/824/5 806/793/5 805/791/5 802/820/5
f 792/825/5 759/794/5 806/793/5 803/824/5
f 791/826/5 802/820/5 804/821/5 801/827/5
f 829/828/5 803/824/5 802/820/5 791/826/5
f 793/829/5 792/825/5 803/824/5 829/828/5
f 794/804/1 759/794/1 792/825/1 797/830/1
f 796/831/2 804/821/2 780/792/2 773/809/2
f 797/830/1 792/825/1 793/829/1 816/832/1
f 800/833/2 801/827/2 804/821/2 796/831/2
f 798/823/6 795/810/6 794/804/6 797/830/6
f 796/831/6 773/809/6 430/811/6 799/819/6
f 817/834/6 786/835/6 799/819/6 798/823/6
f 817/834/6 798/823/6 797/830/6 816/832/6
f 800/833/6 796/831/6 799/819/6 786/835/6
f 789/836/4 790/817/4 430/811/4 795/810/4
f 788/822/1 789/836/1 795/810/1 798/823/1
f 812/837/2 809/838/2 821/839/2 786/835/2
f 826/840/5 791/826/5 801/827/5 828/841/5
f 809/838/3 810/842/3 820/843/3 821/839/3
f 827/844/5 829/828/5 791/826/5 826/840/5
f 814/845/5 793/829/5 829/828/5 827/844/5
f 813/846/5 826/840/5 828/841/5 825/847/5
f 824/848/5 827/844/5 826/840/5 813/846/5
f 815/849/5 814/845/5 827/844/5 824/848/5
f 816/832/1 793/829/1 814/845/1 819/850/1
f 818/851/2 828/841/2 801/827/2 800/833/2
f 819/850/1 814/845/1 815/849/1 823/852/1
f 822/853/2 825/847/2 828/841/2 818/851/2
f 820/843/6 817/834/6 816/832/6 819/850/6
f 818/851/6 800/833/6 786/835/6 821/839/6
f 807/854/6 808/855/6 821/839/6 820/843/6
f 807/854/6 820/843/6 819/850/6 823/852/6
f 822/853/6 818/851/6 821/839/6 808/855/6
f 811/856/4 812/837/4 786/835/4 817/834/4
f 810/842/1 811/856/1 817/834/1 820/843/1
f 830/857/2 833/858/2 838/859/2 854/860/2
f 833/858/3 831/861/3 839/862/3 838/859/3
f 831/861/1 832/863/1 842/864/1 839/862/1
f 832/863/4 830/857/4 854/860/4 842/864/4
f 837/801/6 841/865/6 838/859/6 834/784/6
f 835/788/6 839/862/6 840/866/6 836/802/6
f 835/788/6 834/784/6 838/859/6 839/862/6
f 841/865/6 856/867/6 854/860/6 838/859/6
f 839/862/6 842/864/6 855/868/6 840/866/6
f 837/801/2 845/807/2 848/869/2 841/865/2
f 840/866/1 843/870/1 779/808/1 836/802/1
f 841/865/2 848/869/2 868/871/2 856/867/2
f 855/868/1 864/872/1 843/870/1 840/866/1
f 779/808/5 843/870/5 847/873/5 844/815/5
f 844/815/5 847/873/5 846/874/5 778/816/5
f 778/816/5 846/874/5 848/869/5 845/807/5
f 843/870/5 864/872/5 849/875/5 847/873/5
f 847/873/5 849/875/5 867/876/5 846/874/5
f 846/874/5 867/876/5 868/871/5 848/869/5
f 850/877/2 853/878/2 857/879/2 861/880/2
f 853/878/3 851/881/3 858/882/3 857/879/3
f 851/881/1 852/883/1 862/884/1 858/882/1
f 852/883/4 850/877/4 861/880/4 862/884/4
f 856/867/6 860/885/6 857/879/6 854/860/6
f 842/864/6 858/882/6 859/886/6 855/868/6
f 842/864/6 854/860/6 857/879/6 858/882/6
f 860/885/6 863/887/6 861/880/6 857/879/6
f 858/882/6 862/884/6 872/888/6 859/886/6
f 856/867/2 868/871/2 871/889/2 860/885/2
f 859/886/1 865/890/1 864/872/1 855/868/1
f 860/885/2 871/889/2 866/891/2 863/887/2
f 872/888/1 881/892/1 865/890/1 859/886/1
f 864/872/5 865/890/5 870/893/5 849/875/5
f 849/875/5 870/893/5 869/894/5 867/876/5
f 867/876/5 869/894/5 871/889/5 868/871/5
f 865/890/5 881/892/5 885/895/5 870/893/5
f 870/893/5 885/895/5 884/896/5 869/894/5
f 869/894/5 884/896/5 866/891/5 871/889/5
f 863/887/6 876/897/6 873/898/6 861/880/6
f 862/884/6 874/899/6 875/900/6 872/888/6
f 862/884/6 861/880/6 873/898/6 874/899/6
f 876/897/6 880/901/6 877/902/6 873/898/6
f 874/899/6 878/903/6 879/904/6 875/900/6
f 863/887/2 866/891/2 888/905/2 876/897/2
f 875/900/1 882/906/1 881/892/1 872/888/1
f 876/897/2 888/905/2 883/907/2 880/901/2
f 879/904/1 890/908/1 882/906/1 875/900/1
f 881/892/5 882/906/5 887/909/5 885/895/5
f 885/895/5 887/909/5 886/910/5 884/896/5
f 884/896/5 886/910/5 888/905/5 866/891/5
f 882/906/5 890/908/5 891/911/5 887/909/5
f 887/909/5 891/911/5 889/912/5 886/910/5
f 886/910/5 889/912/5 883/907/5 888/905/5
f 3318/913/6 3295/914/6 65/915/6 1185/916/6
f 1185/916/6 65/915/6 47/917/6 1183/918/6
f 975/919/6 968/920/6 982/921/6 979/922/6
f 3276/923/6 975/919/6 979/922/6 3278/924/6
f 1266/925/3 2649/926/3 2639/927/3 1213/928/3
f 2691/929/6 1157/930/6 1154/931/6 2690/932/6
f 3446/933/6 2575/934/6 1257/935/6 3437/936/6
f 3440/937/6 1233/938/6 1235/939/6 3442/940/6
f 3445/941/6 3436/942/6 1208/943/6 2572/944/6
f 3446/933/6 3444/945/6 2571/946/6 2575/934/6
f 3443/947/1 1261/948/1 1191/949/1 3437/936/1
f 1275/950/5 1268/951/5 1266/952/5 1273/953/5
f 1276/954/6 1274/955/6 1271/956/6 1272/957/6
f 1268/951/1 1272/957/1 1271/956/1 1266/952/1
f 1264/958/2 1270/959/2 1269/960/2 1267/961/2
f 1275/950/3 1276/954/3 1272/957/3 1268/951/3
f 1266/952/4 1271/956/4 1274/955/4 1273/953/4
f 1278/962/5 1279/963/5 1264/958/5 1267/961/5
f 1280/964/6 1277/965/6 1269/960/6 1270/959/6
f 1277/965/3 1278/962/3 1267/961/3 1269/960/3
f 1284/966/4 1282/967/4 1273/953/4 1274/955/4
f 1270/959/4 1264/958/4 1279/963/4 1280/964/4
f 1304/968/4 1297/969/4 1282/967/4 1284/966/4
f 1309/970/22 1316/971/22 1278/962/3 1277/965/3
f 1316/971/5 1321/972/5 1279/963/5 1278/962/5
f 1283/973/3 1281/974/3 1292/975/22 1285/976/22
f 1286/977/23 1291/978/24 1315/979/23 1310/980/24
f 1291/978/5 1298/981/5 1322/982/5 1315/979/5
f 1281/974/5 1282/967/5 1297/969/5 1292/975/5
f 1303/983/6 1286/977/6 1310/980/6 1327/984/6
f 1280/964/4 1279/963/4 1321/972/4 1328/985/4
f 1327/984/4 1322/982/4 1298/981/4 1303/983/4
f 1275/950/5 1273/953/5 1282/967/5 1281/974/5
f 1274/955/6 1276/954/6 1283/973/6 1284/966/6
f 1276/954/3 1275/950/3 1281/974/3 1283/973/3
f 1304/968/4 1308/986/4 1299/987/4 1297/969/4
f 1308/986/4 1307/988/4 1300/989/4 1299/987/4
f 1307/988/4 1306/990/4 1301/991/4 1300/989/4
f 1306/990/4 1305/992/4 1302/993/4 1301/991/4
f 1305/992/4 1303/983/4 1298/981/4 1302/993/4
f 1286/977/23 1290/994/25 1293/995/25 1291/978/24
f 1290/994/25 1289/996/26 1294/997/26 1293/995/25
f 1289/996/26 1288/998/27 1295/999/27 1294/997/26
f 1288/998/27 1287/1000/28 1296/1001/28 1295/999/27
f 1287/1000/28 1285/976/22 1292/975/22 1296/1001/28
f 1303/983/6 1305/992/6 1290/994/6 1286/977/6
f 1305/992/6 1306/990/6 1289/996/6 1290/994/6
f 1306/990/6 1307/988/6 1288/998/6 1289/996/6
f 1307/988/6 1308/986/6 1287/1000/6 1288/998/6
f 1308/986/6 1304/968/6 1285/976/6 1287/1000/6
f 1291/978/5 1293/995/5 1302/993/5 1298/981/5
f 1293/995/5 1294/997/5 1301/991/5 1302/993/5
f 1294/997/5 1295/999/5 1300/989/5 1301/991/5
f 1295/999/5 1296/1001/5 1299/987/5 1300/989/5
f 1296/1001/5 1292/975/5 1297/969/5 1299/987/5
f 1284/966/6 1283/973/6 1285/976/6 1304/968/6
f 1316/971/5 1320/1002/5 1323/1003/5 1321/972/5
f 1320/1002/5 1319/1004/5 1324/1005/5 1323/1003/5
f 1319/1004/5 1318/1006/5 1325/1007/5 1324/1005/5
f 1318/1006/5 1317/1008/5 1326/1009/5 1325/1007/5
f 1317/1008/5 1315/979/5 1322/982/5 1326/1009/5
f 1328/985/6 1332/1010/6 1311/1011/6 1309/970/6
f 1332/1010/6 1331/1012/6 1312/1013/6 1311/1011/6
f 1331/1012/6 1330/1014/6 1313/1015/6 1312/1013/6
f 1330/1014/6 1329/1016/6 1314/1017/6 1313/1015/6
f 1329/1016/6 1327/984/6 1310/980/6 1314/1017/6
f 1309/970/22 1311/1011/28 1320/1002/28 1316/971/22
f 1311/1011/28 1312/1013/27 1319/1004/27 1320/1002/28
f 1312/1013/27 1313/1015/26 1318/1006/26 1319/1004/27
f 1313/1015/26 1314/1017/25 1317/1008/25 1318/1006/26
f 1314/1017/25 1310/980/24 1315/979/23 1317/1008/25
f 1327/984/4 1329/1016/4 1326/1009/4 1322/982/4
f 1329/1016/4 1330/1014/4 1325/1007/4 1326/1009/4
f 1330/1014/4 1331/1012/4 1324/1005/4 1325/1007/4
f 1331/1012/4 1332/1010/4 1323/1003/4 1324/1005/4
f 1332/1010/4 1328/985/4 1321/972/4 1323/1003/4
f 1328/985/6 1309/970/6 1277/965/6 1280/964/6
f 1343/1018/5 1341/1019/5 1334/1020/5 1336/1021/5
f 1344/1022/6 1340/1023/6 1339/1024/6 1342/1025/6
f 1336/1021/2 1334/1020/2 1339/1024/2 1340/1023/2
f 1333/1026/1 1335/1027/1 1337/1028/1 1338/1029/1
f 1343/1018/3 1336/1021/3 1340/1023/3 1344/1022/3
f 1334/1020/4 1341/1019/4 1342/1025/4 1339/1024/4
f 1346/1030/5 1335/1027/5 1333/1026/5 1347/1031/5
f 1348/1032/6 1338/1029/6 1337/1028/6 1345/1033/6
f 1345/1033/3 1337/1028/3 1335/1027/3 1346/1030/3
f 1352/1034/4 1342/1025/4 1341/1019/4 1350/1035/4
f 1338/1029/4 1348/1032/4 1347/1031/4 1333/1026/4
f 1372/1036/4 1352/1034/4 1350/1035/4 1365/1037/4
f 1377/1038/29 1345/1033/3 1346/1030/3 1384/1039/29
f 1384/1039/5 1346/1030/5 1347/1031/5 1389/1040/5
f 1351/1041/3 1353/1042/29 1360/1043/29 1349/1044/3
f 1354/1045/30 1378/1046/30 1383/1047/30 1359/1048/30
f 1359/1048/5 1383/1047/5 1390/1049/5 1366/1050/5
f 1349/1044/5 1360/1043/5 1365/1037/5 1350/1035/5
f 1371/1051/6 1395/1052/6 1378/1046/6 1354/1045/6
f 1348/1032/4 1396/1053/4 1389/1040/4 1347/1031/4
f 1395/1052/4 1371/1051/4 1366/1050/4 1390/1049/4
f 1343/1018/5 1349/1044/5 1350/1035/5 1341/1019/5
f 1342/1025/6 1352/1034/6 1351/1041/6 1344/1022/6
f 1344/1022/3 1351/1041/3 1349/1044/3 1343/1018/3
f 1372/1036/4 1365/1037/4 1367/1054/4 1376/1055/4
f 1376/1055/4 1367/1054/4 1368/1056/4 1375/1057/4
f 1375/1057/4 1368/1056/4 1369/1058/4 1374/1059/4
f 1374/1059/4 1369/1058/4 1370/1060/4 1373/1061/4
f 1373/1061/4 1370/1060/4 1366/1050/4 1371/1051/4
f 1354/1045/30 1359/1048/30 1361/1062/31 1358/1063/31
f 1358/1063/31 1361/1062/31 1362/1064/32 1357/1065/32
f 1357/1065/32 1362/1064/32 1363/1066/33 1356/1067/33
f 1356/1067/33 1363/1066/33 1364/1068/34 1355/1069/34
f 1355/1069/34 1364/1068/34 1360/1043/29 1353/1042/29
f 1371/1051/6 1354/1045/6 1358/1063/6 1373/1061/6
f 1373/1061/6 1358/1063/6 1357/1065/6 1374/1059/6
f 1374/1059/6 1357/1065/6 1356/1067/6 1375/1057/6
f 1375/1057/6 1356/1067/6 1355/1069/6 1376/1055/6
f 1376/1055/6 1355/1069/6 1353/1042/6 1372/1036/6
f 1359/1048/5 1366/1050/5 1370/1060/5 1361/1062/5
f 1361/1062/5 1370/1060/5 1369/1058/5 1362/1064/5
f 1362/1064/5 1369/1058/5 1368/1056/5 1363/1066/5
f 1363/1066/5 1368/1056/5 1367/1054/5 1364/1068/5
f 1364/1068/5 1367/1054/5 1365/1037/5 1360/1043/5
f 1352/1034/6 1372/1036/6 1353/1042/6 1351/1041/6
f 1384/1039/5 1389/1040/5 1391/1070/5 1388/1071/5
f 1388/1071/5 1391/1070/5 1392/1072/5 1387/1073/5
f 1387/1073/5 1392/1072/5 1393/1074/5 1386/1075/5
f 1386/1075/5 1393/1074/5 1394/1076/5 1385/1077/5
f 1385/1077/5 1394/1076/5 1390/1049/5 1383/1047/5
f 1396/1053/6 1377/1038/6 1379/1078/6 1400/1079/6
f 1400/1079/6 1379/1078/6 1380/1080/6 1399/1081/6
f 1399/1081/6 1380/1080/6 1381/1082/6 1398/1083/6
f 1398/1083/6 1381/1082/6 1382/1084/6 1397/1085/6
f 1397/1085/6 1382/1084/6 1378/1046/6 1395/1052/6
f 1377/1038/29 1384/1039/29 1388/1071/34 1379/1078/34
f 1379/1078/34 1388/1071/34 1387/1073/33 1380/1080/33
f 1380/1080/33 1387/1073/33 1386/1075/32 1381/1082/32
f 1381/1082/32 1386/1075/32 1385/1077/31 1382/1084/31
f 1382/1084/31 1385/1077/31 1383/1047/30 1378/1046/30
f 1395/1052/4 1390/1049/4 1394/1076/4 1397/1085/4
f 1397/1085/4 1394/1076/4 1393/1074/4 1398/1083/4
f 1398/1083/4 1393/1074/4 1392/1072/4 1399/1081/4
f 1399/1081/4 1392/1072/4 1391/1070/4 1400/1079/4
f 1400/1079/4 1391/1070/4 1389/1040/4 1396/1053/4
f 1396/1053/6 1348/1032/6 1345/1033/6 1377/1038/6
f 1409/1086/5 1403/1087/5 1402/1088/5 1407/1089/5
f 1410/1090/6 1408/1091/6 1405/1092/6 1406/1093/6
f 1403/1087/1 1406/1093/1 1405/1092/1 1402/1088/1
f 1411/1094/3 1412/1095/3 2391/1096/35 2398/1097/35
f 1409/1086/3 1410/1090/3 1406/1093/3 1403/1087/3
f 1402/1088/4 1405/1092/4 1408/1091/4 1407/1089/4
f 1401/1098/2 1404/1099/2 2397/1100/36 2392/1101/36
f 1544/1102/5 1545/1103/5 1533/1104/5 2404/1105/5 2408/1106/5 2407/1107/5 2406/1108/5 2405/1109/5 2403/1110/5
f 1414/1111/6 1411/1094/6 2398/1097/6 2402/1112/6 2401/1113/6 2400/1114/6 2399/1115/6 2397/1100/6 1404/1099/6
f 1418/1116/4 1416/1117/4 1407/1089/4 1408/1091/4
f 1404/1099/4 1401/1098/4 1413/1118/4 1414/1111/4
f 1438/1119/4 1431/1120/4 1416/1117/4 1418/1116/4
f 1443/1121/22 1450/1122/22 1412/1095/3 1411/1094/3
f 1450/1122/5 1455/1123/5 1413/1118/5 1412/1095/5
f 1417/1124/3 1415/1125/3 1426/1126/22 1419/1127/22
f 1420/1128/24 1425/1129/24 1449/1130/24 1444/1131/24
f 1425/1129/5 1432/1132/5 1456/1133/5 1449/1130/5
f 1415/1125/5 1416/1117/5 1431/1120/5 1426/1126/5
f 1437/1134/6 1420/1128/6 1444/1131/6 1461/1135/6
f 1414/1111/4 1413/1118/4 1455/1123/4 1462/1136/4
f 1461/1135/4 1456/1133/4 1432/1132/4 1437/1134/4
f 1409/1086/5 1407/1089/5 1416/1117/5 1415/1125/5
f 1408/1091/6 1410/1090/6 1417/1124/6 1418/1116/6
f 1410/1090/3 1409/1086/3 1415/1125/3 1417/1124/3
f 1438/1119/4 1442/1137/4 1433/1138/4 1431/1120/4
f 1442/1137/4 1441/1139/4 1434/1140/4 1433/1138/4
f 1441/1139/4 1440/1141/4 1435/1142/4 1434/1140/4
f 1440/1141/4 1439/1143/4 1436/1144/4 1435/1142/4
f 1439/1143/4 1437/1134/4 1432/1132/4 1436/1144/4
f 1420/1128/24 1424/1145/25 1427/1146/25 1425/1129/24
f 1424/1145/25 1423/1147/26 1428/1148/26 1427/1146/25
f 1423/1147/26 1422/1149/27 1429/1150/27 1428/1148/26
f 1422/1149/27 1421/1151/28 1430/1152/28 1429/1150/27
f 1421/1151/28 1419/1127/22 1426/1126/22 1430/1152/28
f 1437/1134/6 1439/1143/6 1424/1145/6 1420/1128/6
f 1439/1143/6 1440/1141/6 1423/1147/6 1424/1145/6
f 1440/1141/6 1441/1139/6 1422/1149/6 1423/1147/6
f 1441/1139/6 1442/1137/6 1421/1151/6 1422/1149/6
f 1442/1137/6 1438/1119/6 1419/1127/6 1421/1151/6
f 1425/1129/5 1427/1146/5 1436/1144/5 1432/1132/5
f 1427/1146/5 1428/1148/5 1435/1142/5 1436/1144/5
f 1428/1148/5 1429/1150/5 1434/1140/5 1435/1142/5
f 1429/1150/5 1430/1152/5 1433/1138/5 1434/1140/5
f 1430/1152/5 1426/1126/5 1431/1120/5 1433/1138/5
f 1418/1116/6 1417/1124/6 1419/1127/6 1438/1119/6
f 1450/1122/5 1454/1153/5 1457/1154/5 1455/1123/5
f 1454/1153/5 1453/1155/5 1458/1156/5 1457/1154/5
f 1453/1155/5 1452/1157/5 1459/1158/5 1458/1156/5
f 1452/1157/5 1451/1159/5 1460/1160/5 1459/1158/5
f 1451/1159/5 1449/1130/5 1456/1133/5 1460/1160/5
f 1462/1136/6 1466/1161/6 1445/1162/6 1443/1121/6
f 1466/1161/6 1465/1163/6 1446/1164/6 1445/1162/6
f 1465/1163/6 1464/1165/6 1447/1166/6 1446/1164/6
f 1464/1165/6 1463/1167/6 1448/1168/6 1447/1166/6
f 1463/1167/6 1461/1135/6 1444/1131/6 1448/1168/6
f 1443/1121/22 1445/1162/28 1454/1153/28 1450/1122/22
f 1445/1162/28 1446/1164/27 1453/1155/27 1454/1153/28
f 1446/1164/27 1447/1166/26 1452/1157/26 1453/1155/27
f 1447/1166/26 1448/1168/25 1451/1159/25 1452/1157/26
f 1448/1168/25 1444/1131/24 1449/1130/24 1451/1159/25
f 1461/1135/4 1463/1167/4 1460/1160/4 1456/1133/4
f 1463/1167/4 1464/1165/4 1459/1158/4 1460/1160/4
f 1464/1165/4 1465/1163/4 1458/1156/4 1459/1158/4
f 1465/1163/4 1466/1161/4 1457/1154/4 1458/1156/4
f 1466/1161/4 1462/1136/4 1455/1123/4 1457/1154/4
f 1462/1136/6 1443/1121/6 1411/1094/6 1414/1111/6
f 1476/1169/6 2493/1170/6 2495/1171/6 2496/1172/6 2497/1173/6 2498/1174/6 2494/1175/6 1472/1176/6 1474/1177/6
f 2499/1178/36 1600/1179/2 1604/1180/2 2506/1181/36
f 1475/1182/3 2488/1183/35 2493/1170/35 1476/1169/3
f 1467/1184/1 1469/1185/1 1470/1186/1 1471/1187/1
f 1475/1182/5 1473/1188/5 1468/1189/5 2487/1190/5 2489/1191/5 2490/1192/5 2491/1193/5 2492/1194/5 2488/1183/5
f 1468/1189/4 1473/1188/4 1474/1177/4 1472/1176/4
f 1478/1195/5 1469/1185/5 1467/1184/5 1479/1196/5
f 1480/1197/6 1471/1187/6 1470/1186/6 1477/1198/6
f 1477/1198/3 1470/1186/3 1469/1185/3 1478/1195/3
f 1484/1199/4 1474/1177/4 1473/1188/4 1482/1200/4
f 1471/1187/4 1480/1197/4 1479/1196/4 1467/1184/4
f 1504/1201/4 1484/1199/4 1482/1200/4 1497/1202/4
f 1509/1203/29 1477/1198/3 1478/1195/3 1516/1204/29
f 1516/1204/5 1478/1195/5 1479/1196/5 1521/1205/5
f 1483/1206/3 1485/1207/29 1492/1208/29 1481/1209/3
f 1486/1210/30 1510/1211/30 1515/1212/30 1491/1213/30
f 1491/1213/5 1515/1212/5 1522/1214/5 1498/1215/5
f 1481/1209/5 1492/1208/5 1497/1202/5 1482/1200/5
f 1503/1216/6 1527/1217/6 1510/1211/6 1486/1210/6
f 1480/1197/4 1528/1218/4 1521/1205/4 1479/1196/4
f 1527/1217/4 1503/1216/4 1498/1215/4 1522/1214/4
f 1475/1182/5 1481/1209/5 1482/1200/5 1473/1188/5
f 1474/1177/6 1484/1199/6 1483/1206/6 1476/1169/6
f 1476/1169/3 1483/1206/3 1481/1209/3 1475/1182/3
f 1504/1201/4 1497/1202/4 1499/1219/4 1508/1220/4
f 1508/1220/4 1499/1219/4 1500/1221/4 1507/1222/4
f 1507/1222/4 1500/1221/4 1501/1223/4 1506/1224/4
f 1506/1224/4 1501/1223/4 1502/1225/4 1505/1226/4
f 1505/1226/4 1502/1225/4 1498/1215/4 1503/1216/4
f 1486/1210/30 1491/1213/30 1493/1227/31 1490/1228/31
f 1490/1228/31 1493/1227/31 1494/1229/32 1489/1230/32
f 1489/1230/32 1494/1229/32 1495/1231/33 1488/1232/33
f 1488/1232/33 1495/1231/33 1496/1233/34 1487/1234/34
f 1487/1234/34 1496/1233/34 1492/1208/29 1485/1207/29
f 1503/1216/6 1486/1210/6 1490/1228/6 1505/1226/6
f 1505/1226/6 1490/1228/6 1489/1230/6 1506/1224/6
f 1506/1224/6 1489/1230/6 1488/1232/6 1507/1222/6
f 1507/1222/6 1488/1232/6 1487/1234/6 1508/1220/6
f 1508/1220/6 1487/1234/6 1485/1207/6 1504/1201/6
f 1491/1213/5 1498/1215/5 1502/1225/5 1493/1227/5
f 1493/1227/5 1502/1225/5 1501/1223/5 1494/1229/5
f 1494/1229/5 1501/1223/5 1500/1221/5 1495/1231/5
f 1495/1231/5 1500/1221/5 1499/1219/5 1496/1233/5
f 1496/1233/5 1499/1219/5 1497/1202/5 1492/1208/5
f 1484/1199/6 1504/1201/6 1485/1207/6 1483/1206/6
f 1516/1204/5 1521/1205/5 1523/1235/5 1520/1236/5
f 1520/1236/5 1523/1235/5 1524/1237/5 1519/1238/5
f 1519/1238/5 1524/1237/5 1525/1239/5 1518/1240/5
f 1518/1240/5 1525/1239/5 1526/1241/5 1517/1242/5
f 1517/1242/5 1526/1241/5 1522/1214/5 1515/1212/5
f 1528/1218/6 1509/1203/6 1511/1243/6 1532/1244/6
f 1532/1244/6 1511/1243/6 1512/1245/6 1531/1246/6
f 1531/1246/6 1512/1245/6 1513/1247/6 1530/1248/6
f 1530/1248/6 1513/1247/6 1514/1249/6 1529/1250/6
f 1529/1250/6 1514/1249/6 1510/1211/6 1527/1217/6
f 1509/1203/29 1516/1204/29 1520/1236/34 1511/1243/34
f 1511/1243/34 1520/1236/34 1519/1238/33 1512/1245/33
f 1512/1245/33 1519/1238/33 1518/1240/32 1513/1247/32
f 1513/1247/32 1518/1240/32 1517/1242/31 1514/1249/31
f 1514/1249/31 1517/1242/31 1515/1212/30 1510/1211/30
f 1527/1217/4 1522/1214/4 1526/1241/4 1529/1250/4
f 1529/1250/4 1526/1241/4 1525/1239/4 1530/1248/4
f 1530/1248/4 1525/1239/4 1524/1237/4 1531/1246/4
f 1531/1246/4 1524/1237/4 1523/1235/4 1532/1244/4
f 1532/1244/4 1523/1235/4 1521/1205/4 1528/1218/4
f 1528/1218/6 1480/1197/6 1477/1198/6 1509/1203/6
f 1541/1251/5 1535/1252/5 1534/1253/5 1539/1254/5
f 1542/1255/6 1540/1256/6 1537/1257/6 1538/1258/6
f 1535/1252/1 1538/1258/1 1537/1257/1 1534/1253/1
f 1543/1259/3 1544/1102/3 2403/1110/35 2410/1260/35
f 1541/1251/3 1542/1255/3 1538/1258/3 1535/1252/3
f 1534/1253/4 1537/1257/4 1540/1256/4 1539/1254/4
f 1533/1104/2 1536/1261/2 2409/1262/36 2404/1105/36
f 1676/1263/5 1677/1264/5 1665/1265/5 2416/1266/5 2420/1267/5 2419/1268/5 2418/1269/5 2417/1270/5 2415/1271/5
f 1546/1272/6 1543/1259/6 2410/1260/6 2414/1273/6 2413/1274/6 2412/1275/6 2411/1276/6 2409/1262/6 1536/1261/6
f 1550/1277/4 1548/1278/4 1539/1254/4 1540/1256/4
f 1536/1261/4 1533/1104/4 1545/1103/4 1546/1272/4
f 1570/1279/4 1563/1280/4 1548/1278/4 1550/1277/4
f 1575/1281/22 1582/1282/22 1544/1102/3 1543/1259/3
f 1582/1282/5 1587/1283/5 1545/1103/5 1544/1102/5
f 1549/1284/3 1547/1285/3 1558/1286/22 1551/1287/22
f 1552/1288/23 1557/1289/24 1581/1290/23 1576/1291/24
f 1557/1289/5 1564/1292/5 1588/1293/5 1581/1290/5
f 1547/1285/5 1548/1278/5 1563/1280/5 1558/1286/5
f 1569/1294/6 1552/1288/6 1576/1291/6 1593/1295/6
f 1546/1272/4 1545/1103/4 1587/1283/4 1594/1296/4
f 1593/1295/4 1588/1293/4 1564/1292/4 1569/1294/4
f 1541/1251/5 1539/1254/5 1548/1278/5 1547/1285/5
f 1540/1256/6 1542/1255/6 1549/1284/6 1550/1277/6
f 1542/1255/3 1541/1251/3 1547/1285/3 1549/1284/3
f 1570/1279/4 1574/1297/4 1565/1298/4 1563/1280/4
f 1574/1297/4 1573/1299/4 1566/1300/4 1565/1298/4
f 1573/1299/4 1572/1301/4 1567/1302/4 1566/1300/4
f 1572/1301/4 1571/1303/4 1568/1304/4 1567/1302/4
f 1571/1303/4 1569/1294/4 1564/1292/4 1568/1304/4
f 1552/1288/23 1556/1305/25 1559/1306/25 1557/1289/24
f 1556/1305/25 1555/1307/26 1560/1308/26 1559/1306/25
f 1555/1307/26 1554/1309/27 1561/1310/27 1560/1308/26
f 1554/1309/27 1553/1311/28 1562/1312/28 1561/1310/27
f 1553/1311/28 1551/1287/22 1558/1286/22 1562/1312/28
f 1569/1294/6 1571/1303/6 1556/1305/6 1552/1288/6
f 1571/1303/6 1572/1301/6 1555/1307/6 1556/1305/6
f 1572/1301/6 1573/1299/6 1554/1309/6 1555/1307/6
f 1573/1299/6 1574/1297/6 1553/1311/6 1554/1309/6
f 1574/1297/6 1570/1279/6 1551/1287/6 1553/1311/6
f 1557/1289/5 1559/1306/5 1568/1304/5 1564/1292/5
f 1559/1306/5 1560/1308/5 1567/1302/5 1568/1304/5
f 1560/1308/5 1561/1310/5 1566/1300/5 1567/1302/5
f 1561/1310/5 1562/1312/5 1565/1298/5 1566/1300/5
f 1562/1312/5 1558/1286/5 1563/1280/5 1565/1298/5
f 1550/1277/6 1549/1284/6 1551/1287/6 1570/1279/6
f 1582/1282/5 1586/1313/5 1589/1314/5 1587/1283/5
f 1586/1313/5 1585/1315/5 1590/1316/5 1589/1314/5
f 1585/1315/5 1584/1317/5 1591/1318/5 1590/1316/5
f 1584/1317/5 1583/1319/5 1592/1320/5 1591/1318/5
f 1583/1319/5 1581/1290/5 1588/1293/5 1592/1320/5
f 1594/1296/6 1598/1321/6 1577/1322/6 1575/1281/6
f 1598/1321/6 1597/1323/6 1578/1324/6 1577/1322/6
f 1597/1323/6 1596/1325/6 1579/1326/6 1578/1324/6
f 1596/1325/6 1595/1327/6 1580/1328/6 1579/1326/6
f 1595/1327/6 1593/1295/6 1576/1291/6 1580/1328/6
f 1575/1281/22 1577/1322/28 1586/1313/28 1582/1282/22
f 1577/1322/28 1578/1324/27 1585/1315/27 1586/1313/28
f 1578/1324/27 1579/1326/26 1584/1317/26 1585/1315/27
f 1579/1326/26 1580/1328/25 1583/1319/25 1584/1317/26
f 1580/1328/25 1576/1291/24 1581/1290/23 1583/1319/25
f 1593/1295/4 1595/1327/4 1592/1320/4 1588/1293/4
f 1595/1327/4 1596/1325/4 1591/1318/4 1592/1320/4
f 1596/1325/4 1597/1323/4 1590/1316/4 1591/1318/4
f 1597/1323/4 1598/1321/4 1589/1314/4 1590/1316/4
f 1598/1321/4 1594/1296/4 1587/1283/4 1589/1314/4
f 1594/1296/6 1575/1281/6 1543/1259/6 1546/1272/6
f 1608/1329/6 2505/1330/6 2507/1331/6 2508/1332/6 2509/1333/6 2510/1334/6 2506/1181/6 1604/1180/6 1606/1335/6
f 2511/1336/36 1732/1337/2 1736/1338/2 2518/1339/36
f 1607/1340/3 2500/1341/35 2505/1330/35 1608/1329/3
f 1599/1342/1 1601/1343/1 1602/1344/1 1603/1345/1
f 1607/1340/5 1605/1346/5 1600/1179/5 2499/1178/5 2501/1347/5 2502/1348/5 2503/1349/5 2504/1350/5 2500/1341/5
f 1600/1179/4 1605/1346/4 1606/1335/4 1604/1180/4
f 1610/1351/5 1601/1343/5 1599/1342/5 1611/1352/5
f 1612/1353/6 1603/1345/6 1602/1344/6 1609/1354/6
f 1609/1354/3 1602/1344/3 1601/1343/3 1610/1351/3
f 1616/1355/4 1606/1335/4 1605/1346/4 1614/1356/4
f 1603/1345/4 1612/1353/4 1611/1352/4 1599/1342/4
f 1636/1357/4 1616/1355/4 1614/1356/4 1629/1358/4
f 1641/1359/29 1609/1354/3 1610/1351/3 1648/1360/29
f 1648/1360/5 1610/1351/5 1611/1352/5 1653/1361/5
f 1615/1362/3 1617/1363/29 1624/1364/29 1613/1365/3
f 1618/1366/30 1642/1367/30 1647/1368/30 1623/1369/30
f 1623/1369/5 1647/1368/5 1654/1370/5 1630/1371/5
f 1613/1365/5 1624/1364/5 1629/1358/5 1614/1356/5
f 1635/1372/6 1659/1373/6 1642/1367/6 1618/1366/6
f 1612/1353/4 1660/1374/4 1653/1361/4 1611/1352/4
f 1659/1373/4 1635/1372/4 1630/1371/4 1654/1370/4
f 1607/1340/5 1613/1365/5 1614/1356/5 1605/1346/5
f 1606/1335/6 1616/1355/6 1615/1362/6 1608/1329/6
f 1608/1329/3 1615/1362/3 1613/1365/3 1607/1340/3
f 1636/1357/4 1629/1358/4 1631/1375/4 1640/1376/4
f 1640/1376/4 1631/1375/4 1632/1377/4 1639/1378/4
f 1639/1378/4 1632/1377/4 1633/1379/4 1638/1380/4
f 1638/1380/4 1633/1379/4 1634/1381/4 1637/1382/4
f 1637/1382/4 1634/1381/4 1630/1371/4 1635/1372/4
f 1618/1366/30 1623/1369/30 1625/1383/31 1622/1384/31
f 1622/1384/31 1625/1383/31 1626/1385/32 1621/1386/32
f 1621/1386/32 1626/1385/32 1627/1387/33 1620/1388/33
f 1620/1388/33 1627/1387/33 1628/1389/34 1619/1390/34
f 1619/1390/34 1628/1389/34 1624/1364/29 1617/1363/29
f 1635/1372/6 1618/1366/6 1622/1384/6 1637/1382/6
f 1637/1382/6 1622/1384/6 1621/1386/6 1638/1380/6
f 1638/1380/6 1621/1386/6 1620/1388/6 1639/1378/6
f 1639/1378/6 1620/1388/6 1619/1390/6 1640/1376/6
f 1640/1376/6 1619/1390/6 1617/1363/6 1636/1357/6
f 1623/1369/5 1630/1371/5 1634/1381/5 1625/1383/5
f 1625/1383/5 1634/1381/5 1633/1379/5 1626/1385/5
f 1626/1385/5 1633/1379/5 1632/1377/5 1627/1387/5
f 1627/1387/5 1632/1377/5 1631/1375/5 1628/1389/5
f 1628/1389/5 1631/1375/5 1629/1358/5 1624/1364/5
f 1616/1355/6 1636/1357/6 1617/1363/6 1615/1362/6
f 1648/1360/5 1653/1361/5 1655/1391/5 1652/1392/5
f 1652/1392/5 1655/1391/5 1656/1393/5 1651/1394/5
f 1651/1394/5 1656/1393/5 1657/1395/5 1650/1396/5
f 1650/1396/5 1657/1395/5 1658/1397/5 1649/1398/5
f 1649/1398/5 1658/1397/5 1654/1370/5 1647/1368/5
f 1660/1374/6 1641/1359/6 1643/1399/6 1664/1400/6
f 1664/1400/6 1643/1399/6 1644/1401/6 1663/1402/6
f 1663/1402/6 1644/1401/6 1645/1403/6 1662/1404/6
f 1662/1404/6 1645/1403/6 1646/1405/6 1661/1406/6
f 1661/1406/6 1646/1405/6 1642/1367/6 1659/1373/6
f 1641/1359/29 1648/1360/29 1652/1392/34 1643/1399/34
f 1643/1399/34 1652/1392/34 1651/1394/33 1644/1401/33
f 1644/1401/33 1651/1394/33 1650/1396/32 1645/1403/32
f 1645/1403/32 1650/1396/32 1649/1398/31 1646/1405/31
f 1646/1405/31 1649/1398/31 1647/1368/30 1642/1367/30
f 1659/1373/4 1654/1370/4 1658/1397/4 1661/1406/4
f 1661/1406/4 1658/1397/4 1657/1395/4 1662/1404/4
f 1662/1404/4 1657/1395/4 1656/1393/4 1663/1402/4
f 1663/1402/4 1656/1393/4 1655/1391/4 1664/1400/4
f 1664/1400/4 1655/1391/4 1653/1361/4 1660/1374/4
f 1660/1374/6 1612/1353/6 1609/1354/6 1641/1359/6
f 1673/1407/5 1667/1408/5 1666/1409/5 1671/1410/5
f 1674/1411/6 1672/1412/6 1669/1413/6 1670/1414/6
f 1667/1408/1 1670/1414/1 1669/1413/1 1666/1409/1
f 1675/1415/3 1676/1263/3 2415/1271/35 2422/1416/35
f 1673/1407/3 1674/1411/3 1670/1414/3 1667/1408/3
f 1666/1409/4 1669/1413/4 1672/1412/4 1671/1410/4
f 1665/1265/2 1668/1417/2 2421/1418/36 2416/1266/36
f 1808/1419/5 1809/1420/5 1797/1421/5 2428/1422/5 2432/1423/5 2431/1424/5 2430/1425/5 2429/1426/5 2427/1427/5
f 1678/1428/6 1675/1415/6 2422/1416/6 2426/1429/6 2425/1430/6 2424/1431/6 2423/1432/6 2421/1418/6 1668/1417/6
f 1682/1433/4 1680/1434/4 1671/1410/4 1672/1412/4
f 1668/1417/4 1665/1265/4 1677/1264/4 1678/1428/4
f 1702/1435/4 1695/1436/4 1680/1434/4 1682/1433/4
f 1707/1437/22 1714/1438/22 1676/1263/3 1675/1415/3
f 1714/1438/5 1719/1439/5 1677/1264/5 1676/1263/5
f 1681/1440/3 1679/1441/3 1690/1442/22 1683/1443/22
f 1684/1444/24 1689/1445/24 1713/1446/24 1708/1447/24
f 1689/1445/5 1696/1448/5 1720/1449/5 1713/1446/5
f 1679/1441/5 1680/1434/5 1695/1436/5 1690/1442/5
f 1701/1450/6 1684/1444/6 1708/1447/6 1725/1451/6
f 1678/1428/4 1677/1264/4 1719/1439/4 1726/1452/4
f 1725/1451/4 1720/1449/4 1696/1448/4 1701/1450/4
f 1673/1407/5 1671/1410/5 1680/1434/5 1679/1441/5
f 1672/1412/6 1674/1411/6 1681/1440/6 1682/1433/6
f 1674/1411/3 1673/1407/3 1679/1441/3 1681/1440/3
f 1702/1435/4 1706/1453/4 1697/1454/4 1695/1436/4
f 1706/1453/4 1705/1455/4 1698/1456/4 1697/1454/4
f 1705/1455/4 1704/1457/4 1699/1458/4 1698/1456/4
f 1704/1457/4 1703/1459/4 1700/1460/4 1699/1458/4
f 1703/1459/4 1701/1450/4 1696/1448/4 1700/1460/4
f 1684/1444/24 1688/1461/25 1691/1462/25 1689/1445/24
f 1688/1461/25 1687/1463/26 1692/1464/26 1691/1462/25
f 1687/1463/26 1686/1465/27 1693/1466/27 1692/1464/26
f 1686/1465/27 1685/1467/28 1694/1468/28 1693/1466/27
f 1685/1467/28 1683/1443/22 1690/1442/22 1694/1468/28
f 1701/1450/6 1703/1459/6 1688/1461/6 1684/1444/6
f 1703/1459/6 1704/1457/6 1687/1463/6 1688/1461/6
f 1704/1457/6 1705/1455/6 1686/1465/6 1687/1463/6
f 1705/1455/6 1706/1453/6 1685/1467/6 1686/1465/6
f 1706/1453/6 1702/1435/6 1683/1443/6 1685/1467/6
f 1689/1445/5 1691/1462/5 1700/1460/5 1696/1448/5
f 1691/1462/5 1692/1464/5 1699/1458/5 1700/1460/5
f 1692/1464/5 1693/1466/5 1698/1456/5 1699/1458/5
f 1693/1466/5 1694/1468/5 1697/1454/5 1698/1456/5
f 1694/1468/5 1690/1442/5 1695/1436/5 1697/1454/5
f 1682/1433/6 1681/1440/6 1683/1443/6 1702/1435/6
f 1714/1438/5 1718/1469/5 1721/1470/5 1719/1439/5
f 1718/1469/5 1717/1471/5 1722/1472/5 1721/1470/5
f 1717/1471/5 1716/1473/5 1723/1474/5 1722/1472/5
f 1716/1473/5 1715/1475/5 1724/1476/5 1723/1474/5
f 1715/1475/5 1713/1446/5 1720/1449/5 1724/1476/5
f 1726/1452/6 1730/1477/6 1709/1478/6 1707/1437/6
f 1730/1477/6 1729/1479/6 1710/1480/6 1709/1478/6
f 1729/1479/6 1728/1481/6 1711/1482/6 1710/1480/6
f 1728/1481/6 1727/1483/6 1712/1484/6 1711/1482/6
f 1727/1483/6 1725/1451/6 1708/1447/6 1712/1484/6
f 1707/1437/22 1709/1478/28 1718/1469/28 1714/1438/22
f 1709/1478/28 1710/1480/27 1717/1471/27 1718/1469/28
f 1710/1480/27 1711/1482/26 1716/1473/26 1717/1471/27
f 1711/1482/26 1712/1484/25 1715/1475/25 1716/1473/26
f 1712/1484/25 1708/1447/24 1713/1446/24 1715/1475/25
f 1725/1451/4 1727/1483/4 1724/1476/4 1720/1449/4
f 1727/1483/4 1728/1481/4 1723/1474/4 1724/1476/4
f 1728/1481/4 1729/1479/4 1722/1472/4 1723/1474/4
f 1729/1479/4 1730/1477/4 1721/1470/4 1722/1472/4
f 1730/1477/4 1726/1452/4 1719/1439/4 1721/1470/4
f 1726/1452/6 1707/1437/6 1675/1415/6 1678/1428/6
f 1740/1485/6 2517/1486/6 2519/1487/6 2520/1488/6 2521/1489/6 2522/1490/6 2518/1339/6 1736/1338/6 1738/1491/6
f 2523/1492/36 1864/1493/2 1868/1494/2 2530/1495/36
f 1739/1496/3 2512/1497/35 2517/1486/35 1740/1485/3
f 1731/1498/1 1733/1499/1 1734/1500/1 1735/1501/1
f 1739/1496/5 1737/1502/5 1732/1337/5 2511/1336/5 2513/1503/5 2514/1504/5 2515/1505/5 2516/1506/5 2512/1497/5
f 1732/1337/4 1737/1502/4 1738/1491/4 1736/1338/4
f 1742/1507/5 1733/1499/5 1731/1498/5 1743/1508/5
f 1744/1509/6 1735/1501/6 1734/1500/6 1741/1510/6
f 1741/1510/3 1734/1500/3 1733/1499/3 1742/1507/3
f 1748/1511/4 1738/1491/4 1737/1502/4 1746/1512/4
f 1735/1501/4 1744/1509/4 1743/1508/4 1731/1498/4
f 1768/1513/4 1748/1511/4 1746/1512/4 1761/1514/4
f 1773/1515/29 1741/1510/3 1742/1507/3 1780/1516/29
f 1780/1516/5 1742/1507/5 1743/1508/5 1785/1517/5
f 1747/1518/3 1749/1519/29 1756/1520/29 1745/1521/3
f 1750/1522/30 1774/1523/30 1779/1524/30 1755/1525/30
f 1755/1525/5 1779/1524/5 1786/1526/5 1762/1527/5
f 1745/1521/5 1756/1520/5 1761/1514/5 1746/1512/5
f 1767/1528/6 1791/1529/6 1774/1523/6 1750/1522/6
f 1744/1509/4 1792/1530/4 1785/1517/4 1743/1508/4
f 1791/1529/4 1767/1528/4 1762/1527/4 1786/1526/4
f 1739/1496/5 1745/1521/5 1746/1512/5 1737/1502/5
f 1738/1491/6 1748/1511/6 1747/1518/6 1740/1485/6
f 1740/1485/3 1747/1518/3 1745/1521/3 1739/1496/3
f 1768/1513/4 1761/1514/4 1763/1531/4 1772/1532/4
f 1772/1532/4 1763/1531/4 1764/1533/4 1771/1534/4
f 1771/1534/4 1764/1533/4 1765/1535/4 1770/1536/4
f 1770/1536/4 1765/1535/4 1766/1537/4 1769/1538/4
f 1769/1538/4 1766/1537/4 1762/1527/4 1767/1528/4
f 1750/1522/30 1755/1525/30 1757/1539/31 1754/1540/31
f 1754/1540/31 1757/1539/31 1758/1541/32 1753/1542/32
f 1753/1542/32 1758/1541/32 1759/1543/33 1752/1544/33
f 1752/1544/33 1759/1543/33 1760/1545/34 1751/1546/34
f 1751/1546/34 1760/1545/34 1756/1520/29 1749/1519/29
f 1767/1528/6 1750/1522/6 1754/1540/6 1769/1538/6
f 1769/1538/6 1754/1540/6 1753/1542/6 1770/1536/6
f 1770/1536/6 1753/1542/6 1752/1544/6 1771/1534/6
f 1771/1534/6 1752/1544/6 1751/1546/6 1772/1532/6
f 1772/1532/6 1751/1546/6 1749/1519/6 1768/1513/6
f 1755/1525/5 1762/1527/5 1766/1537/5 1757/1539/5
f 1757/1539/5 1766/1537/5 1765/1535/5 1758/1541/5
f 1758/1541/5 1765/1535/5 1764/1533/5 1759/1543/5
f 1759/1543/5 1764/1533/5 1763/1531/5 1760/1545/5
f 1760/1545/5 1763/1531/5 1761/1514/5 1756/1520/5
f 1748/1511/6 1768/1513/6 1749/1519/6 1747/1518/6
f 1780/1516/5 1785/1517/5 1787/1547/5 1784/1548/5
f 1784/1548/5 1787/1547/5 1788/1549/5 1783/1550/5
f 1783/1550/5 1788/1549/5 1789/1551/5 1782/1552/5
f 1782/1552/5 1789/1551/5 1790/1553/5 1781/1554/5
f 1781/1554/5 1790/1553/5 1786/1526/5 1779/1524/5
f 1792/1530/6 1773/1515/6 1775/1555/6 1796/1556/6
f 1796/1556/6 1775/1555/6 1776/1557/6 1795/1558/6
f 1795/1558/6 1776/1557/6 1777/1559/6 1794/1560/6
f 1794/1560/6 1777/1559/6 1778/1561/6 1793/1562/6
f 1793/1562/6 1778/1561/6 1774/1523/6 1791/1529/6
f 1773/1515/29 1780/1516/29 1784/1548/34 1775/1555/34
f 1775/1555/34 1784/1548/34 1783/1550/33 1776/1557/33
f 1776/1557/33 1783/1550/33 1782/1552/32 1777/1559/32
f 1777/1559/32 1782/1552/32 1781/1554/31 1778/1561/31
f 1778/1561/31 1781/1554/31 1779/1524/30 1774/1523/30
f 1791/1529/4 1786/1526/4 1790/1553/4 1793/1562/4
f 1793/1562/4 1790/1553/4 1789/1551/4 1794/1560/4
f 1794/1560/4 1789/1551/4 1788/1549/4 1795/1558/4
f 1795/1558/4 1788/1549/4 1787/1547/4 1796/1556/4
f 1796/1556/4 1787/1547/4 1785/1517/4 1792/1530/4
f 1792/1530/6 1744/1509/6 1741/1510/6 1773/1515/6
f 1805/1563/5 1799/1564/5 1798/1565/5 1803/1566/5
f 1806/1567/6 1804/1568/6 1801/1569/6 1802/1570/6
f 1799/1564/1 1802/1570/1 1801/1569/1 1798/1565/1
f 1807/1571/3 1808/1419/3 2427/1427/35 2434/1572/35
f 1805/1563/3 1806/1567/3 1802/1570/3 1799/1564/3
f 1798/1565/4 1801/1569/4 1804/1568/4 1803/1566/4
f 1797/1421/2 1800/1573/2 2433/1574/36 2428/1422/36
f 1940/1575/5 1941/1576/5 1929/1577/5 2440/1578/5 2444/1579/5 2443/1580/5 2442/1581/5 2441/1582/5 2439/1583/5
f 1810/1584/6 1807/1571/6 2434/1572/6 2438/1585/6 2437/1586/6 2436/1587/6 2435/1588/6 2433/1574/6 1800/1573/6
f 1814/1589/4 1812/1590/4 1803/1566/4 1804/1568/4
f 1800/1573/4 1797/1421/4 1809/1420/4 1810/1584/4
f 1834/1591/4 1827/1592/4 1812/1590/4 1814/1589/4
f 1839/1593/22 1846/1594/22 1808/1419/3 1807/1571/3
f 1846/1594/5 1851/1595/5 1809/1420/5 1808/1419/5
f 1813/1596/3 1811/1597/3 1822/1598/22 1815/1599/22
f 1816/1600/24 1821/1601/24 1845/1602/24 1840/1603/24
f 1821/1601/5 1828/1604/5 1852/1605/5 1845/1602/5
f 1811/1597/5 1812/1590/5 1827/1592/5 1822/1598/5
f 1833/1606/6 1816/1600/6 1840/1603/6 1857/1607/6
f 1810/1584/4 1809/1420/4 1851/1595/4 1858/1608/4
f 1857/1607/4 1852/1605/4 1828/1604/4 1833/1606/4
f 1805/1563/5 1803/1566/5 1812/1590/5 1811/1597/5
f 1804/1568/6 1806/1567/6 1813/1596/6 1814/1589/6
f 1806/1567/3 1805/1563/3 1811/1597/3 1813/1596/3
f 1834/1591/4 1838/1609/4 1829/1610/4 1827/1592/4
f 1838/1609/4 1837/1611/4 1830/1612/4 1829/1610/4
f 1837/1611/4 1836/1613/4 1831/1614/4 1830/1612/4
f 1836/1613/4 1835/1615/4 1832/1616/4 1831/1614/4
f 1835/1615/4 1833/1606/4 1828/1604/4 1832/1616/4
f 1816/1600/24 1820/1617/25 1823/1618/25 1821/1601/24
f 1820/1617/25 1819/1619/26 1824/1620/26 1823/1618/25
f 1819/1619/26 1818/1621/27 1825/1622/27 1824/1620/26
f 1818/1621/27 1817/1623/28 1826/1624/28 1825/1622/27
f 1817/1623/28 1815/1599/22 1822/1598/22 1826/1624/28
f 1833/1606/6 1835/1615/6 1820/1617/6 1816/1600/6
f 1835/1615/6 1836/1613/6 1819/1619/6 1820/1617/6
f 1836/1613/6 1837/1611/6 1818/1621/6 1819/1619/6
f 1837/1611/6 1838/1609/6 1817/1623/6 1818/1621/6
f 1838/1609/6 1834/1591/6 1815/1599/6 1817/1623/6
f 1821/1601/5 1823/1618/5 1832/1616/5 1828/1604/5
f 1823/1618/5 1824/1620/5 1831/1614/5 1832/1616/5
f 1824/1620/5 1825/1622/5 1830/1612/5 1831/1614/5
f 1825/1622/5 1826/1624/5 1829/1610/5 1830/1612/5
f 1826/1624/5 1822/1598/5 1827/1592/5 1829/1610/5
f 1814/1589/6 1813/1596/6 1815/1599/6 1834/1591/6
f 1846/1594/5 1850/1625/5 1853/1626/5 1851/1595/5
f 1850/1625/5 1849/1627/5 1854/1628/5 1853/1626/5
f 1849/1627/5 1848/1629/5 1855/1630/5 1854/1628/5
f 1848/1629/5 1847/1631/5 1856/1632/5 1855/1630/5
f 1847/1631/5 1845/1602/5 1852/1605/5 1856/1632/5
f 1858/1608/6 1862/1633/6 1841/1634/6 1839/1593/6
f 1862/1633/6 1861/1635/6 1842/1636/6 1841/1634/6
f 1861/1635/6 1860/1637/6 1843/1638/6 1842/1636/6
f 1860/1637/6 1859/1639/6 1844/1640/6 1843/1638/6
f 1859/1639/6 1857/1607/6 1840/1603/6 1844/1640/6
f 1839/1593/22 1841/1634/28 1850/1625/28 1846/1594/22
f 1841/1634/28 1842/1636/27 1849/1627/27 1850/1625/28
f 1842/1636/27 1843/1638/26 1848/1629/26 1849/1627/27
f 1843/1638/26 1844/1640/25 1847/1631/25 1848/1629/26
f 1844/1640/25 1840/1603/24 1845/1602/24 1847/1631/25
f 1857/1607/4 1859/1639/4 1856/1632/4 1852/1605/4
f 1859/1639/4 1860/1637/4 1855/1630/4 1856/1632/4
f 1860/1637/4 1861/1635/4 1854/1628/4 1855/1630/4
f 1861/1635/4 1862/1633/4 1853/1626/4 1854/1628/4
f 1862/1633/4 1858/1608/4 1851/1595/4 1853/1626/4
f 1858/1608/6 1839/1593/6 1807/1571/6 1810/1584/6
f 1872/1641/6 2529/1642/6 2531/1643/6 2532/1644/6 2533/1645/6 2534/1646/6 2530/1495/6 1868/1494/6 1870/1647/6
f 2535/1648/36 1996/1649/2 2000/1650/2 2542/1651/36
f 1871/1652/3 2524/1653/35 2529/1642/35 1872/1641/3
f 1863/1654/1 1865/1655/1 1866/1656/1 1867/1657/1
f 1871/1652/5 1869/1658/5 1864/1493/5 2523/1492/5 2525/1659/5 2526/1660/5 2527/1661/5 2528/1662/5 2524/1653/5
f 1864/1493/4 1869/1658/4 1870/1647/4 1868/1494/4
f 1874/1663/5 1865/1655/5 1863/1654/5 1875/1664/5
f 1876/1665/6 1867/1657/6 1866/1656/6 1873/1666/6
f 1873/1666/3 1866/1656/3 1865/1655/3 1874/1663/3
f 1880/1667/4 1870/1647/4 1869/1658/4 1878/1668/4
f 1867/1657/4 1876/1665/4 1875/1664/4 1863/1654/4
f 1900/1669/4 1880/1667/4 1878/1668/4 1893/1670/4
f 1905/1671/29 1873/1666/3 1874/1663/3 1912/1672/29
f 1912/1672/5 1874/1663/5 1875/1664/5 1917/1673/5
f 1879/1674/3 1881/1675/29 1888/1676/29 1877/1677/3
f 1882/1678/30 1906/1679/30 1911/1680/30 1887/1681/30
f 1887/1681/5 1911/1680/5 1918/1682/5 1894/1683/5
f 1877/1677/5 1888/1676/5 1893/1670/5 1878/1668/5
f 1899/1684/6 1923/1685/6 1906/1679/6 1882/1678/6
f 1876/1665/4 1924/1686/4 1917/1673/4 1875/1664/4
f 1923/1685/4 1899/1684/4 1894/1683/4 1918/1682/4
f 1871/1652/5 1877/1677/5 1878/1668/5 1869/1658/5
f 1870/1647/6 1880/1667/6 1879/1674/6 1872/1641/6
f 1872/1641/3 1879/1674/3 1877/1677/3 1871/1652/3
f 1900/1669/4 1893/1670/4 1895/1687/4 1904/1688/4
f 1904/1688/4 1895/1687/4 1896/1689/4 1903/1690/4
f 1903/1690/4 1896/1689/4 1897/1691/4 1902/1692/4
f 1902/1692/4 1897/1691/4 1898/1693/4 1901/1694/4
f 1901/1694/4 1898/1693/4 1894/1683/4 1899/1684/4
f 1882/1678/30 1887/1681/30 1889/1695/31 1886/1696/31
f 1886/1696/31 1889/1695/31 1890/1697/32 1885/1698/32
f 1885/1698/32 1890/1697/32 1891/1699/33 1884/1700/33
f 1884/1700/33 1891/1699/33 1892/1701/34 1883/1702/34
f 1883/1702/34 1892/1701/34 1888/1676/29 1881/1675/29
f 1899/1684/6 1882/1678/6 1886/1696/6 1901/1694/6
f 1901/1694/6 1886/1696/6 1885/1698/6 1902/1692/6
f 1902/1692/6 1885/1698/6 1884/1700/6 1903/1690/6
f 1903/1690/6 1884/1700/6 1883/1702/6 1904/1688/6
f 1904/1688/6 1883/1702/6 1881/1675/6 1900/1669/6
f 1887/1681/5 1894/1683/5 1898/1693/5 1889/1695/5
f 1889/1695/5 1898/1693/5 1897/1691/5 1890/1697/5
f 1890/1697/5 1897/1691/5 1896/1689/5 1891/1699/5
f 1891/1699/5 1896/1689/5 1895/1687/5 1892/1701/5
f 1892/1701/5 1895/1687/5 1893/1670/5 1888/1676/5
f 1880/1667/6 1900/1669/6 1881/1675/6 1879/1674/6
f 1912/1672/5 1917/1673/5 1919/1703/5 1916/1704/5
f 1916/1704/5 1919/1703/5 1920/1705/5 1915/1706/5
f 1915/1706/5 1920/1705/5 1921/1707/5 1914/1708/5
f 1914/1708/5 1921/1707/5 1922/1709/5 1913/1710/5
f 1913/1710/5 1922/1709/5 1918/1682/5 1911/1680/5
f 1924/1686/6 1905/1671/6 1907/1711/6 1928/1712/6
f 1928/1712/6 1907/1711/6 1908/1713/6 1927/1714/6
f 1927/1714/6 1908/1713/6 1909/1715/6 1926/1716/6
f 1926/1716/6 1909/1715/6 1910/1717/6 1925/1718/6
f 1925/1718/6 1910/1717/6 1906/1679/6 1923/1685/6
f 1905/1671/29 1912/1672/29 1916/1704/34 1907/1711/34
f 1907/1711/34 1916/1704/34 1915/1706/33 1908/1713/33
f 1908/1713/33 1915/1706/33 1914/1708/32 1909/1715/32
f 1909/1715/32 1914/1708/32 1913/1710/31 1910/1717/31
f 1910/1717/31 1913/1710/31 1911/1680/30 1906/1679/30
f 1923/1685/4 1918/1682/4 1922/1709/4 1925/1718/4
f 1925/1718/4 1922/1709/4 1921/1707/4 1926/1716/4
f 1926/1716/4 1921/1707/4 1920/1705/4 1927/1714/4
f 1927/1714/4 1920/1705/4 1919/1703/4 1928/1712/4
f 1928/1712/4 1919/1703/4 1917/1673/4 1924/1686/4
f 1924/1686/6 1876/1665/6 1873/1666/6 1905/1671/6
f 1937/1719/5 1931/1720/5 1930/1721/5 1935/1722/5
f 1938/1723/6 1936/1724/6 1933/1725/6 1934/1726/6
f 1931/1720/1 1934/1726/1 1933/1725/1 1930/1721/1
f 1939/1727/3 1940/1575/3 2439/1583/35 2446/1728/35
f 1937/1719/3 1938/1723/3 1934/1726/3 1931/1720/3
f 1930/1721/4 1933/1725/4 1936/1724/4 1935/1722/4
f 1929/1577/2 1932/1729/2 2445/1730/36 2440/1578/36
f 2072/1731/5 2073/1732/5 2061/1733/5 2452/1734/5 2456/1735/5 2455/1736/5 2454/1737/5 2453/1738/5 2451/1739/5
f 1942/1740/6 1939/1727/6 2446/1728/6 2450/1741/6 2449/1742/6 2448/1743/6 2447/1744/6 2445/1730/6 1932/1729/6
f 1946/1745/4 1944/1746/4 1935/1722/4 1936/1724/4
f 1932/1729/4 1929/1577/4 1941/1576/4 1942/1740/4
f 1966/1747/4 1959/1748/4 1944/1746/4 1946/1745/4
f 1971/1749/22 1978/1750/22 1940/1575/3 1939/1727/3
f 1978/1750/5 1983/1751/5 1941/1576/5 1940/1575/5
f 1945/1752/3 1943/1753/3 1954/1754/22 1947/1755/22
f 1948/1756/24 1953/1757/24 1977/1758/23 1972/1759/23
f 1953/1757/5 1960/1760/5 1984/1761/5 1977/1758/5
f 1943/1753/5 1944/1746/5 1959/1748/5 1954/1754/5
f 1965/1762/6 1948/1756/6 1972/1759/6 1989/1763/6
f 1942/1740/4 1941/1576/4 1983/1751/4 1990/1764/4
f 1989/1763/4 1984/1761/4 1960/1760/4 1965/1762/4
f 1937/1719/5 1935/1722/5 1944/1746/5 1943/1753/5
f 1936/1724/6 1938/1723/6 1945/1752/6 1946/1745/6
f 1938/1723/3 1937/1719/3 1943/1753/3 1945/1752/3
f 1966/1747/4 1970/1765/4 1961/1766/4 1959/1748/4
f 1970/1765/4 1969/1767/4 1962/1768/4 1961/1766/4
f 1969/1767/4 1968/1769/4 1963/1770/4 1962/1768/4
f 1968/1769/4 1967/1771/4 1964/1772/4 1963/1770/4
f 1967/1771/4 1965/1762/4 1960/1760/4 1964/1772/4
f 1948/1756/24 1952/1773/25 1955/1774/25 1953/1757/24
f 1952/1773/25 1951/1775/26 1956/1776/26 1955/1774/25
f 1951/1775/26 1950/1777/27 1957/1778/27 1956/1776/26
f 1950/1777/27 1949/1779/28 1958/1780/28 1957/1778/27
f 1949/1779/28 1947/1755/22 1954/1754/22 1958/1780/28
f 1965/1762/6 1967/1771/6 1952/1773/6 1948/1756/6
f 1967/1771/6 1968/1769/6 1951/1775/6 1952/1773/6
f 1968/1769/6 1969/1767/6 1950/1777/6 1951/1775/6
f 1969/1767/6 1970/1765/6 1949/1779/6 1950/1777/6
f 1970/1765/6 1966/1747/6 1947/1755/6 1949/1779/6
f 1953/1757/5 1955/1774/5 1964/1772/5 1960/1760/5
f 1955/1774/5 1956/1776/5 1963/1770/5 1964/1772/5
f 1956/1776/5 1957/1778/5 1962/1768/5 1963/1770/5
f 1957/1778/5 1958/1780/5 1961/1766/5 1962/1768/5
f 1958/1780/5 1954/1754/5 1959/1748/5 1961/1766/5
f 1946/1745/6 1945/1752/6 1947/1755/6 1966/1747/6
f 1978/1750/5 1982/1781/5 1985/1782/5 1983/1751/5
f 1982/1781/5 1981/1783/5 1986/1784/5 1985/1782/5
f 1981/1783/5 1980/1785/5 1987/1786/5 1986/1784/5
f 1980/1785/5 1979/1787/5 1988/1788/5 1987/1786/5
f 1979/1787/5 1977/1758/5 1984/1761/5 1988/1788/5
f 1990/1764/6 1994/1789/6 1973/1790/6 1971/1749/6
f 1994/1789/6 1993/1791/6 1974/1792/6 1973/1790/6
f 1993/1791/6 1992/1793/6 1975/1794/6 1974/1792/6
f 1992/1793/6 1991/1795/6 1976/1796/6 1975/1794/6
f 1991/1795/6 1989/1763/6 1972/1759/6 1976/1796/6
f 1971/1749/22 1973/1790/28 1982/1781/28 1978/1750/22
f 1973/1790/28 1974/1792/27 1981/1783/27 1982/1781/28
f 1974/1792/27 1975/1794/26 1980/1785/26 1981/1783/27
f 1975/1794/26 1976/1796/25 1979/1787/25 1980/1785/26
f 1976/1796/25 1972/1759/23 1977/1758/23 1979/1787/25
f 1989/1763/4 1991/1795/4 1988/1788/4 1984/1761/4
f 1991/1795/4 1992/1793/4 1987/1786/4 1988/1788/4
f 1992/1793/4 1993/1791/4 1986/1784/4 1987/1786/4
f 1993/1791/4 1994/1789/4 1985/1782/4 1986/1784/4
f 1994/1789/4 1990/1764/4 1983/1751/4 1985/1782/4
f 1990/1764/6 1971/1749/6 1939/1727/6 1942/1740/6
f 2004/1797/6 2541/1798/6 2543/1799/6 2544/1800/6 2545/1801/6 2546/1802/6 2542/1651/6 2000/1650/6 2002/1803/6
f 2547/1804/36 2128/1805/2 2132/1806/2 2554/1807/36
f 2003/1808/3 2536/1809/35 2541/1798/35 2004/1797/3
f 1995/1810/1 1997/1811/1 1998/1812/1 1999/1813/1
f 2003/1808/5 2001/1814/5 1996/1649/5 2535/1648/5 2537/1815/5 2538/1816/5 2539/1817/5 2540/1818/5 2536/1809/5
f 1996/1649/4 2001/1814/4 2002/1803/4 2000/1650/4
f 2006/1819/5 1997/1811/5 1995/1810/5 2007/1820/5
f 2008/1821/6 1999/1813/6 1998/1812/6 2005/1822/6
f 2005/1822/3 1998/1812/3 1997/1811/3 2006/1819/3
f 2012/1823/4 2002/1803/4 2001/1814/4 2010/1824/4
f 1999/1813/4 2008/1821/4 2007/1820/4 1995/1810/4
f 2032/1825/4 2012/1823/4 2010/1824/4 2025/1826/4
f 2037/1827/29 2005/1822/3 2006/1819/3 2044/1828/29
f 2044/1828/5 2006/1819/5 2007/1820/5 2049/1829/5
f 2011/1830/3 2013/1831/29 2020/1832/29 2009/1833/3
f 2014/1834/30 2038/1835/30 2043/1836/30 2019/1837/30
f 2019/1837/5 2043/1836/5 2050/1838/5 2026/1839/5
f 2009/1833/5 2020/1832/5 2025/1826/5 2010/1824/5
f 2031/1840/6 2055/1841/6 2038/1835/6 2014/1834/6
f 2008/1821/4 2056/1842/4 2049/1829/4 2007/1820/4
f 2055/1841/4 2031/1840/4 2026/1839/4 2050/1838/4
f 2003/1808/5 2009/1833/5 2010/1824/5 2001/1814/5
f 2002/1803/6 2012/1823/6 2011/1830/6 2004/1797/6
f 2004/1797/3 2011/1830/3 2009/1833/3 2003/1808/3
f 2032/1825/4 2025/1826/4 2027/1843/4 2036/1844/4
f 2036/1844/4 2027/1843/4 2028/1845/4 2035/1846/4
f 2035/1846/4 2028/1845/4 2029/1847/4 2034/1848/4
f 2034/1848/4 2029/1847/4 2030/1849/4 2033/1850/4
f 2033/1850/4 2030/1849/4 2026/1839/4 2031/1840/4
f 2014/1834/30 2019/1837/30 2021/1851/31 2018/1852/31
f 2018/1852/31 2021/1851/31 2022/1853/32 2017/1854/32
f 2017/1854/32 2022/1853/32 2023/1855/33 2016/1856/33
f 2016/1856/33 2023/1855/33 2024/1857/34 2015/1858/34
f 2015/1858/34 2024/1857/34 2020/1832/29 2013/1831/29
f 2031/1840/6 2014/1834/6 2018/1852/6 2033/1850/6
f 2033/1850/6 2018/1852/6 2017/1854/6 2034/1848/6
f 2034/1848/6 2017/1854/6 2016/1856/6 2035/1846/6
f 2035/1846/6 2016/1856/6 2015/1858/6 2036/1844/6
f 2036/1844/6 2015/1858/6 2013/1831/6 2032/1825/6
f 2019/1837/5 2026/1839/5 2030/1849/5 2021/1851/5
f 2021/1851/5 2030/1849/5 2029/1847/5 2022/1853/5
f 2022/1853/5 2029/1847/5 2028/1845/5 2023/1855/5
f 2023/1855/5 2028/1845/5 2027/1843/5 2024/1857/5
f 2024/1857/5 2027/1843/5 2025/1826/5 2020/1832/5
f 2012/1823/6 2032/1825/6 2013/1831/6 2011/1830/6
f 2044/1828/5 2049/1829/5 2051/1859/5 2048/1860/5
f 2048/1860/5 2051/1859/5 2052/1861/5 2047/1862/5
f 2047/1862/5 2052/1861/5 2053/1863/5 2046/1864/5
f 2046/1864/5 2053/1863/5 2054/1865/5 2045/1866/5
f 2045/1866/5 2054/1865/5 2050/1838/5 2043/1836/5
f 2056/1842/6 2037/1827/6 2039/1867/6 2060/1868/6
f 2060/1868/6 2039/1867/6 2040/1869/6 2059/1870/6
f 2059/1870/6 2040/1869/6 2041/1871/6 2058/1872/6
f 2058/1872/6 2041/1871/6 2042/1873/6 2057/1874/6
f 2057/1874/6 2042/1873/6 2038/1835/6 2055/1841/6
f 2037/1827/29 2044/1828/29 2048/1860/34 2039/1867/34
f 2039/1867/34 2048/1860/34 2047/1862/33 2040/1869/33
f 2040/1869/33 2047/1862/33 2046/1864/32 2041/1871/32
f 2041/1871/32 2046/1864/32 2045/1866/31 2042/1873/31
f 2042/1873/31 2045/1866/31 2043/1836/30 2038/1835/30
f 2055/1841/4 2050/1838/4 2054/1865/4 2057/1874/4
f 2057/1874/4 2054/1865/4 2053/1863/4 2058/1872/4
f 2058/1872/4 2053/1863/4 2052/1861/4 2059/1870/4
f 2059/1870/4 2052/1861/4 2051/1859/4 2060/1868/4
f 2060/1868/4 2051/1859/4 2049/1829/4 2056/1842/4
f 2056/1842/6 2008/1821/6 2005/1822/6 2037/1827/6
f 2069/1875/5 2063/1876/5 2062/1877/5 2067/1878/5
f 2070/1879/6 2068/1880/6 2065/1881/6 2066/1882/6
f 2063/1876/1 2066/1882/1 2065/1881/1 2062/1877/1
f 2071/1883/3 2072/1731/3 2451/1739/35 2458/1884/35
f 2069/1875/3 2070/1879/3 2066/1882/3 2063/1876/3
f 2062/1877/4 2065/1881/4 2068/1880/4 2067/1878/4
f 2061/1733/2 2064/1885/2 2457/1886/36 2452/1734/36
f 2204/1887/5 2205/1888/5 2193/1889/5 2464/1890/5 2468/1891/5 2467/1892/5 2466/1893/5 2465/1894/5 2463/1895/5
f 2074/1896/6 2071/1883/6 2458/1884/6 2462/1897/6 2461/1898/6 2460/1899/6 2459/1900/6 2457/1886/6 2064/1885/6
f 2078/1901/4 2076/1902/4 2067/1878/4 2068/1880/4
f 2064/1885/4 2061/1733/4 2073/1732/4 2074/1896/4
f 2098/1903/4 2091/1904/4 2076/1902/4 2078/1901/4
f 2103/1905/22 2110/1906/22 2072/1731/3 2071/1883/3
f 2110/1906/5 2115/1907/5 2073/1732/5 2072/1731/5
f 2077/1908/3 2075/1909/3 2086/1910/22 2079/1911/22
f 2080/1912/24 2085/1913/24 2109/1914/23 2104/1915/24
f 2085/1913/5 2092/1916/5 2116/1917/5 2109/1914/5
f 2075/1909/5 2076/1902/5 2091/1904/5 2086/1910/5
f 2097/1918/6 2080/1912/6 2104/1915/6 2121/1919/6
f 2074/1896/4 2073/1732/4 2115/1907/4 2122/1920/4
f 2121/1919/4 2116/1917/4 2092/1916/4 2097/1918/4
f 2069/1875/5 2067/1878/5 2076/1902/5 2075/1909/5
f 2068/1880/6 2070/1879/6 2077/1908/6 2078/1901/6
f 2070/1879/3 2069/1875/3 2075/1909/3 2077/1908/3
f 2098/1903/4 2102/1921/4 2093/1922/4 2091/1904/4
f 2102/1921/4 2101/1923/4 2094/1924/4 2093/1922/4
f 2101/1923/4 2100/1925/4 2095/1926/4 2094/1924/4
f 2100/1925/4 2099/1927/4 2096/1928/4 2095/1926/4
f 2099/1927/4 2097/1918/4 2092/1916/4 2096/1928/4
f 2080/1912/24 2084/1929/25 2087/1930/25 2085/1913/24
f 2084/1929/25 2083/1931/26 2088/1932/26 2087/1930/25
f 2083/1931/26 2082/1933/27 2089/1934/27 2088/1932/26
f 2082/1933/27 2081/1935/28 2090/1936/28 2089/1934/27
f 2081/1935/28 2079/1911/22 2086/1910/22 2090/1936/28
f 2097/1918/6 2099/1927/6 2084/1929/6 2080/1912/6
f 2099/1927/6 2100/1925/6 2083/1931/6 2084/1929/6
f 2100/1925/6 2101/1923/6 2082/1933/6 2083/1931/6
f 2101/1923/6 2102/1921/6 2081/1935/6 2082/1933/6
f 2102/1921/6 2098/1903/6 2079/1911/6 2081/1935/6
f 2085/1913/5 2087/1930/5 2096/1928/5 2092/1916/5
f 2087/1930/5 2088/1932/5 2095/1926/5 2096/1928/5
f 2088/1932/5 2089/1934/5 2094/1924/5 2095/1926/5
f 2089/1934/5 2090/1936/5 2093/1922/5 2094/1924/5
f 2090/1936/5 2086/1910/5 2091/1904/5 2093/1922/5
f 2078/1901/6 2077/1908/6 2079/1911/6 2098/1903/6
f 2110/1906/5 2114/1937/5 2117/1938/5 2115/1907/5
f 2114/1937/5 2113/1939/5 2118/1940/5 2117/1938/5
f 2113/1939/5 2112/1941/5 2119/1942/5 2118/1940/5
f 2112/1941/5 2111/1943/5 2120/1944/5 2119/1942/5
f 2111/1943/5 2109/1914/5 2116/1917/5 2120/1944/5
f 2122/1920/6 2126/1945/6 2105/1946/6 2103/1905/6
f 2126/1945/6 2125/1947/6 2106/1948/6 2105/1946/6
f 2125/1947/6 2124/1949/6 2107/1950/6 2106/1948/6
f 2124/1949/6 2123/1951/6 2108/1952/6 2107/1950/6
f 2123/1951/6 2121/1919/6 2104/1915/6 2108/1952/6
f 2103/1905/22 2105/1946/28 2114/1937/28 2110/1906/22
f 2105/1946/28 2106/1948/27 2113/1939/27 2114/1937/28
f 2106/1948/27 2107/1950/26 2112/1941/26 2113/1939/27
f 2107/1950/26 2108/1952/25 2111/1943/25 2112/1941/26
f 2108/1952/25 2104/1915/24 2109/1914/23 2111/1943/25
f 2121/1919/4 2123/1951/4 2120/1944/4 2116/1917/4
f 2123/1951/4 2124/1949/4 2119/1942/4 2120/1944/4
f 2124/1949/4 2125/1947/4 2118/1940/4 2119/1942/4
f 2125/1947/4 2126/1945/4 2117/1938/4 2118/1940/4
f 2126/1945/4 2122/1920/4 2115/1907/4 2117/1938/4
f 2122/1920/6 2103/1905/6 2071/1883/6 2074/1896/6
f 2136/1953/6 2553/1954/6 2555/1955/6 2556/1956/6 2557/1957/6 2558/1958/6 2554/1807/6 2132/1806/6 2134/1959/6
f 2559/1960/36 2260/1961/2 2264/1962/2 2566/1963/36
f 2135/1964/3 2548/1965/35 2553/1954/35 2136/1953/3
f 2127/1966/1 2129/1967/1 2130/1968/1 2131/1969/1
f 2135/1964/5 2133/1970/5 2128/1805/5 2547/1804/5 2549/1971/5 2550/1972/5 2551/1973/5 2552/1974/5 2548/1965/5
f 2128/1805/4 2133/1970/4 2134/1959/4 2132/1806/4
f 2138/1975/5 2129/1967/5 2127/1966/5 2139/1976/5
f 2140/1977/6 2131/1969/6 2130/1968/6 2137/1978/6
f 2137/1978/3 2130/1968/3 2129/1967/3 2138/1975/3
f 2144/1979/4 2134/1959/4 2133/1970/4 2142/1980/4
f 2131/1969/4 2140/1977/4 2139/1976/4 2127/1966/4
f 2164/1981/4 2144/1979/4 2142/1980/4 2157/1982/4
f 2169/1983/29 2137/1978/3 2138/1975/3 2176/1984/29
f 2176/1984/5 2138/1975/5 2139/1976/5 2181/1985/5
f 2143/1986/3 2145/1987/29 2152/1988/29 2141/1989/3
f 2146/1990/30 2170/1991/30 2175/1992/30 2151/1993/30
f 2151/1993/5 2175/1992/5 2182/1994/5 2158/1995/5
f 2141/1989/5 2152/1988/5 2157/1982/5 2142/1980/5
f 2163/1996/6 2187/1997/6 2170/1991/6 2146/1990/6
f 2140/1977/4 2188/1998/4 2181/1985/4 2139/1976/4
f 2187/1997/4 2163/1996/4 2158/1995/4 2182/1994/4
f 2135/1964/5 2141/1989/5 2142/1980/5 2133/1970/5
f 2134/1959/6 2144/1979/6 2143/1986/6 2136/1953/6
f 2136/1953/3 2143/1986/3 2141/1989/3 2135/1964/3
f 2164/1981/4 2157/1982/4 2159/1999/4 2168/2000/4
f 2168/2000/4 2159/1999/4 2160/2001/4 2167/2002/4
f 2167/2002/4 2160/2001/4 2161/2003/4 2166/2004/4
f 2166/2004/4 2161/2003/4 2162/2005/4 2165/2006/4
f 2165/2006/4 2162/2005/4 2158/1995/4 2163/1996/4
f 2146/1990/30 2151/1993/30 2153/2007/31 2150/2008/31
f 2150/2008/31 2153/2007/31 2154/2009/32 2149/2010/32
f 2149/2010/32 2154/2009/32 2155/2011/33 2148/2012/33
f 2148/2012/33 2155/2011/33 2156/2013/34 2147/2014/34
f 2147/2014/34 2156/2013/34 2152/1988/29 2145/1987/29
f 2163/1996/6 2146/1990/6 2150/2008/6 2165/2006/6
f 2165/2006/6 2150/2008/6 2149/2010/6 2166/2004/6
f 2166/2004/6 2149/2010/6 2148/2012/6 2167/2002/6
f 2167/2002/6 2148/2012/6 2147/2014/6 2168/2000/6
f 2168/2000/6 2147/2014/6 2145/1987/6 2164/1981/6
f 2151/1993/5 2158/1995/5 2162/2005/5 2153/2007/5
f 2153/2007/5 2162/2005/5 2161/2003/5 2154/2009/5
f 2154/2009/5 2161/2003/5 2160/2001/5 2155/2011/5
f 2155/2011/5 2160/2001/5 2159/1999/5 2156/2013/5
f 2156/2013/5 2159/1999/5 2157/1982/5 2152/1988/5
f 2144/1979/6 2164/1981/6 2145/1987/6 2143/1986/6
f 2176/1984/5 2181/1985/5 2183/2015/5 2180/2016/5
f 2180/2016/5 2183/2015/5 2184/2017/5 2179/2018/5
f 2179/2018/5 2184/2017/5 2185/2019/5 2178/2020/5
f 2178/2020/5 2185/2019/5 2186/2021/5 2177/2022/5
f 2177/2022/5 2186/2021/5 2182/1994/5 2175/1992/5
f 2188/1998/6 2169/1983/6 2171/2023/6 2192/2024/6
f 2192/2024/6 2171/2023/6 2172/2025/6 2191/2026/6
f 2191/2026/6 2172/2025/6 2173/2027/6 2190/2028/6
f 2190/2028/6 2173/2027/6 2174/2029/6 2189/2030/6
f 2189/2030/6 2174/2029/6 2170/1991/6 2187/1997/6
f 2169/1983/29 2176/1984/29 2180/2016/34 2171/2023/34
f 2171/2023/34 2180/2016/34 2179/2018/33 2172/2025/33
f 2172/2025/33 2179/2018/33 2178/2020/32 2173/2027/32
f 2173/2027/32 2178/2020/32 2177/2022/31 2174/2029/31
f 2174/2029/31 2177/2022/31 2175/1992/30 2170/1991/30
f 2187/1997/4 2182/1994/4 2186/2021/4 2189/2030/4
f 2189/2030/4 2186/2021/4 2185/2019/4 2190/2028/4
f 2190/2028/4 2185/2019/4 2184/2017/4 2191/2026/4
f 2191/2026/4 2184/2017/4 2183/2015/4 2192/2024/4
f 2192/2024/4 2183/2015/4 2181/1985/4 2188/1998/4
f 2188/1998/6 2140/1977/6 2137/1978/6 2169/1983/6
f 2201/2031/5 2195/2032/5 2194/2033/5 2199/2034/5
f 2202/2035/6 2200/2036/6 2197/2037/6 2198/2038/6
f 2195/2032/1 2198/2038/1 2197/2037/1 2194/2033/1
f 2203/2039/3 2204/1887/3 2463/1895/35 2470/2040/35
f 2201/2031/3 2202/2035/3 2198/2038/3 2195/2032/3
f 2194/2033/4 2197/2037/4 2200/2036/4 2199/2034/4
f 2193/1889/2 2196/2041/2 2469/2042/36 2464/1890/36
f 2335/2043/5 2336/2044/5 2325/2045/5 2476/2046/5 2480/2047/5 2479/2048/5 2478/2049/5 2477/2050/5 2475/2051/5
f 2206/2052/6 2203/2039/6 2470/2040/6 2474/2053/6 2473/2054/6 2472/2055/6 2471/2056/6 2469/2042/6 2196/2041/6
f 2210/2057/4 2208/2058/4 2199/2034/4 2200/2036/4
f 2196/2041/4 2193/1889/4 2205/1888/4 2206/2052/4
f 2230/2059/4 2223/2060/4 2208/2058/4 2210/2057/4
f 2235/2061/22 2242/2062/22 2204/1887/3 2203/2039/3
f 2242/2062/5 2247/2063/5 2205/1888/5 2204/1887/5
f 2209/2064/3 2207/2065/3 2218/2066/22 2211/2067/22
f 2212/2068/23 2217/2069/23 2241/2070/24 2236/2071/24
f 2217/2069/5 2224/2072/5 2248/2073/5 2241/2070/5
f 2207/2065/5 2208/2058/5 2223/2060/5 2218/2066/5
f 2229/2074/6 2212/2068/6 2236/2071/6 2253/2075/6
f 2206/2052/4 2205/1888/4 2247/2063/4 2254/2076/4
f 2253/2075/4 2248/2073/4 2224/2072/4 2229/2074/4
f 2201/2031/5 2199/2034/5 2208/2058/5 2207/2065/5
f 2200/2036/6 2202/2035/6 2209/2064/6 2210/2057/6
f 2202/2035/3 2201/2031/3 2207/2065/3 2209/2064/3
f 2230/2059/4 2234/2077/4 2225/2078/4 2223/2060/4
f 2234/2077/4 2233/2079/4 2226/2080/4 2225/2078/4
f 2233/2079/4 2232/2081/4 2227/2082/4 2226/2080/4
f 2232/2081/4 2231/2083/4 2228/2084/4 2227/2082/4
f 2231/2083/4 2229/2074/4 2224/2072/4 2228/2084/4
f 2212/2068/23 2216/2085/25 2219/2086/25 2217/2069/23
f 2216/2085/25 2215/2087/26 2220/2088/26 2219/2086/25
f 2215/2087/26 2214/2089/27 2221/2090/27 2220/2088/26
f 2214/2089/27 2213/2091/28 2222/2092/28 2221/2090/27
f 2213/2091/28 2211/2067/22 2218/2066/22 2222/2092/28
f 2229/2074/6 2231/2083/6 2216/2085/6 2212/2068/6
f 2231/2083/6 2232/2081/6 2215/2087/6 2216/2085/6
f 2232/2081/6 2233/2079/6 2214/2089/6 2215/2087/6
f 2233/2079/6 2234/2077/6 2213/2091/6 2214/2089/6
f 2234/2077/6 2230/2059/6 2211/2067/6 2213/2091/6
f 2217/2069/5 2219/2086/5 2228/2084/5 2224/2072/5
f 2219/2086/5 2220/2088/5 2227/2082/5 2228/2084/5
f 2220/2088/5 2221/2090/5 2226/2080/5 2227/2082/5
f 2221/2090/5 2222/2092/5 2225/2078/5 2226/2080/5
f 2222/2092/5 2218/2066/5 2223/2060/5 2225/2078/5
f 2210/2057/6 2209/2064/6 2211/2067/6 2230/2059/6
f 2242/2062/5 2246/2093/5 2249/2094/5 2247/2063/5
f 2246/2093/5 2245/2095/5 2250/2096/5 2249/2094/5
f 2245/2095/5 2244/2097/5 2251/2098/5 2250/2096/5
f 2244/2097/5 2243/2099/5 2252/2100/5 2251/2098/5
f 2243/2099/5 2241/2070/5 2248/2073/5 2252/2100/5
f 2254/2076/6 2258/2101/6 2237/2102/6 2235/2061/6
f 2258/2101/6 2257/2103/6 2238/2104/6 2237/2102/6
f 2257/2103/6 2256/2105/6 2239/2106/6 2238/2104/6
f 2256/2105/6 2255/2107/6 2240/2108/6 2239/2106/6
f 2255/2107/6 2253/2075/6 2236/2071/6 2240/2108/6
f 2235/2061/22 2237/2102/28 2246/2093/28 2242/2062/22
f 2237/2102/28 2238/2104/27 2245/2095/27 2246/2093/28
f 2238/2104/27 2239/2106/26 2244/2097/26 2245/2095/27
f 2239/2106/26 2240/2108/25 2243/2099/25 2244/2097/26
f 2240/2108/25 2236/2071/24 2241/2070/24 2243/2099/25
f 2253/2075/4 2255/2107/4 2252/2100/4 2248/2073/4
f 2255/2107/4 2256/2105/4 2251/2098/4 2252/2100/4
f 2256/2105/4 2257/2103/4 2250/2096/4 2251/2098/4
f 2257/2103/4 2258/2101/4 2249/2094/4 2250/2096/4
f 2258/2101/4 2254/2076/4 2247/2063/4 2249/2094/4
f 2254/2076/6 2235/2061/6 2203/2039/6 2206/2052/6
f 2268/2109/6 2565/2110/6 2567/2111/6 2568/2112/6 2569/2113/6 2570/2114/6 2566/1963/6 2264/1962/6 2266/2115/6
f 2267/2116/3 2560/2117/35 2565/2110/35 2268/2109/3
f 2259/2118/1 2261/2119/1 2262/2120/1 2263/2121/1
f 2267/2116/5 2265/2122/5 2260/1961/5 2559/1960/5 2561/2123/5 2562/2124/5 2563/2125/5 2564/2126/5 2560/2117/5
f 2260/1961/4 2265/2122/4 2266/2115/4 2264/1962/4
f 2270/2127/5 2261/2119/5 2259/2118/5 2271/2128/5
f 2272/2129/6 2263/2121/6 2262/2120/6 2269/2130/6
f 2269/2130/3 2262/2120/3 2261/2119/3 2270/2127/3
f 2276/2131/4 2266/2115/4 2265/2122/4 2274/2132/4
f 2263/2121/4 2272/2129/4 2271/2128/4 2259/2118/4
f 2296/2133/4 2276/2131/4 2274/2132/4 2289/2134/4
f 2301/2135/29 2269/2130/3 2270/2127/3 2308/2136/29
f 2308/2136/5 2270/2127/5 2271/2128/5 2313/2137/5
f 2275/2138/3 2277/2139/29 2284/2140/29 2273/2141/3
f 2278/2142/30 2302/2143/30 2307/2144/30 2283/2145/30
f 2283/2145/5 2307/2144/5 2314/2146/5 2290/2147/5
f 2273/2141/5 2284/2140/5 2289/2134/5 2274/2132/5
f 2295/2148/6 2319/2149/6 2302/2143/6 2278/2142/6
f 2272/2129/4 2320/2150/4 2313/2137/4 2271/2128/4
f 2319/2149/4 2295/2148/4 2290/2147/4 2314/2146/4
f 2267/2116/5 2273/2141/5 2274/2132/5 2265/2122/5
f 2266/2115/6 2276/2131/6 2275/2138/6 2268/2109/6
f 2268/2109/3 2275/2138/3 2273/2141/3 2267/2116/3
f 2296/2133/4 2289/2134/4 2291/2151/4 2300/2152/4
f 2300/2152/4 2291/2151/4 2292/2153/4 2299/2154/4
f 2299/2154/4 2292/2153/4 2293/2155/4 2298/2156/4
f 2298/2156/4 2293/2155/4 2294/2157/4 2297/2158/4
f 2297/2158/4 2294/2157/4 2290/2147/4 2295/2148/4
f 2278/2142/30 2283/2145/30 2285/2159/31 2282/2160/31
f 2282/2160/31 2285/2159/31 2286/2161/32 2281/2162/32
f 2281/2162/32 2286/2161/32 2287/2163/33 2280/2164/33
f 2280/2164/33 2287/2163/33 2288/2165/34 2279/2166/34
f 2279/2166/34 2288/2165/34 2284/2140/29 2277/2139/29
f 2295/2148/6 2278/2142/6 2282/2160/6 2297/2158/6
f 2297/2158/6 2282/2160/6 2281/2162/6 2298/2156/6
f 2298/2156/6 2281/2162/6 2280/2164/6 2299/2154/6
f 2299/2154/6 2280/2164/6 2279/2166/6 2300/2152/6
f 2300/2152/6 2279/2166/6 2277/2139/6 2296/2133/6
f 2283/2145/5 2290/2147/5 2294/2157/5 2285/2159/5
f 2285/2159/5 2294/2157/5 2293/2155/5 2286/2161/5
f 2286/2161/5 2293/2155/5 2292/2153/5 2287/2163/5
f 2287/2163/5 2292/2153/5 2291/2151/5 2288/2165/5
f 2288/2165/5 2291/2151/5 2289/2134/5 2284/2140/5
f 2276/2131/6 2296/2133/6 2277/2139/6 2275/2138/6
f 2308/2136/5 2313/2137/5 2315/2167/5 2312/2168/5
f 2312/2168/5 2315/2167/5 2316/2169/5 2311/2170/5
f 2311/2170/5 2316/2169/5 2317/2171/5 2310/2172/5
f 2310/2172/5 2317/2171/5 2318/2173/5 2309/2174/5
f 2309/2174/5 2318/2173/5 2314/2146/5 2307/2144/5
f 2320/2150/6 2301/2135/6 2303/2175/6 2324/2176/6
f 2324/2176/6 2303/2175/6 2304/2177/6 2323/2178/6
f 2323/2178/6 2304/2177/6 2305/2179/6 2322/2180/6
f 2322/2180/6 2305/2179/6 2306/2181/6 2321/2182/6
f 2321/2182/6 2306/2181/6 2302/2143/6 2319/2149/6
f 2301/2135/29 2308/2136/29 2312/2168/34 2303/2175/34
f 2303/2175/34 2312/2168/34 2311/2170/33 2304/2177/33
f 2304/2177/33 2311/2170/33 2310/2172/32 2305/2179/32
f 2305/2179/32 2310/2172/32 2309/2174/31 2306/2181/31
f 2306/2181/31 2309/2174/31 2307/2144/30 2302/2143/30
f 2319/2149/4 2314/2146/4 2318/2173/4 2321/2182/4
f 2321/2182/4 2318/2173/4 2317/2171/4 2322/2180/4
f 2322/2180/4 2317/2171/4 2316/2169/4 2323/2178/4
f 2323/2178/4 2316/2169/4 2315/2167/4 2324/2176/4
f 2324/2176/4 2315/2167/4 2313/2137/4 2320/2150/4
f 2320/2150/6 2272/2129/6 2269/2130/6 2301/2135/6
f 2332/2183/5 2327/2184/5 2326/2185/5 2330/2186/5
f 2333/2187/6 2331/2188/6 2328/2189/6 2329/2190/6
f 2327/2184/1 2329/2190/1 2328/2189/1 2326/2185/1
f 2334/2191/3 2335/2043/3 2475/2051/35 2482/2192/35
f 2332/2183/3 2333/2187/3 2329/2190/3 2327/2184/3
f 2326/2185/4 2328/2189/4 2331/2188/4 2330/2186/4
f 2325/2045/2 2390/2193/2 2481/2194/36 2476/2046/36
f 2337/2195/6 2334/2191/6 2482/2192/6 2486/2196/6 2485/2197/6 2484/2198/6 2483/2199/6 2481/2194/6 2390/2193/6
f 2341/2200/4 2339/2201/4 2330/2186/4 2331/2188/4
f 2390/2193/4 2325/2045/4 2336/2044/4 2337/2195/4
f 2361/2202/4 2354/2203/4 2339/2201/4 2341/2200/4
f 2366/2204/22 2373/2205/22 2335/2043/3 2334/2191/3
f 2373/2205/5 2378/2206/5 2336/2044/5 2335/2043/5
f 2340/2207/3 2338/2208/3 2349/2209/22 2342/2210/22
f 2343/2211/24 2348/2212/24 2372/2213/23 2367/2214/23
f 2348/2212/5 2355/2215/5 2379/2216/5 2372/2213/5
f 2338/2208/5 2339/2201/5 2354/2203/5 2349/2209/5
f 2360/2217/6 2343/2211/6 2367/2214/6 2384/2218/6
f 2337/2195/4 2336/2044/4 2378/2206/4 2385/2219/4
f 2384/2218/4 2379/2216/4 2355/2215/4 2360/2217/4
f 2332/2183/5 2330/2186/5 2339/2201/5 2338/2208/5
f 2331/2188/6 2333/2187/6 2340/2207/6 2341/2200/6
f 2333/2187/3 2332/2183/3 2338/2208/3 2340/2207/3
f 2361/2202/4 2365/2220/4 2356/2221/4 2354/2203/4
f 2365/2220/4 2364/2222/4 2357/2223/4 2356/2221/4
f 2364/2222/4 2363/2224/4 2358/2225/4 2357/2223/4
f 2363/2224/4 2362/2226/4 2359/2227/4 2358/2225/4
f 2362/2226/4 2360/2217/4 2355/2215/4 2359/2227/4
f 2343/2211/24 2347/2228/25 2350/2229/25 2348/2212/24
f 2347/2228/25 2346/2230/26 2351/2231/26 2350/2229/25
f 2346/2230/26 2345/2232/27 2352/2233/27 2351/2231/26
f 2345/2232/27 2344/2234/28 2353/2235/28 2352/2233/27
f 2344/2234/28 2342/2210/22 2349/2209/22 2353/2235/28
f 2360/2217/6 2362/2226/6 2347/2228/6 2343/2211/6
f 2362/2226/6 2363/2224/6 2346/2230/6 2347/2228/6
f 2363/2224/6 2364/2222/6 2345/2232/6 2346/2230/6
f 2364/2222/6 2365/2220/6 2344/2234/6 2345/2232/6
f 2365/2220/6 2361/2202/6 2342/2210/6 2344/2234/6
f 2348/2212/5 2350/2229/5 2359/2227/5 2355/2215/5
f 2350/2229/5 2351/2231/5 2358/2225/5 2359/2227/5
f 2351/2231/5 2352/2233/5 2357/2223/5 2358/2225/5
f 2352/2233/5 2353/2235/5 2356/2221/5 2357/2223/5
f 2353/2235/5 2349/2209/5 2354/2203/5 2356/2221/5
f 2341/2200/6 2340/2207/6 2342/2210/6 2361/2202/6
f 2373/2205/5 2377/2236/5 2380/2237/5 2378/2206/5
f 2377/2236/5 2376/2238/5 2381/2239/5 2380/2237/5
f 2376/2238/5 2375/2240/5 2382/2241/5 2381/2239/5
f 2375/2240/5 2374/2242/5 2383/2243/5 2382/2241/5
f 2374/2242/5 2372/2213/5 2379/2216/5 2383/2243/5
f 2385/2219/6 2389/2244/6 2368/2245/6 2366/2204/6
f 2389/2244/6 2388/2246/6 2369/2247/6 2368/2245/6
f 2388/2246/6 2387/2248/6 2370/2249/6 2369/2247/6
f 2387/2248/6 2386/2250/6 2371/2251/6 2370/2249/6
f 2386/2250/6 2384/2218/6 2367/2214/6 2371/2251/6
f 2366/2204/22 2368/2245/28 2377/2236/28 2373/2205/22
f 2368/2245/28 2369/2247/27 2376/2238/27 2377/2236/28
f 2369/2247/27 2370/2249/26 2375/2240/26 2376/2238/27
f 2370/2249/26 2371/2251/25 2374/2242/25 2375/2240/26
f 2371/2251/25 2367/2214/23 2372/2213/23 2374/2242/25
f 2384/2218/4 2386/2250/4 2383/2243/4 2379/2216/4
f 2386/2250/4 2387/2248/4 2382/2241/4 2383/2243/4
f 2387/2248/4 2388/2246/4 2381/2239/4 2382/2241/4
f 2388/2246/4 2389/2244/4 2380/2237/4 2381/2239/4
f 2389/2244/4 2385/2219/4 2378/2206/4 2380/2237/4
f 2385/2219/6 2366/2204/6 2334/2191/6 2337/2195/6
f 2391/1096/35 2393/2252/37 2402/1112/37 2398/1097/35
f 2393/2252/37 2394/2253/38 2401/1113/38 2402/1112/37
f 2394/2253/38 2395/2254/39 2400/1114/39 2401/1113/38
f 2395/2254/39 2396/2255/40 2399/1115/40 2400/1114/39
f 2396/2255/40 2392/1101/36 2397/1100/36 2399/1115/40
f 2403/1110/35 2405/1109/37 2414/1273/37 2410/1260/35
f 2405/1109/37 2406/1108/38 2413/1274/38 2414/1273/37
f 2406/1108/38 2407/1107/39 2412/1275/39 2413/1274/38
f 2407/1107/39 2408/1106/40 2411/1276/40 2412/1275/39
f 2408/1106/40 2404/1105/36 2409/1262/36 2411/1276/40
f 2415/1271/35 2417/1270/37 2426/1429/37 2422/1416/35
f 2417/1270/37 2418/1269/38 2425/1430/38 2426/1429/37
f 2418/1269/38 2419/1268/39 2424/1431/39 2425/1430/38
f 2419/1268/39 2420/1267/40 2423/1432/40 2424/1431/39
f 2420/1267/40 2416/1266/36 2421/1418/36 2423/1432/40
f 2427/1427/35 2429/1426/37 2438/1585/37 2434/1572/35
f 2429/1426/37 2430/1425/38 2437/1586/38 2438/1585/37
f 2430/1425/38 2431/1424/39 2436/1587/39 2437/1586/38
f 2431/1424/39 2432/1423/40 2435/1588/40 2436/1587/39
f 2432/1423/40 2428/1422/36 2433/1574/36 2435/1588/40
f 2439/1583/35 2441/1582/37 2450/1741/37 2446/1728/35
f 2441/1582/37 2442/1581/38 2449/1742/38 2450/1741/37
f 2442/1581/38 2443/1580/39 2448/1743/39 2449/1742/38
f 2443/1580/39 2444/1579/40 2447/1744/40 2448/1743/39
f 2444/1579/40 2440/1578/36 2445/1730/36 2447/1744/40
f 2451/1739/35 2453/1738/37 2462/1897/37 2458/1884/35
f 2453/1738/37 2454/1737/38 2461/1898/38 2462/1897/37
f 2454/1737/38 2455/1736/39 2460/1899/39 2461/1898/38
f 2455/1736/39 2456/1735/40 2459/1900/40 2460/1899/39
f 2456/1735/40 2452/1734/36 2457/1886/36 2459/1900/40
f 2463/1895/35 2465/1894/37 2474/2053/37 2470/2040/35
f 2465/1894/37 2466/1893/38 2473/2054/38 2474/2053/37
f 2466/1893/38 2467/1892/39 2472/2055/39 2473/2054/38
f 2467/1892/39 2468/1891/40 2471/2056/40 2472/2055/39
f 2468/1891/40 2464/1890/36 2469/2042/36 2471/2056/40
f 2475/2051/35 2477/2050/37 2486/2196/37 2482/2192/35
f 2477/2050/37 2478/2049/38 2485/2197/38 2486/2196/37
f 2478/2049/38 2479/2048/39 2484/2198/39 2485/2197/38
f 2479/2048/39 2480/2047/40 2483/2199/40 2484/2198/39
f 2480/2047/40 2476/2046/36 2481/2194/36 2483/2199/40
f 1412/1095/5 1413/1118/5 1401/1098/5 2392/1101/5 2396/2255/5 2395/2254/5 2394/2253/5 2393/2252/5 2391/1096/5
f 2493/1170/35 2488/1183/35 2492/1194/37 2495/1171/37
f 2495/1171/37 2492/1194/37 2491/1193/41 2496/1172/41
f 2496/1172/41 2491/1193/41 2490/1192/39 2497/1173/39
f 2497/1173/39 2490/1192/39 2489/1191/40 2498/1174/40
f 2498/1174/40 2489/1191/40 2487/1190/36 2494/1175/36
f 2505/1330/35 2500/1341/35 2504/1350/37 2507/1331/37
f 2507/1331/37 2504/1350/37 2503/1349/38 2508/1332/38
f 2508/1332/38 2503/1349/38 2502/1348/39 2509/1333/39
f 2509/1333/39 2502/1348/39 2501/1347/40 2510/1334/40
f 2510/1334/40 2501/1347/40 2499/1178/36 2506/1181/36
f 2517/1486/35 2512/1497/35 2516/1506/37 2519/1487/37
f 2519/1487/37 2516/1506/37 2515/1505/38 2520/1488/38
f 2520/1488/38 2515/1505/38 2514/1504/39 2521/1489/39
f 2521/1489/39 2514/1504/39 2513/1503/40 2522/1490/40
f 2522/1490/40 2513/1503/40 2511/1336/36 2518/1339/36
f 2529/1642/35 2524/1653/35 2528/1662/37 2531/1643/37
f 2531/1643/37 2528/1662/37 2527/1661/38 2532/1644/38
f 2532/1644/38 2527/1661/38 2526/1660/39 2533/1645/39
f 2533/1645/39 2526/1660/39 2525/1659/40 2534/1646/40
f 2534/1646/40 2525/1659/40 2523/1492/36 2530/1495/36
f 2541/1798/35 2536/1809/35 2540/1818/37 2543/1799/37
f 2543/1799/37 2540/1818/37 2539/1817/38 2544/1800/38
f 2544/1800/38 2539/1817/38 2538/1816/39 2545/1801/39
f 2545/1801/39 2538/1816/39 2537/1815/40 2546/1802/40
f 2546/1802/40 2537/1815/40 2535/1648/36 2542/1651/36
f 2553/1954/35 2548/1965/35 2552/1974/37 2555/1955/37
f 2555/1955/37 2552/1974/37 2551/1973/38 2556/1956/38
f 2556/1956/38 2551/1973/38 2550/1972/39 2557/1957/39
f 2557/1957/39 2550/1972/39 2549/1971/40 2558/1958/40
f 2558/1958/40 2549/1971/40 2547/1804/36 2554/1807/36
f 2565/2110/35 2560/2117/35 2564/2126/37 2567/2111/37
f 2567/2111/37 2564/2126/37 2563/2125/38 2568/2112/38
f 2568/2112/38 2563/2125/38 2562/2124/39 2569/2113/39
f 2569/2113/39 2562/2124/39 2561/2123/40 2570/2114/40
f 2570/2114/40 2561/2123/40 2559/1960/36 2566/1963/36
f 2487/1190/36 1468/1189/2 1472/1176/2 2494/1175/36
f 2650/2256/3 1264/2257/3 1257/935/3 2640/2258/3
f 1155/2259/6 3362/2260/6 3450/2261/6 3444/945/6
f 2650/2256/3 2640/2258/3 2639/927/3 2649/926/3
f 2577/2262/6 2661/2263/6 2668/2264/6 21/2265/6
f 2662/2266/6 1193/2267/6 1190/2268/6 2667/2269/6
f 2662/2266/6 2667/2269/6 2668/2264/6 2661/2263/6
f 2574/2270/6 2691/929/6 2690/932/6 1189/2271/6
f 1233/938/6 3276/923/6 3278/924/6 1235/939/6
f 2572/944/6 1208/943/6 3295/914/6 3318/913/6
f 3444/945/6 3450/2261/6 3364/2272/6 2571/946/6
f 1264/2257/1 3443/947/1 3437/936/1 1257/935/1
f 1192/2273/6 1155/2259/6 3444/945/6 3446/933/6
f 1184/2274/6 49/2275/6 3436/942/6 3445/941/6
f 974/2276/6 3440/937/6 3442/940/6 977/2277/6
f 1192/2273/6 3446/933/6 3437/936/6 1191/949/6
usemtl woodroof
f 3432/2278/42 3256/2279/42 1202/2280/42 3399/2281/42
f 950/2282/42 1165/2283/42 1163/2284/42 964/2285/42
f 3259/2286/43 3245/2287/43 19/2288/43 2589/2289/43
f 1126/2290/1 964/2285/1 26/2291/1 1109/2292/1
f 1057/2293/2 1050/2294/2 24/2295/2 15/2296/2
f 3313/2297/1 1109/2292/1 26/2291/1 3290/2298/1
f 2606/2299/2 1047/2300/2 17/2301/2 2588/2302/2
f 2613/2303/1 1124/2304/1 5/2305/1 2578/2306/1
f 1160/2307/42 2579/2308/42 13/2309/44 1175/2310/44
f 2612/2311/1 1123/2312/1 13/2309/1 2579/2308/1
f 2605/2313/2 1058/2314/2 180/2315/2 2589/2289/2
f 1120/2316/1 1108/2317/1 25/2318/1 963/2319/1
f 3235/2320/42 971/2321/42 20/2322/42 3246/2323/42
f 1054/2324/2 1049/2325/2 20/2322/2 971/2321/2
f 3287/2326/42 3290/2298/42 26/2291/42 1179/2327/42
f 1108/2317/1 1106/2328/1 14/2329/1 25/2318/1
f 3416/2330/2 1057/2293/2 15/2296/2 3399/2281/2
f 1060/2331/2 965/2332/2 24/2295/2 1050/2294/2
f 1164/2333/43 963/2319/43 25/2318/43 1178/2334/43
f 1048/2335/2 19/2288/2 951/2336/2 1059/2337/2
f 1047/2300/2 1053/2338/2 952/2339/2 17/2301/2
f 1124/2304/1 1119/2340/1 949/2341/1 5/2305/1
f 1255/2342/43 5/2305/43 949/2341/43 1166/2343/43
f 1107/2344/1 16/2345/1 950/2282/1 1125/2346/1
f 1059/2337/2 951/2336/2 965/2332/2 1060/2331/2
f 3243/2347/42 17/2301/42 952/2339/42 3236/2348/42
f 1053/2338/2 1054/2324/2 971/2321/2 952/2339/2
f 1119/2340/1 1120/2316/1 963/2319/1 949/2341/1
f 1166/2343/43 949/2341/43 963/2319/43 1164/2333/43
f 1125/2346/1 950/2282/1 964/2285/1 1126/2290/1
f 1165/2283/42 3236/2348/42 3235/2320/42 1163/2284/42
f 3370/2349/42 1200/2350/42 1162/2351/42 3395/2352/42
f 2578/2306/43 5/2305/43 1255/2342/43 1159/2353/43
f 3234/2354/42 1160/2307/42 1175/2310/44 3248/2355/44
f 964/2285/42 1163/2284/42 1179/2327/42 26/2291/42
f 3328/2356/42 3287/2326/42 1179/2327/42 3246/2323/42
f 3254/2357/43 1164/2333/43 1178/2334/43 3242/2358/43
f 14/2329/43 1256/2359/43 1178/2334/43 25/2318/43
f 2578/2306/43 1159/2353/43 1176/2360/45 12/2361/45
f 3245/2287/43 1255/2342/43 1166/2343/43 3253/2362/43
f 16/2345/42 1180/2363/42 1165/2283/42 950/2282/42
f 3253/2362/43 1166/2343/43 1164/2333/43 3254/2357/43
f 1160/2307/42 1180/2363/42 16/2345/42 2579/2308/42
f 3283/2364/2 1245/2365/2 1202/2280/2 3261/2366/2
f 3234/2354/42 3243/2347/42 1180/2363/42 1160/2307/42
f 3392/2367/1 1250/2368/1 1200/2350/1 3370/2349/1
f 3255/2369/43 15/2296/43 24/2295/43 3242/2358/43
f 3259/2286/43 2589/2289/43 180/2315/46 3241/2370/45
f 1048/2335/2 2605/2313/2 2589/2289/2 19/2288/2
f 1107/2344/1 2612/2311/1 2579/2308/1 16/2345/1
f 1105/2371/1 2613/2303/1 2578/2306/1 12/2361/1
f 1051/2372/2 2606/2299/2 2588/2302/2 178/2373/2
f 3236/2348/42 952/2339/42 971/2321/42 3235/2320/42
f 1159/2353/43 3259/2286/43 3241/2370/45 1176/2360/45
f 1256/2359/43 3255/2369/43 3242/2358/43 1178/2334/43
f 2588/2302/42 17/2301/42 3243/2347/42 3234/2354/42
f 951/2336/43 3253/2362/43 3254/2357/43 965/2332/43
f 19/2288/43 3245/2287/43 3253/2362/43 951/2336/43
f 965/2332/43 3254/2357/43 3242/2358/43 24/2295/43
f 3261/2366/42 3328/2356/42 3246/2323/42 20/2322/42
f 2588/2302/42 3234/2354/42 3248/2355/44 178/2373/47
f 1180/2363/42 3243/2347/42 3236/2348/42 1165/2283/42
f 1163/2284/42 3235/2320/42 3246/2323/42 1179/2327/42
f 1159/2353/43 1255/2342/43 3245/2287/43 3259/2286/43
f 3395/2352/42 1162/2351/42 3256/2279/42 3432/2278/42
f 1202/2280/42 3256/2279/42 3328/2356/42 3261/2366/42
f 1049/2325/2 3283/2364/2 3261/2366/2 20/2322/2
f 3357/2374/48 3356/2375/48 3287/2326/48 3328/2356/48
f 1162/2351/42 1200/2350/42 3290/2298/42 3287/2326/42
f 1250/2368/1 3313/2297/1 3290/2298/1 1200/2350/1
f 3354/2376/1 3357/2374/1 3328/2356/1 3256/2279/1
f 3356/2375/2 3355/2377/2 1162/2351/2 3287/2326/2
f 3355/2377/49 3354/2376/49 3256/2279/49 1162/2351/49
f 3361/2378/49 3353/2379/49 3349/2380/49 3348/2381/49
f 3358/2382/2 3361/2378/2 3348/2381/2 3347/2383/2
f 3353/2379/1 3359/2384/1 3346/2385/1 3349/2380/1
f 3359/2384/48 3358/2382/48 3347/2383/48 3346/2385/48
f 3348/2381/50 3349/2380/51 3354/2376/52 3355/2377/53
f 3347/2383/54 3348/2381/50 3355/2377/53 3356/2375/55
f 3349/2380/51 3346/2385/56 3357/2374/57 3354/2376/52
f 3346/2385/56 3347/2383/54 3356/2375/55 3357/2374/57
f 3358/2382/58 3359/2384/59 3350/2386/60 3351/2387/61
f 3359/2384/59 3353/2379/62 3360/2388/63 3350/2386/60
f 3361/2378/64 3358/2382/58 3351/2387/61 3352/2389/65
f 3353/2379/62 3361/2378/64 3352/2389/65 3360/2388/63
f 1256/2359/42 3395/2352/42 3432/2278/42 3255/2369/42
f 1106/2328/1 3392/2367/1 3370/2349/1 14/2329/1
f 14/2329/42 3370/2349/42 3395/2352/42 1256/2359/42
f 1245/2365/2 3416/2330/2 3399/2281/2 1202/2280/2
f 3255/2369/42 3432/2278/42 3399/2281/42 15/2296/42
usemtl woodenroof1
s off
f 2695/2390/1 2696/2391/1 2699/2392/1 2698/2393/1
f 2697/2394/1 2694/2395/1 2698/2393/1 2699/2392/1
f 2704/2396/42 2698/2393/42 2694/2395/42 2703/2397/42
f 2697/2394/66 2699/2392/66 2705/2398/66 2701/2399/66
f 2700/2400/2 2704/2396/2 2705/2398/2 2702/2401/2
f 2701/2399/2 2705/2398/2 2704/2396/2 2703/2397/2
f 2704/2396/67 2700/2400/67 2695/2390/67 2698/2393/67
f 2702/2401/2 2701/2399/2 2703/2397/2 2700/2400/2
f 2697/2394/5 2701/2399/5 2702/2401/5 2696/2391/5
f 2700/2400/6 2703/2397/6 2694/2395/6 2695/2390/6
f 2699/2392/68 2696/2391/68 2702/2401/68 2705/2398/68
f 2694/2395/1 2697/2394/1 2696/2391/1 2695/2390/1
f 2712/2402/2 2711/2403/2 2713/2404/2 2710/2405/2
f 2709/2406/5 2711/2403/5 2712/2402/5 2708/2407/5
f 2710/2405/6 2713/2404/6 2706/2408/6 2707/2409/6
f 2706/2408/1 2709/2406/1 2708/2407/1 2707/2409/1
f 2707/2409/69 2708/2407/69 2712/2402/69 2710/2405/69
f 2709/2406/70 2706/2408/70 2713/2404/70 2711/2403/70
f 2715/2410/1 2716/2411/1 2719/2412/1 2718/2413/1
f 2717/2414/1 2714/2415/1 2718/2413/1 2719/2412/1
f 2724/2416/42 2718/2413/42 2714/2415/42 2723/2417/42
f 2717/2414/66 2719/2412/66 2725/2418/66 2721/2419/66
f 2720/2420/2 2724/2416/2 2725/2418/2 2722/2421/2
f 2721/2419/2 2725/2418/2 2724/2416/2 2723/2417/2
f 2724/2416/67 2720/2420/67 2715/2410/67 2718/2413/67
f 2722/2421/2 2721/2419/2 2723/2417/2 2720/2420/2
f 2717/2414/5 2721/2419/5 2722/2421/5 2716/2411/5
f 2720/2420/6 2723/2417/6 2714/2415/6 2715/2410/6
f 2719/2412/68 2716/2411/68 2722/2421/68 2725/2418/68
f 2714/2415/1 2717/2414/1 2716/2411/1 2715/2410/1
f 2732/2422/2 2731/2423/2 2733/2424/2 2730/2425/2
f 2729/2426/5 2731/2423/5 2732/2422/5 2728/2427/5
f 2730/2425/6 2733/2424/6 2726/2428/6 2727/2429/6
f 2726/2428/1 2729/2426/1 2728/2427/1 2727/2429/1
f 2727/2429/69 2728/2427/69 2732/2422/69 2730/2425/69
f 2729/2426/70 2726/2428/70 2733/2424/70 2731/2423/70
f 2735/2430/1 2736/2431/1 2739/2432/1 2738/2433/1
f 2737/2434/1 2734/2435/1 2738/2433/1 2739/2432/1
f 2744/2436/42 2738/2433/42 2734/2435/42 2743/2437/42
f 2737/2434/66 2739/2432/66 2745/2438/66 2741/2439/66
f 2740/2440/2 2744/2436/2 2745/2438/2 2742/2441/2
f 2741/2439/2 2745/2438/2 2744/2436/2 2743/2437/2
f 2744/2436/67 2740/2440/67 2735/2430/67 2738/2433/67
f 3454/2442/2 2741/2439/2 2743/2437/2 3457/2443/2
f 3455/2444/5 3454/2442/5 2742/2441/5 2736/2431/5
f 3457/2443/6 2743/2437/6 2734/2435/6 3456/2445/6
f 2739/2432/68 2736/2431/68 2742/2441/68 2745/2438/68
f 3456/2445/1 3455/2444/1 2736/2431/1 2735/2430/1
f 2752/2446/2 2751/2447/2 2753/2448/2 2750/2449/2
f 2749/2450/5 2751/2447/5 2752/2446/5 2748/2451/5
f 2750/2449/6 2753/2448/6 2746/2452/6 2747/2453/6
f 2746/2452/1 2749/2450/1 2748/2451/1 2747/2453/1
f 2747/2453/69 2748/2451/69 2752/2446/69 2750/2449/69
f 2749/2450/70 2746/2452/70 2753/2448/70 2751/2447/70
f 2755/2454/1 2756/2455/1 2759/2456/1 2758/2457/1
f 2757/2458/1 2754/2459/1 2758/2457/1 2759/2456/1
f 2764/2460/42 2758/2457/42 2754/2459/42 2763/2461/42
f 2757/2458/66 2759/2456/66 2765/2462/66 2761/2463/66
f 2760/2464/2 2764/2460/2 2765/2462/2 2762/2465/2
f 2761/2463/2 2765/2462/2 2764/2460/2 2763/2461/2
f 2764/2460/67 2760/2464/67 2755/2454/67 2758/2457/67
f 2762/2465/2 2761/2463/2 2763/2461/2 2760/2464/2
f 2757/2458/5 2761/2463/5 2762/2465/5 2756/2455/5
f 2760/2464/6 2763/2461/6 2754/2459/6 2755/2454/6
f 2759/2456/68 2756/2455/68 2762/2465/68 2765/2462/68
f 2754/2459/1 2757/2458/1 2756/2455/1 2755/2454/1
f 2772/2466/2 2771/2467/2 2773/2468/2 2770/2469/2
f 2769/2470/5 2771/2467/5 2772/2466/5 2768/2471/5
f 2770/2469/6 2773/2468/6 2766/2472/6 2767/2473/6
f 2766/2472/1 2769/2470/1 2768/2471/1 2767/2473/1
f 2767/2473/69 2768/2471/69 2772/2466/69 2770/2469/69
f 2769/2470/70 2766/2472/70 2773/2468/70 2771/2467/70
f 2775/2474/1 2776/2475/1 2779/2476/1 2778/2477/1
f 2777/2478/1 2774/2479/1 2778/2477/1 2779/2476/1
f 2784/2480/42 2778/2477/42 2774/2479/42 2783/2481/42
f 2777/2478/66 2779/2476/66 2785/2482/66 2781/2483/66
f 2780/2484/2 2784/2480/2 2785/2482/2 2782/2485/2
f 2781/2483/2 2785/2482/2 2784/2480/2 2783/2481/2
f 2784/2480/67 2780/2484/67 2775/2474/67 2778/2477/67
f 2782/2485/2 2781/2483/2 2783/2481/2 2780/2484/2
f 2777/2478/5 2781/2483/5 2782/2485/5 2776/2475/5
f 2780/2484/6 2783/2481/6 2774/2479/6 2775/2474/6
f 2779/2476/68 2776/2475/68 2782/2485/68 2785/2482/68
f 2774/2479/1 2777/2478/1 2776/2475/1 2775/2474/1
f 2792/2486/2 2791/2487/2 2793/2488/2 2790/2489/2
f 2789/2490/5 2791/2487/5 2792/2486/5 2788/2491/5
f 2790/2489/6 2793/2488/6 2786/2492/6 2787/2493/6
f 2786/2492/1 2789/2490/1 2788/2491/1 2787/2493/1
f 2787/2493/69 2788/2491/69 2792/2486/69 2790/2489/69
f 2789/2490/70 2786/2492/70 2793/2488/70 2791/2487/70
f 2795/2494/1 2796/2495/1 2799/2496/1 2798/2497/1
f 2797/2498/1 2794/2499/1 2798/2497/1 2799/2496/1
f 2804/2500/42 2798/2497/42 2794/2499/42 2803/2501/42
f 2797/2498/66 2799/2496/66 2805/2502/66 2801/2503/66
f 2800/2504/2 2804/2500/2 2805/2502/2 2802/2505/2
f 2801/2503/2 2805/2502/2 2804/2500/2 2803/2501/2
f 2804/2500/67 2800/2504/67 2795/2494/67 2798/2497/67
f 2802/2505/2 2801/2503/2 2803/2501/2 2800/2504/2
f 2797/2498/5 2801/2503/5 2802/2505/5 2796/2495/5
f 2800/2504/6 2803/2501/6 2794/2499/6 2795/2494/6
f 2799/2496/68 2796/2495/68 2802/2505/68 2805/2502/68
f 2794/2499/1 2797/2498/1 2796/2495/1 2795/2494/1
f 2812/2506/2 2811/2507/2 2813/2508/2 2810/2509/2
f 2809/2510/5 2811/2507/5 2812/2506/5 2808/2511/5
f 2810/2509/6 2813/2508/6 2806/2512/6 2807/2513/6
f 2806/2512/1 2809/2510/1 2808/2511/1 2807/2513/1
f 2807/2513/69 2808/2511/69 2812/2506/69 2810/2509/69
f 2809/2510/70 2806/2512/70 2813/2508/70 2811/2507/70
f 2815/2514/1 2816/2515/1 2819/2516/1 2818/2517/1
f 2817/2518/1 2814/2519/1 2818/2517/1 2819/2516/1
f 2824/2520/42 2818/2517/42 2814/2519/42 2823/2521/42
f 2817/2518/66 2819/2516/66 2825/2522/66 2821/2523/66
f 2820/2524/2 2824/2520/2 2825/2522/2 2822/2525/2
f 2821/2523/2 2825/2522/2 2824/2520/2 2823/2521/2
f 2824/2520/67 2820/2524/67 2815/2514/67 2818/2517/67
f 2822/2525/2 2821/2523/2 2823/2521/2 2820/2524/2
f 2817/2518/5 2821/2523/5 2822/2525/5 2816/2515/5
f 2820/2524/6 2823/2521/6 2814/2519/6 2815/2514/6
f 2819/2516/68 2816/2515/68 2822/2525/68 2825/2522/68
f 2814/2519/1 2817/2518/1 2816/2515/1 2815/2514/1
f 2832/2526/2 2831/2527/2 2833/2528/2 2830/2529/2
f 2829/2530/5 2831/2527/5 2832/2526/5 2828/2531/5
f 2830/2529/6 2833/2528/6 2826/2532/6 2827/2533/6
f 2826/2532/1 2829/2530/1 2828/2531/1 2827/2533/1
f 2827/2533/69 2828/2531/69 2832/2526/69 2830/2529/69
f 2829/2530/70 2826/2532/70 2833/2528/70 2831/2527/70
f 2835/2534/1 2836/2535/1 2839/2536/1 2838/2537/1
f 2837/2538/1 2834/2539/1 2838/2537/1 2839/2536/1
f 2844/2540/42 2838/2537/42 2834/2539/42 2843/2541/42
f 2837/2538/66 2839/2536/66 2845/2542/66 2841/2543/66
f 2840/2544/2 2844/2540/2 2845/2542/2 2842/2545/2
f 2841/2543/2 2845/2542/2 2844/2540/2 2843/2541/2
f 2844/2540/67 2840/2544/67 2835/2534/67 2838/2537/67
f 2842/2545/2 2841/2543/2 2843/2541/2 2840/2544/2
f 2837/2538/5 2841/2543/5 2842/2545/5 2836/2535/5
f 2840/2544/6 2843/2541/6 2834/2539/6 2835/2534/6
f 2839/2536/68 2836/2535/68 2842/2545/68 2845/2542/68
f 2834/2539/1 2837/2538/1 2836/2535/1 2835/2534/1
f 2852/2546/2 2851/2547/2 2853/2548/2 2850/2549/2
f 2849/2550/5 2851/2547/5 2852/2546/5 2848/2551/5
f 2850/2549/6 2853/2548/6 2846/2552/6 2847/2553/6
f 2846/2552/1 2849/2550/1 2848/2551/1 2847/2553/1
f 2847/2553/69 2848/2551/69 2852/2546/69 2850/2549/69
f 2849/2550/70 2846/2552/70 2853/2548/70 2851/2547/70
f 2855/2554/1 2856/2555/1 2859/2556/1 2858/2557/1
f 2857/2558/1 2854/2559/1 2858/2557/1 2859/2556/1
f 2864/2560/42 2858/2557/42 2854/2559/42 2863/2561/42
f 2857/2558/66 2859/2556/66 2865/2562/66 2861/2563/66
f 2860/2564/2 2864/2560/2 2865/2562/2 2862/2565/2
f 2861/2563/2 2865/2562/2 2864/2560/2 2863/2561/2
f 2864/2560/67 2860/2564/67 2855/2554/67 2858/2557/67
f 2862/2565/2 2861/2563/2 2863/2561/2 2860/2564/2
f 2857/2558/5 2861/2563/5 2862/2565/5 2856/2555/5
f 2860/2564/6 2863/2561/6 2854/2559/6 2855/2554/6
f 2859/2556/68 2856/2555/68 2862/2565/68 2865/2562/68
f 2854/2559/1 2857/2558/1 2856/2555/1 2855/2554/1
f 2872/2566/2 2871/2567/2 2873/2568/2 2870/2569/2
f 2869/2570/5 2871/2567/5 2872/2566/5 2868/2571/5
f 2870/2569/6 2873/2568/6 2866/2572/6 2867/2573/6
f 2866/2572/1 2869/2570/1 2868/2571/1 2867/2573/1
f 2867/2573/69 2868/2571/69 2872/2566/69 2870/2569/69
f 2869/2570/70 2866/2572/70 2873/2568/70 2871/2567/70
f 2875/2574/1 2876/2575/1 2879/2576/1 2878/2577/1
f 2877/2578/1 2874/2579/1 2878/2577/1 2879/2576/1
f 2884/2580/42 2878/2577/42 2874/2579/42 2883/2581/42
f 2877/2578/66 2879/2576/66 2885/2582/66 2881/2583/66
f 2880/2584/2 2884/2580/2 2885/2582/2 2882/2585/2
f 2881/2583/2 2885/2582/2 2884/2580/2 2883/2581/2
f 2884/2580/67 2880/2584/67 2875/2574/67 2878/2577/67
f 2882/2585/2 2881/2583/2 2883/2581/2 2880/2584/2
f 2877/2578/5 2881/2583/5 2882/2585/5 2876/2575/5
f 2880/2584/6 2883/2581/6 2874/2579/6 2875/2574/6
f 2879/2576/68 2876/2575/68 2882/2585/68 2885/2582/68
f 2874/2579/1 2877/2578/1 2876/2575/1 2875/2574/1
f 2892/2586/2 2891/2587/2 2893/2588/2 2890/2589/2
f 2889/2590/5 2891/2587/5 2892/2586/5 2888/2591/5
f 2890/2589/6 2893/2588/6 2886/2592/6 2887/2593/6
f 2886/2592/1 2889/2590/1 2888/2591/1 2887/2593/1
f 2887/2593/69 2888/2591/69 2892/2586/69 2890/2589/69
f 2889/2590/70 2886/2592/70 2893/2588/70 2891/2587/70
f 2895/2594/1 2896/2595/1 2899/2596/1 2898/2597/1
f 2897/2598/1 2894/2599/1 2898/2597/1 2899/2596/1
f 2904/2600/42 2898/2597/42 2894/2599/42 2903/2601/42
f 2897/2598/66 2899/2596/66 2905/2602/66 2901/2603/66
f 2900/2604/2 2904/2600/2 2905/2602/2 2902/2605/2
f 2901/2603/2 2905/2602/2 2904/2600/2 2903/2601/2
f 2904/2600/67 2900/2604/67 2895/2594/67 2898/2597/67
f 2902/2605/2 2901/2603/2 2903/2601/2 2900/2604/2
f 2897/2598/5 2901/2603/5 2902/2605/5 2896/2595/5
f 2900/2604/6 2903/2601/6 2894/2599/6 2895/2594/6
f 2899/2596/68 2896/2595/68 2902/2605/68 2905/2602/68
f 2894/2599/1 2897/2598/1 2896/2595/1 2895/2594/1
f 2912/2606/2 2911/2607/2 2913/2608/2 2910/2609/2
f 2909/2610/5 2911/2607/5 2912/2606/5 2908/2611/5
f 2910/2609/6 2913/2608/6 2906/2612/6 2907/2613/6
f 2906/2612/1 2909/2610/1 2908/2611/1 2907/2613/1
f 2907/2613/69 2908/2611/69 2912/2606/69 2910/2609/69
f 2909/2610/70 2906/2612/70 2913/2608/70 2911/2607/70
f 2915/2614/1 2916/2615/1 2919/2616/1 2918/2617/1
f 2917/2618/1 2914/2619/1 2918/2617/1 2919/2616/1
f 2924/2620/42 2918/2617/42 2914/2619/42 2923/2621/42
f 2917/2618/66 2919/2616/66 2925/2622/66 2921/2623/66
f 2920/2624/2 2924/2620/2 2925/2622/2 2922/2625/2
f 2921/2623/2 2925/2622/2 2924/2620/2 2923/2621/2
f 2924/2620/67 2920/2624/67 2915/2614/67 2918/2617/67
f 2922/2625/2 2921/2623/2 2923/2621/2 2920/2624/2
f 2917/2618/5 2921/2623/5 2922/2625/5 2916/2615/5
f 2920/2624/6 2923/2621/6 2914/2619/6 2915/2614/6
f 2919/2616/68 2916/2615/68 2922/2625/68 2925/2622/68
f 2914/2619/1 2917/2618/1 2916/2615/1 2915/2614/1
f 2932/2626/2 2931/2627/2 2933/2628/2 2930/2629/2
f 2929/2630/5 2931/2627/5 2932/2626/5 2928/2631/5
f 2930/2629/6 2933/2628/6 2926/2632/6 2927/2633/6
f 2926/2632/1 2929/2630/1 2928/2631/1 2927/2633/1
f 2927/2633/69 2928/2631/69 2932/2626/69 2930/2629/69
f 2929/2630/70 2926/2632/70 2933/2628/70 2931/2627/70
f 2935/2634/1 2936/2635/1 2939/2636/1 2938/2637/1
f 2937/2638/1 2934/2639/1 2938/2637/1 2939/2636/1
f 2944/2640/42 2938/2637/42 2934/2639/42 2943/2641/42
f 2937/2638/66 2939/2636/66 2945/2642/66 2941/2643/66
f 2940/2644/2 2944/2640/2 2945/2642/2 2942/2645/2
f 2941/2643/2 2945/2642/2 2944/2640/2 2943/2641/2
f 2944/2640/67 2940/2644/67 2935/2634/67 2938/2637/67
f 2942/2645/2 2941/2643/2 2943/2641/2 2940/2644/2
f 2937/2638/5 2941/2643/5 2942/2645/5 2936/2635/5
f 2940/2644/6 2943/2641/6 2934/2639/6 2935/2634/6
f 2939/2636/68 2936/2635/68 2942/2645/68 2945/2642/68
f 2934/2639/1 2937/2638/1 2936/2635/1 2935/2634/1
f 2952/2646/2 2951/2647/2 2953/2648/2 2950/2649/2
f 2949/2650/5 2951/2647/5 2952/2646/5 2948/2651/5
f 2950/2649/6 2953/2648/6 2946/2652/6 2947/2653/6
f 2946/2652/1 2949/2650/1 2948/2651/1 2947/2653/1
f 2947/2653/69 2948/2651/69 2952/2646/69 2950/2649/69
f 2949/2650/70 2946/2652/70 2953/2648/70 2951/2647/70
f 2954/2654/1 2956/2655/1 2957/2656/1 2955/2657/1
f 2959/2658/2 2960/2659/2 2961/2660/2 2958/2661/2
f 2955/2657/71 2957/2656/71 2961/2660/71 2960/2659/71
f 2956/2655/72 2954/2654/72 2959/2658/72 2958/2661/72
f 2957/2656/73 2956/2655/73 2958/2661/73 2961/2660/73
f 2954/2654/74 2955/2657/74 2960/2659/74 2959/2658/74
f 2962/2662/1 2964/2663/1 2965/2664/1 2963/2665/1
f 2967/2666/2 2968/2667/2 2969/2668/2 2966/2669/2
f 2963/2665/75 2965/2664/75 2969/2668/75 2968/2667/75
f 2964/2663/76 2962/2662/76 2967/2666/76 2966/2669/76
f 2965/2664/77 2964/2663/77 2966/2669/77 2969/2668/77
f 2962/2662/78 2963/2665/78 2968/2667/78 2967/2666/78
f 2978/2670/1 2980/2671/1 2981/2672/1 2979/2673/1
f 2983/2674/2 2984/2675/2 2985/2676/2 2982/2677/2
f 2979/2673/71 2981/2672/71 2985/2676/71 2984/2675/71
f 2980/2671/72 2978/2670/72 2983/2674/72 2982/2677/72
f 2981/2672/73 2980/2671/73 2982/2677/73 2985/2676/73
f 2978/2670/74 2979/2673/74 2984/2675/74 2983/2674/74
f 2986/2678/1 2988/2679/1 2989/2680/1 2987/2681/1
f 2991/2682/2 2992/2683/2 2993/2684/2 2990/2685/2
f 2987/2681/75 2989/2680/75 2993/2684/75 2992/2683/75
f 2988/2679/76 2986/2678/76 2991/2682/76 2990/2685/76
f 2989/2680/77 2988/2679/77 2990/2685/77 2993/2684/77
f 2986/2678/78 2987/2681/78 2992/2683/78 2991/2682/78
f 3002/2686/1 3004/2687/1 3005/2688/1 3003/2689/1
f 3007/2690/2 3008/2691/2 3009/2692/2 3006/2693/2
f 3003/2689/71 3005/2688/71 3009/2692/71 3008/2691/71
f 3004/2687/72 3002/2686/72 3007/2690/72 3006/2693/72
f 3005/2688/73 3004/2687/73 3006/2693/73 3009/2692/73
f 3002/2686/74 3003/2689/74 3008/2691/74 3007/2690/74
f 3010/2694/1 3012/2695/1 3013/2696/1 3011/2697/1
f 3015/2698/2 3016/2699/2 3017/2700/2 3014/2701/2
f 3011/2697/75 3013/2696/75 3017/2700/75 3016/2699/75
f 3012/2695/76 3010/2694/76 3015/2698/76 3014/2701/76
f 3013/2696/77 3012/2695/77 3014/2701/77 3017/2700/77
f 3010/2694/78 3011/2697/78 3016/2699/78 3015/2698/78
f 3026/2702/1 3028/2703/1 3029/2704/1 3027/2705/1
f 3031/2706/2 3032/2707/2 3033/2708/2 3030/2709/2
f 3027/2705/71 3029/2704/71 3033/2708/71 3032/2707/71
f 3028/2703/72 3026/2702/72 3031/2706/72 3030/2709/72
f 3029/2704/73 3028/2703/73 3030/2709/73 3033/2708/73
f 3026/2702/74 3027/2705/74 3032/2707/74 3031/2706/74
f 3034/2710/1 3036/2711/1 3037/2712/1 3035/2713/1
f 3039/2714/2 3040/2715/2 3041/2716/2 3038/2717/2
f 3035/2713/75 3037/2712/75 3041/2716/75 3040/2715/75
f 3036/2711/76 3034/2710/76 3039/2714/76 3038/2717/76
f 3037/2712/77 3036/2711/77 3038/2717/77 3041/2716/77
f 3034/2710/78 3035/2713/78 3040/2715/78 3039/2714/78
f 3050/2718/1 3052/2719/1 3053/2720/1 3051/2721/1
f 3055/2722/2 3056/2723/2 3057/2724/2 3054/2725/2
f 3051/2721/71 3053/2720/71 3057/2724/71 3056/2723/71
f 3052/2719/72 3050/2718/72 3055/2722/72 3054/2725/72
f 3053/2720/73 3052/2719/73 3054/2725/73 3057/2724/73
f 3050/2718/74 3051/2721/74 3056/2723/74 3055/2722/74
f 3058/2726/1 3060/2727/1 3061/2728/1 3059/2729/1
f 3063/2730/2 3064/2731/2 3065/2732/2 3062/2733/2
f 3059/2729/75 3061/2728/75 3065/2732/75 3064/2731/75
f 3060/2727/76 3058/2726/76 3063/2730/76 3062/2733/76
f 3061/2728/77 3060/2727/77 3062/2733/77 3065/2732/77
f 3058/2726/78 3059/2729/78 3064/2731/78 3063/2730/78
f 3074/2734/1 3076/2735/1 3077/2736/1 3075/2737/1
f 3079/2738/2 3080/2739/2 3081/2740/2 3078/2741/2
f 3075/2737/71 3077/2736/71 3081/2740/71 3080/2739/71
f 3076/2735/72 3074/2734/72 3079/2738/72 3078/2741/72
f 3077/2736/73 3076/2735/73 3078/2741/73 3081/2740/73
f 3074/2734/74 3075/2737/74 3080/2739/74 3079/2738/74
f 3082/2742/1 3084/2743/1 3085/2744/1 3083/2745/1
f 3087/2746/2 3088/2747/2 3089/2748/2 3086/2749/2
f 3083/2745/75 3085/2744/75 3089/2748/75 3088/2747/75
f 3084/2743/76 3082/2742/76 3087/2746/76 3086/2749/76
f 3085/2744/77 3084/2743/77 3086/2749/77 3089/2748/77
f 3082/2742/78 3083/2745/78 3088/2747/78 3087/2746/78
f 3098/2750/1 3100/2751/1 3101/2752/1 3099/2753/1
f 3103/2754/2 3104/2755/2 3105/2756/2 3102/2757/2
f 3099/2753/71 3101/2752/71 3105/2756/71 3104/2755/71
f 3100/2751/72 3098/2750/72 3103/2754/72 3102/2757/72
f 3101/2752/73 3100/2751/73 3102/2757/73 3105/2756/73
f 3098/2750/74 3099/2753/74 3104/2755/74 3103/2754/74
f 3106/2758/1 3108/2759/1 3109/2760/1 3107/2761/1
f 3111/2762/2 3112/2763/2 3113/2764/2 3110/2765/2
f 3107/2761/75 3109/2760/75 3113/2764/75 3112/2763/75
f 3108/2759/76 3106/2758/76 3111/2762/76 3110/2765/76
f 3109/2760/77 3108/2759/77 3110/2765/77 3113/2764/77
f 3106/2758/78 3107/2761/78 3112/2763/78 3111/2762/78
f 3122/2766/1 3124/2767/1 3125/2768/1 3123/2769/1
f 3127/2770/2 3128/2771/2 3129/2772/2 3126/2773/2
f 3123/2769/71 3125/2768/71 3129/2772/71 3128/2771/71
f 3124/2767/72 3122/2766/72 3127/2770/72 3126/2773/72
f 3125/2768/73 3124/2767/73 3126/2773/73 3129/2772/73
f 3122/2766/74 3123/2769/74 3128/2771/74 3127/2770/74
f 3130/2774/1 3132/2775/1 3133/2776/1 3131/2777/1
f 3135/2778/2 3136/2779/2 3137/2780/2 3134/2781/2
f 3131/2777/75 3133/2776/75 3137/2780/75 3136/2779/75
f 3132/2775/76 3130/2774/76 3135/2778/76 3134/2781/76
f 3133/2776/77 3132/2775/77 3134/2781/77 3137/2780/77
f 3130/2774/78 3131/2777/78 3136/2779/78 3135/2778/78
f 3146/2782/1 3148/2783/1 3149/2784/1 3147/2785/1
f 3151/2786/2 3152/2787/2 3153/2788/2 3150/2789/2
f 3147/2785/71 3149/2784/71 3153/2788/71 3152/2787/71
f 3148/2783/72 3146/2782/72 3151/2786/72 3150/2789/72
f 3149/2784/73 3148/2783/73 3150/2789/73 3153/2788/73
f 3146/2782/74 3147/2785/74 3152/2787/74 3151/2786/74
f 3154/2790/1 3156/2791/1 3157/2792/1 3155/2793/1
f 3159/2794/2 3160/2795/2 3161/2796/2 3158/2797/2
f 3155/2793/75 3157/2792/75 3161/2796/75 3160/2795/75
f 3156/2791/76 3154/2790/76 3159/2794/76 3158/2797/76
f 3157/2792/77 3156/2791/77 3158/2797/77 3161/2796/77
f 3154/2790/78 3155/2793/78 3160/2795/78 3159/2794/78
f 3170/2798/1 3172/2799/1 3173/2800/1 3171/2801/1
f 3175/2802/2 3176/2803/2 3177/2804/2 3174/2805/2
f 3171/2801/71 3173/2800/71 3177/2804/71 3176/2803/71
f 3172/2799/72 3170/2798/72 3175/2802/72 3174/2805/72
f 3173/2800/73 3172/2799/73 3174/2805/73 3177/2804/73
f 3170/2798/74 3171/2801/74 3176/2803/74 3175/2802/74
f 3178/2806/1 3180/2807/1 3181/2808/1 3179/2809/1
f 3183/2810/2 3184/2811/2 3185/2812/2 3182/2813/2
f 3179/2809/75 3181/2808/75 3185/2812/75 3184/2811/75
f 3180/2807/76 3178/2806/76 3183/2810/76 3182/2813/76
f 3181/2808/77 3180/2807/77 3182/2813/77 3185/2812/77
f 3178/2806/78 3179/2809/78 3184/2811/78 3183/2810/78
f 3194/2814/1 3196/2815/1 3197/2816/1 3195/2817/1
f 3199/2818/2 3200/2819/2 3201/2820/2 3198/2821/2
f 3195/2817/71 3197/2816/71 3201/2820/71 3200/2819/71
f 3196/2815/72 3194/2814/72 3199/2818/72 3198/2821/72
f 3197/2816/73 3196/2815/73 3198/2821/73 3201/2820/73
f 3194/2814/74 3195/2817/74 3200/2819/74 3199/2818/74
f 3202/2822/1 3204/2823/1 3205/2824/1 3203/2825/1
f 3207/2826/2 3208/2827/2 3209/2828/2 3206/2829/2
f 3203/2825/75 3205/2824/75 3209/2828/75 3208/2827/75
f 3204/2823/76 3202/2822/76 3207/2826/76 3206/2829/76
f 3205/2824/77 3204/2823/77 3206/2829/77 3209/2828/77
f 3202/2822/78 3203/2825/78 3208/2827/78 3207/2826/78
f 2734/2435/1 2737/2434/1 3455/2444/1 3456/2445/1
f 2740/2440/6 3457/2443/6 3456/2445/6 2735/2430/6
f 2737/2434/5 2741/2439/5 3454/2442/5 3455/2444/5
f 2742/2441/2 3454/2442/2 3457/2443/2 2740/2440/2
f 3459/2830/79 3460/2831/79 3461/2832/79 3458/2833/79
f 3462/2834/80 3465/2835/80 3464/2836/80 3463/2837/80
f 3484/2838/81 3477/2839/81 3474/2840/81 3483/2841/81
f 3459/2830/1 3471/2842/1 3475/2843/1 3460/2831/1
f 3468/2844/6 3469/2845/6 3466/2846/6 3467/2847/6
f 3480/2848/2 3473/2849/2 3477/2839/2 3484/2838/2
f 3482/2850/81 3463/2837/81 3464/2836/81 3485/2851/81
f 3483/2841/1 3474/2840/1 3470/2852/1 3479/2853/1
f 3460/2831/81 3475/2843/81 3476/2854/81 3461/2832/81
f 3461/2832/2 3476/2854/2 3472/2855/2 3458/2833/2
f 3458/2833/82 3472/2855/82 3471/2842/82 3459/2830/82
f 3485/2851/2 3464/2836/2 3465/2835/2 3481/2856/2
f 3479/2853/82 3470/2852/82 3473/2849/82 3480/2848/82
f 3476/2854/2 3467/2847/2 3466/2846/2 3477/2839/2
f 3476/2854/2 3477/2839/2 3473/2849/2 3472/2855/2
f 3471/2842/1 3470/2852/1 3474/2840/1 3475/2843/1
f 3470/2852/3 3492/2857/3 3491/2858/3 3473/2849/3
f 3481/2856/82 3465/2835/82 3462/2834/82 3478/2859/82
f 3485/2851/3 3487/2860/3 3488/2861/3 3482/2850/3
f 3481/2856/2 3480/2848/2 3484/2838/2 3485/2851/2
f 3482/2850/1 3483/2841/1 3479/2853/1 3478/2859/1
f 3481/2856/2 3495/2862/2 3494/2863/2 3480/2848/2
f 3478/2859/1 3462/2834/1 3463/2837/1 3482/2850/1
f 3487/2860/6 3486/2864/6 3489/2865/6 3488/2861/6
f 3482/2850/1 3488/2861/1 3489/2865/1 3483/2841/1
f 3474/2840/1 3469/2845/1 3468/2844/1 3475/2843/1
f 3484/2838/2 3486/2864/2 3487/2860/2 3485/2851/2
f 3477/2839/3 3466/2846/3 3469/2845/3 3474/2840/3
f 3483/2841/4 3489/2865/4 3486/2864/4 3484/2838/4
f 3475/2843/4 3468/2844/4 3467/2847/4 3476/2854/4
f 3490/2866/82 3491/2858/82 3492/2857/82 3493/2867/82
f 3496/2868/82 3497/2869/82 3494/2863/82 3495/2862/82
f 3480/2848/4 3494/2863/4 3497/2869/4 3479/2853/4
f 3471/2842/1 3493/2867/1 3492/2857/1 3470/2852/1
f 3473/2849/2 3491/2858/2 3490/2866/2 3472/2855/2
f 3472/2855/4 3490/2866/4 3493/2867/4 3471/2842/4
f 3478/2859/3 3496/2868/3 3495/2862/3 3481/2856/3
f 3479/2853/1 3497/2869/1 3496/2868/1 3478/2859/1
f 3501/2870/3 3503/2871/3 3504/2872/3 3498/2873/3
f 3498/2873/1 3504/2872/1 3505/2874/1 3499/2875/1
f 3500/2876/2 3502/2877/2 3503/2871/2 3501/2870/2
f 3499/2875/4 3505/2874/4 3502/2877/4 3500/2876/4
f 3499/2875/1 3509/2878/1 3508/2879/1 3498/2873/1
f 3543/2880/3 3524/2881/3 3522/2882/3 3542/2883/3
f 3501/2870/2 3506/2884/2 3507/2885/2 3500/2876/2
f 3499/2875/1 3511/2886/1 3513/2887/1 3509/2878/1
f 3498/2873/1 3508/2879/1 3555/2888/1 3560/2889/1
f 3511/2886/1 3515/2890/1 3517/2891/1 3513/2887/1
f 3509/2878/5 3513/2887/5 3512/2892/5 3507/2885/5
f 3500/2876/6 3510/2893/6 3511/2886/6 3499/2875/6
f 3507/2885/2 3512/2892/2 3510/2893/2 3500/2876/2
f 3515/2890/6 3514/2894/6 3547/2895/6 3552/2896/6
f 3511/2886/1 3519/2897/1 3521/2898/1 3515/2890/1
f 3512/2892/2 3516/2899/2 3514/2894/2 3510/2893/2
f 3539/2900/2 3526/2901/2 3528/2902/2 3538/2903/2
f 3518/2904/6 3520/2905/6 3521/2898/6 3519/2897/6
f 3510/2893/3 3518/2904/3 3519/2897/3 3511/2886/3
f 3514/2894/2 3520/2905/2 3518/2904/2 3510/2893/2
f 3515/2890/4 3521/2898/4 3520/2905/4 3514/2894/4
f 3522/2882/82 3524/2881/82 3525/2906/82 3523/2907/82
f 3527/2908/5 3529/2909/5 3528/2902/5 3526/2901/5
f 3538/2903/4 3528/2902/4 3529/2909/4 3540/2910/4
f 3544/2911/1 3525/2906/1 3524/2881/1 3543/2880/1
f 3542/2883/2 3522/2882/2 3523/2907/2 3545/2912/2
f 3540/2910/1 3529/2909/1 3527/2908/1 3541/2913/1
f 3541/2913/3 3527/2908/3 3526/2901/3 3539/2900/3
f 3545/2912/4 3523/2907/4 3525/2906/4 3544/2911/4
f 3530/2914/3 3532/2915/3 3533/2916/3 3531/2917/3
f 3506/2884/2 3501/2870/2 3557/2918/2 3558/2919/2
f 3508/2879/5 3506/2884/5 3558/2919/5 3555/2888/5
f 3501/2870/6 3498/2873/6 3560/2889/6 3557/2918/6
f 3534/2920/4 3536/2921/4 3537/2922/4 3535/2923/4
f 3517/2891/1 3515/2890/1 3552/2896/1 3550/2924/1
f 3554/2925/1 3532/2915/1 3530/2914/1 3561/2926/1
f 3514/2894/2 3516/2899/2 3548/2927/2 3547/2895/2
f 3513/2887/3 3541/2913/3 3539/2900/3 3512/2892/3
f 3517/2891/1 3540/2910/1 3541/2913/1 3513/2887/1
f 3516/2899/4 3538/2903/4 3540/2910/4 3517/2891/4
f 3512/2892/2 3539/2900/2 3538/2903/2 3516/2899/2
f 3507/2885/4 3545/2912/4 3544/2911/4 3509/2878/4
f 3506/2884/2 3542/2883/2 3545/2912/2 3507/2885/2
f 3509/2878/1 3544/2911/1 3543/2880/1 3508/2879/1
f 3508/2879/3 3543/2880/3 3542/2883/3 3506/2884/3
f 3556/2928/2 3531/2917/2 3533/2916/2 3559/2929/2
f 3561/2926/6 3530/2914/6 3531/2917/6 3556/2928/6
f 3559/2929/5 3533/2916/5 3532/2915/5 3554/2925/5
f 3516/2899/5 3517/2891/5 3550/2924/5 3548/2927/5
f 3553/2930/1 3535/2923/1 3537/2922/1 3551/2931/1
f 3551/2931/5 3537/2922/5 3536/2921/5 3549/2932/5
f 3549/2932/2 3536/2921/2 3534/2920/2 3546/2933/2
f 3552/2896/1 3562/2934/1 3563/2935/1 3553/2930/1
f 3551/2931/1 3550/2924/1 3552/2896/1 3553/2930/1
f 3549/2932/5 3548/2927/5 3550/2924/5 3551/2931/5
f 3546/2933/2 3547/2895/2 3548/2927/2 3549/2932/2
f 3559/2929/2 3558/2919/2 3557/2918/2 3556/2928/2
f 3561/2926/1 3560/2889/1 3555/2888/1 3554/2925/1
f 3546/2933/2 3564/2936/2 3565/2937/2 3547/2895/2
f 3554/2925/5 3555/2888/5 3558/2919/5 3559/2929/5
f 3546/2933/6 3534/2920/6 3535/2923/6 3553/2930/6
f 3563/2935/6 3562/2934/6 3565/2937/6 3564/2936/6
f 3566/2938/6 3567/2939/6 3568/2940/6 3569/2941/6
f 3556/2928/3 3566/2938/3 3569/2941/3 3561/2926/3
f 3561/2926/1 3569/2941/1 3568/2940/1 3560/2889/1
f 3557/2918/2 3567/2939/2 3566/2938/2 3556/2928/2
f 3547/2895/3 3565/2937/3 3562/2934/3 3552/2896/3
f 3553/2930/4 3563/2935/4 3564/2936/4 3546/2933/4
f 3560/2889/4 3568/2940/4 3567/2939/4 3557/2918/4
s 1
f 42/2942/83 44/2943/84 895/2944/84 897/2945/83
f 2584/2946/85 41/2947/85 899/2948/85 2590/2949/85
f 955/2950/86 40/2951/87 898/2952/87 960/2953/86
f 967/2954/88 45/2955/89 896/2956/89 969/2957/88
f 3297/2958/1 894/2959/1 896/2956/1 3298/2960/1
f 970/2961/1 969/2957/1 896/2956/1 894/2959/1
f 3426/2962/1 2590/2949/1 899/2948/1 3407/2963/1
f 2591/2964/1 2592/2965/1 901/2966/1 900/2967/1
f 3304/2968/1 970/2961/1 894/2959/1 3297/2958/1
f 2585/2969/90 43/2970/91 893/2971/91 2591/2964/90
f 3373/2972/92 42/2942/92 897/2945/92 3377/2973/92
f 3268/2974/1 892/2975/1 962/2976/1 3303/2977/1
f 892/2975/1 893/2971/1 961/2978/1 962/2976/1
f 3295/914/2 3275/2979/2 959/2980/2 65/915/2
f 43/2970/91 956/2981/88 961/2978/88 893/2971/91
f 973/2982/86 955/2950/86 960/2953/86 976/2983/86
f 65/915/2 959/2980/2 958/2984/2 47/917/2
f 44/2943/84 973/2982/86 976/2983/86 895/2944/84
f 3303/2977/1 962/2976/1 970/2961/1 3304/2968/1
f 962/2976/1 961/2978/1 969/2957/1 970/2961/1
f 956/2981/88 967/2954/88 969/2957/88 961/2978/88
f 3439/2985/5 957/2986/5 978/2987/5 3441/2988/5
f 3277/2989/2 3278/924/2 979/922/2 980/2990/2
f 980/2990/2 979/922/2 982/921/2 981/2991/2
f 958/2984/5 959/2980/5 980/2990/5 981/2991/5
f 3262/2992/92 35/2993/89 1001/2994/89 3306/2995/92
f 2582/2996/85 34/2997/87 1000/2998/87 2595/2999/85
f 36/3000/84 31/3001/93 1021/3002/93 1023/3003/84
f 966/3004/86 36/3000/84 1023/3003/84 1006/3005/86
f 953/3006/88 33/3007/91 999/3008/91 1003/3009/88
f 2581/3010/90 32/3011/90 1007/3012/90 2596/3013/90
f 972/3014/88 953/3006/88 1003/3009/88 1005/3015/88
f 34/2997/87 954/3016/86 1004/3017/86 1000/2998/87
f 35/2993/89 972/3014/88 1005/3015/88 1001/2994/89
f 954/3016/86 966/3004/86 1006/3005/86 1004/3017/86
f 992/3018/2 994/3019/2 1009/3020/2 1010/3021/2
f 988/3022/2 992/3018/2 1010/3021/2 1013/3023/2
f 994/3019/2 983/3024/2 1016/3025/2 1009/3020/2
f 1067/3026/94 1073/3027/95 1036/3028/95 1046/3029/94
f 2606/2299/96 1051/2372/96 1037/3030/96 2603/3031/96
f 1063/3032/43 1070/3033/97 1040/3034/97 1079/3035/43
f 1059/2337/98 1060/2331/98 1076/3036/98 1075/3037/98
f 1065/3038/99 1068/3039/100 1044/3040/100 1081/3041/99
f 1079/3035/2 1040/3034/2 1039/3042/2 1077/3043/2
f 2602/3044/2 1046/3029/2 1045/3045/2 2603/3031/2
f 2601/3046/2 1080/3047/2 1078/3048/2 2604/3049/2
f 1034/3050/2 1042/3051/2 1041/3052/2 1033/3053/2
f 3415/3054/2 1079/3035/2 1077/3043/2 3414/3055/2
f 1082/3056/2 1076/3036/2 1039/3042/2 1040/3034/2
f 1044/3040/2 1043/3057/2 1075/3037/2 1081/3041/2
f 1046/3029/2 1036/3028/2 1035/3058/2 1045/3045/2
f 1081/3041/2 1075/3037/2 1076/3036/2 1082/3056/2
f 2605/2313/101 1048/2335/84 1043/3057/84 2604/3049/101
f 1054/2324/102 1053/2338/102 1035/3058/102 1033/3053/102
f 1049/2325/103 1054/2324/102 1033/3053/102 1041/3052/103
f 1070/3033/97 1066/3059/99 1082/3056/99 1040/3034/97
f 3283/2364/104 1049/2325/103 1041/3052/103 3281/3060/104
f 3417/3061/42 1063/3032/42 1079/3035/42 3415/3054/42
f 1060/2331/98 1050/2294/105 1039/3042/105 1076/3036/98
f 1074/3062/95 1069/3063/106 1042/3051/106 1034/3050/95
f 1073/3027/95 1074/3062/95 1034/3050/95 1036/3028/95
f 1036/3028/2 1034/3050/2 1033/3053/2 1035/3058/2
f 31/3001/2 36/3000/2 1070/3033/2 1063/3032/2
f 2581/3010/2 33/3007/2 1067/3026/2 2607/3064/2
f 2582/2996/2 30/3065/2 1064/3066/2 2608/3067/2
f 972/3014/2 35/2993/2 1069/3063/2 1074/3062/2
f 3400/3068/2 31/3001/2 1063/3032/2 3417/3061/2
f 966/3004/2 1066/3059/2 1070/3033/2 36/3000/2
f 34/2997/2 1068/3039/2 1065/3038/2 954/3016/2
f 33/3007/2 953/3006/2 1073/3027/2 1067/3026/2
f 954/3016/2 1065/3038/2 1066/3059/2 966/3004/2
f 953/3006/2 972/3014/2 1074/3062/2 1073/3027/2
f 1053/2338/102 1047/2300/89 1045/3045/89 1035/3058/102
f 2607/3064/107 1067/3026/94 1046/3029/94 2602/3044/107
f 1050/2294/105 1057/2293/83 1077/3043/83 1039/3042/105
f 1066/3059/99 1065/3038/99 1081/3041/99 1082/3056/99
f 1048/2335/84 1059/2337/98 1075/3037/98 1043/3057/84
f 2608/3067/108 1064/3066/108 1080/3047/108 2601/3046/108
f 1120/2316/98 1119/2340/98 1089/3069/98 1087/3070/98
f 1147/3071/99 1148/3072/99 1088/3073/99 1090/3074/99
f 3314/3075/42 1137/3076/106 1096/3077/106 3312/3078/42
f 2613/2303/101 1105/2371/101 1103/3079/101 2609/3080/101
f 1125/2346/102 1126/2290/102 1085/3081/102 1086/3082/102
f 1131/3083/95 1135/3084/94 1100/3085/94 1151/3086/95
f 2612/2311/96 1107/2344/89 1099/3087/89 2583/3088/96
f 1130/3089/100 1147/3071/99 1090/3074/99 1150/3090/100
f 1108/2317/105 1120/2316/98 1087/3070/98 1097/3091/105
f 1152/3092/1 1085/3081/1 1095/3093/1 1096/3077/1
f 3312/3078/1 1096/3077/1 1095/3093/1 3311/3094/1
f 2611/3095/1 1150/3090/1 1084/3096/1 2609/3080/1
f 2610/3097/1 1149/3098/1 1083/3099/1 2583/3088/1
f 1088/3073/1 1098/3100/1 1097/3091/1 1087/3070/1
f 1098/3100/1 1102/3101/1 1101/3102/1 1097/3091/1
f 1150/3090/1 1090/3074/1 1089/3069/1 1084/3096/1
f 1100/3085/1 1099/3087/1 1086/3082/1 1151/3086/1
f 1090/3074/1 1088/3073/1 1087/3070/1 1089/3069/1
f 1137/3076/106 1132/3103/95 1152/3092/95 1096/3077/106
f 1106/2328/83 1108/2317/105 1097/3091/105 1101/3102/83
f 1136/3104/97 1134/3105/43 1102/3101/43 1098/3100/97
f 1126/2290/102 1109/2292/103 1095/3093/103 1085/3081/102
f 1148/3072/99 1136/3104/97 1098/3100/97 1088/3073/99
f 1119/2340/98 1124/2304/84 1084/3096/84 1089/3069/98
f 2615/3106/107 1129/3107/107 1149/3098/107 2610/3097/107
f 1151/3086/1 1086/3082/1 1085/3081/1 1152/3092/1
f 967/2954/1 1132/3103/1 1137/3076/1 45/2955/1
f 3293/3108/1 45/2955/1 1137/3076/1 3314/3075/1
f 2584/2946/1 40/2951/1 1130/3089/1 2614/3109/1
f 2585/2969/1 39/3110/1 1129/3107/1 2615/3106/1
f 973/2982/1 44/2943/1 1136/3104/1 1148/3072/1
f 44/2943/1 42/2942/1 1134/3105/1 1136/3104/1
f 40/2951/1 955/2950/1 1147/3071/1 1130/3089/1
f 43/2970/1 1135/3084/1 1131/3083/1 956/2981/1
f 955/2950/1 973/2982/1 1148/3072/1 1147/3071/1
f 1107/2344/89 1125/2346/102 1086/3082/102 1099/3087/89
f 956/2981/1 1131/3083/1 1132/3103/1 967/2954/1
f 3392/2367/104 1106/2328/104 1101/3102/104 3390/3111/104
f 2614/3109/108 1130/3089/100 1150/3090/100 2611/3095/108
f 1132/3103/95 1131/3083/95 1151/3086/95 1152/3092/95
f 3313/2297/104 1250/2368/104 1248/3112/104 3311/3094/104
f 3373/2972/1 1206/3113/1 1253/3114/1 3393/3115/1
f 3391/3116/1 1249/3117/1 1248/3112/1 3390/3111/1
f 3393/3115/42 1253/3114/42 1249/3117/42 3391/3116/42
f 3262/2992/2 1205/3118/2 1246/3119/2 3284/3120/2
f 3284/3120/42 1246/3119/42 1243/3121/42 3282/3122/42
f 3416/2330/104 1245/2365/104 1242/3123/104 3414/3055/104
f 3282/3122/2 1243/3121/2 1242/3123/2 3281/3060/2
f 3400/3068/92 1205/3118/92 1238/3124/92 3385/3125/92
f 3441/2988/2 3442/940/2 1235/939/2 1234/3126/2
f 3275/2979/5 1231/3127/5 1234/3126/5 3277/2989/5
f 3382/3128/1 1230/3129/1 1232/3130/1 3383/3131/1
f 3436/942/2 3439/2985/2 1231/3127/2 1208/943/2
f 3406/3132/1 1218/3133/1 1230/3129/1 3382/3128/1
f 3293/3108/92 1206/3113/92 1217/3134/92 3298/2960/92
f 3383/3131/1 1232/3130/1 1216/3135/1 3376/3136/1
f 3322/3137/1 2624/3138/1 1219/3139/1 3269/3140/1
f 3376/3136/1 1216/3135/1 1217/3134/1 3377/2973/1
f 3268/2974/1 1218/3133/1 2624/3138/1 3322/3137/1
f 1133/3141/108 2614/3109/108 2611/3095/108 1104/3142/108
f 43/2970/1 2585/2969/1 2615/3106/1 1135/3084/1
f 41/2947/1 2584/2946/1 2614/3109/1 1133/3141/1
f 1135/3084/94 2615/3106/107 2610/3097/107 1100/3085/94
f 1100/3085/1 2610/3097/1 2583/3088/1 1099/3087/1
f 1104/3142/1 2611/3095/1 2609/3080/1 1103/3079/1
f 1123/2312/96 2612/2311/96 2583/3088/96 1083/3099/96
f 1124/2304/84 2613/2303/101 2609/3080/101 1084/3096/84
f 1068/3039/100 2608/3067/108 2601/3046/108 1044/3040/100
f 1071/3143/107 2607/3064/107 2602/3044/107 1038/3144/107
f 34/2997/2 2582/2996/2 2608/3067/2 1068/3039/2
f 32/3011/2 2581/3010/2 2607/3064/2 1071/3143/2
f 1058/2314/101 2605/2313/101 2604/3049/101 1078/3048/101
f 1044/3040/2 2601/3046/2 2604/3049/2 1043/3057/2
f 1038/3144/2 2602/3044/2 2603/3031/2 1037/3030/2
f 1047/2300/89 2606/2299/96 2603/3031/96 1045/3045/89
f 33/3007/91 2581/3010/90 2596/3013/90 999/3008/91
f 30/3065/85 2582/2996/85 2595/2999/85 1019/3145/85
f 39/3110/90 2585/2969/90 2591/2964/90 900/2967/90
f 893/2971/1 892/2975/1 2592/2965/1 2591/2964/1
f 3406/3132/1 898/2952/1 2590/2949/1 3426/2962/1
f 40/2951/87 2584/2946/85 2590/2949/85 898/2952/87
f 892/2975/1 3268/2974/1 3322/3137/1 2592/2965/1
f 2592/2965/1 3322/3137/1 3269/3140/1 901/2966/1
f 45/2955/89 3293/3108/92 3298/2960/92 896/2956/89
f 959/2980/5 3275/2979/5 3277/2989/5 980/2990/5
f 1042/3051/2 3282/3122/2 3281/3060/2 1041/3052/2
f 1069/3063/106 3284/3120/42 3282/3122/42 1042/3051/106
f 35/2993/2 3262/2992/2 3284/3120/2 1069/3063/2
f 1109/2292/103 3313/2297/104 3311/3094/104 1095/3093/103
f 1206/3113/1 3293/3108/1 3314/3075/1 1253/3114/1
f 1249/3117/1 3312/3078/1 3311/3094/1 1248/3112/1
f 1253/3114/42 3314/3075/42 3312/3078/42 1249/3117/42
f 1245/2365/104 3283/2364/104 3281/3060/104 1242/3123/104
f 1205/3118/92 3262/2992/92 3306/2995/92 1238/3124/92
f 1234/3126/2 1235/939/2 3278/924/2 3277/2989/2
f 1230/3129/1 3303/2977/1 3304/2968/1 1232/3130/1
f 1208/943/2 1231/3127/2 3275/2979/2 3295/914/2
f 1218/3133/1 3268/2974/1 3303/2977/1 1230/3129/1
f 1232/3130/1 3304/2968/1 3297/2958/1 1216/3135/1
f 1216/3135/1 3297/2958/1 3298/2960/1 1217/3134/1
f 3343/3146/48 3351/2387/48 3350/2386/48 3344/3147/48
f 3344/3147/1 3350/2386/1 3360/2388/1 3342/3148/1
f 3333/3149/2 3352/2389/2 3351/2387/2 3343/3146/2
f 3342/3148/49 3360/2388/49 3352/2389/49 3333/3149/49
f 1218/3133/1 3406/3132/1 3426/2962/1 2624/3138/1
f 895/2944/1 3376/3136/1 3377/2973/1 897/2945/1
f 976/2983/1 3383/3131/1 3376/3136/1 895/2944/1
f 898/2952/1 3406/3132/1 3382/3128/1 960/2953/1
f 960/2953/1 3382/3128/1 3383/3131/1 976/2983/1
f 31/3001/92 3400/3068/92 3385/3125/92 1021/3002/92
f 1057/2293/104 3416/2330/104 3414/3055/104 1077/3043/104
f 1134/3105/42 3393/3115/42 3391/3116/42 1102/3101/42
f 1102/3101/1 3391/3116/1 3390/3111/1 1101/3102/1
f 42/2942/1 3373/2972/1 3393/3115/1 1134/3105/1
f 1250/2368/104 3392/2367/104 3390/3111/104 1248/3112/104
f 1205/3118/2 3400/3068/2 3417/3061/2 1246/3119/2
f 1246/3119/42 3417/3061/42 3415/3054/42 1243/3121/42
f 1243/3121/2 3415/3054/2 3414/3055/2 1242/3123/2
f 1206/3113/92 3373/2972/92 3377/2973/92 1217/3134/92
f 2624/3138/1 3426/2962/1 3407/2963/1 1219/3139/1
f 49/2275/2 957/2986/2 3439/2985/2 3436/942/2
f 978/2987/2 977/2277/2 3442/940/2 3441/2988/2
f 1231/3127/5 3439/2985/5 3441/2988/5 1234/3126/5
usemtl base
f 3396/3150/6 3401/3151/6 11/3152/6 2619/3153/6
f 3418/3154/1 1122/3155/1 11/3152/1 3401/3151/1
f 3368/3156/6 3369/3157/6 4/3158/6 2/3159/6
f 1/3160/6 3/3161/6 59/3162/6 58/3163/6
f 1121/3164/1 1110/3165/1 57/3166/1 7/3167/1
f 1111/3168/1 1121/3164/1 7/3167/1 912/3169/1
f 1/3160/2 58/3163/2 929/3170/2 930/3171/2
f 37/3172/1 931/3173/1 915/3174/1 63/3175/1
f 1117/3176/1 1115/3177/1 934/3178/1 940/3179/1
f 3402/3180/1 3378/3181/1 913/3182/1 38/3183/1
f 1122/3155/1 1112/3184/1 935/3185/1 11/3152/1
f 3368/3156/2 2/3159/2 910/3186/2 3408/3187/2
f 2/3159/3 4/3158/3 937/3188/3 910/3186/3
f 2618/3189/6 7/3167/6 57/3166/6 1177/3190/6
f 3/3161/4 1/3160/4 930/3171/4 938/3191/4
f 3244/3192/4 3/3161/4 938/3191/4 3240/3193/4
f 911/3194/2 918/3195/2 924/3196/2 920/3197/2
f 914/3198/1 921/3199/1 943/3200/1 932/3201/1
f 3380/3202/1 3381/3203/1 944/3204/1 933/3205/1
f 1116/3206/1 1118/3207/1 919/3208/1 909/3209/1
f 3410/3210/2 936/3211/2 946/3212/2 3411/3213/2
f 936/3211/3 917/3214/3 923/3215/3 946/3212/3
f 2619/3153/3 11/3152/3 935/3185/3 1173/3216/3
f 916/3217/4 911/3194/4 920/3197/4 922/3218/4
f 3238/3219/4 916/3217/4 922/3218/4 3237/3220/4
f 918/3195/5 911/3194/5 930/3171/5 929/3170/5
f 914/3198/5 932/3201/5 915/3174/5 931/3173/5
f 3380/3202/5 933/3205/5 913/3182/5 3378/3181/5
f 933/3205/1 944/3204/1 1146/3221/1 1144/3222/1
f 1116/3206/5 909/3209/5 935/3185/5 1112/3184/5
f 3273/3223/5 918/3195/5 929/3170/5 3271/3224/5
f 917/3214/5 936/3211/5 910/3186/5 937/3188/5
f 1169/3225/3 909/3209/3 919/3208/3 1167/3226/3
f 911/3194/5 916/3217/5 938/3191/5 930/3171/5
f 1170/3227/5 934/3178/5 912/3169/5 1174/3228/5
f 3251/3229/5 917/3214/5 937/3188/5 3249/3230/5
f 1115/3177/6 1143/3231/6 1092/3232/6 1091/3233/6
f 1091/3233/5 1092/3232/5 1094/3234/5 1093/3235/5
f 934/3178/5 1115/3177/5 1111/3168/5 912/3169/5
f 1111/3168/6 1115/3177/6 1091/3233/6 1093/3235/6
f 1144/3222/5 1116/3206/5 1112/3184/5 1140/3236/5
f 1144/3222/1 1146/3221/1 1118/3207/1 1116/3206/1
f 1128/3237/1 1140/3236/1 1112/3184/1 1122/3155/1
f 1145/3238/1 1143/3231/1 1115/3177/1 1117/3176/1
f 1139/3239/1 1127/3240/1 1121/3164/1 1111/3168/1
f 1127/3240/1 1138/3241/1 1110/3165/1 1121/3164/1
f 1139/3239/5 1111/3168/5 1093/3235/5 1094/3234/5
f 1143/3231/5 1139/3239/5 1094/3234/5 1092/3232/5
f 3419/3242/1 1128/3237/1 1122/3155/1 3418/3154/1
f 3402/3180/1 38/3183/1 1128/3237/1 3419/3242/1
f 37/3172/1 63/3175/1 1138/3241/1 1127/3240/1
f 931/3173/1 37/3172/1 1127/3240/1 1139/3239/1
f 921/3199/1 914/3198/1 1143/3231/1 1145/3238/1
f 38/3183/1 913/3182/1 1140/3236/1 1128/3237/1
f 1143/3231/5 914/3198/5 931/3173/5 1139/3239/5
f 933/3205/5 1144/3222/5 1140/3236/5 913/3182/5
f 3431/3243/6 3396/3150/6 2619/3153/6 3258/3244/6
f 3244/3192/6 2618/3189/6 1177/3190/6 3247/3245/6
f 7/3167/4 2618/3189/4 1174/3228/4 912/3169/4
f 3258/3244/3 2619/3153/3 1173/3216/3 3249/3230/3
f 934/3178/4 1170/3227/4 1168/3246/4 940/3179/4
f 3251/3229/3 1169/3225/3 1167/3226/3 3252/3247/3
f 3238/3219/5 1170/3227/5 1174/3228/5 3240/3193/5
f 3315/3248/6 3263/3249/6 1209/3250/6 1161/3251/6
f 3264/3252/1 1210/3253/1 1252/3254/1 3286/3255/1
f 3286/3255/1 1252/3254/1 1251/3256/1 3285/3257/1
f 3410/3210/5 1227/3258/5 1223/3259/5 3408/3187/5
f 3301/3260/5 1226/3261/5 1222/3262/5 3299/3263/5
f 3273/3223/2 1227/3258/2 1229/3264/2 3274/3265/2
f 3301/3260/1 3302/3266/1 1228/3267/1 1226/3261/1
f 3288/3268/2 1198/3269/2 1223/3259/2 3271/3224/2
f 3264/3252/1 3299/3263/1 1222/3262/1 1210/3253/1
f 3288/3268/6 3289/3270/6 1199/3271/6 1198/3269/6
f 3285/3257/1 1251/3256/1 1209/3250/1 3263/3249/1
f 3327/3272/6 3315/3248/6 1161/3251/6 3257/3273/6
f 909/3209/5 1169/3225/5 1173/3216/5 935/3185/5
f 3289/3270/6 3327/3272/6 3257/3273/6 1199/3271/6
f 916/3217/5 3238/3219/5 3240/3193/5 938/3191/5
f 917/3214/3 3251/3229/3 3252/3247/3 923/3215/3
f 4/3158/3 3258/3244/3 3249/3230/3 937/3188/3
f 3/3161/6 3244/3192/6 3247/3245/6 59/3162/6
f 3369/3157/6 3431/3243/6 3258/3244/6 4/3158/6
f 1169/3225/5 3251/3229/5 3249/3230/5 1173/3216/5
f 1170/3227/4 3238/3219/4 3237/3220/4 1168/3246/4
f 2618/3189/4 3244/3192/4 3240/3193/4 1174/3228/4
f 59/3162/6 3247/3245/6 3327/3272/6 3289/3270/6
f 3247/3245/6 1177/3190/6 3315/3248/6 3327/3272/6
f 1110/3165/1 3285/3257/1 3263/3249/1 57/3166/1
f 58/3163/6 59/3162/6 3289/3270/6 3288/3268/6
f 63/3175/1 915/3174/1 3299/3263/1 3264/3252/1
f 58/3163/2 3288/3268/2 3271/3224/2 929/3170/2
f 932/3201/1 943/3200/1 3302/3266/1 3301/3260/1
f 918/3195/2 3273/3223/2 3274/3265/2 924/3196/2
f 932/3201/5 3301/3260/5 3299/3263/5 915/3174/5
f 1138/3241/1 3286/3255/1 3285/3257/1 1110/3165/1
f 63/3175/1 3264/3252/1 3286/3255/1 1138/3241/1
f 1177/3190/6 57/3166/6 3263/3249/6 3315/3248/6
f 1227/3258/5 3273/3223/5 3271/3224/5 1223/3259/5
f 1199/3271/6 3257/3273/6 3431/3243/6 3369/3157/6
f 936/3211/5 3410/3210/5 3408/3187/5 910/3186/5
f 3257/3273/6 1161/3251/6 3396/3150/6 3431/3243/6
f 1210/3253/1 3402/3180/1 3419/3242/1 1252/3254/1
f 1252/3254/1 3419/3242/1 3418/3154/1 1251/3256/1
f 1226/3261/5 3380/3202/5 3378/3181/5 1222/3262/5
f 1227/3258/2 3410/3210/2 3411/3213/2 1229/3264/2
f 1226/3261/1 1228/3267/1 3381/3203/1 3380/3202/1
f 1198/3269/2 3368/3156/2 3408/3187/2 1223/3259/2
f 1210/3253/1 1222/3262/1 3378/3181/1 3402/3180/1
f 1198/3269/6 1199/3271/6 3369/3157/6 3368/3156/6
f 1251/3256/1 3418/3154/1 3401/3151/1 1209/3250/1
f 1161/3251/6 1209/3250/6 3401/3151/6 3396/3150/6
usemtl ground
f 948/3274/4 942/3275/4 8/3276/4 178/2373/47
f 1171/3277/3 945/3278/3 12/2361/45 1176/2360/45
f 925/3279/3 947/3280/3 180/2315/46 10/3281/3
f 3409/3282/2 925/3279/2 10/3281/2 3375/3283/2
f 3239/3284/4 948/3274/4 178/2373/47 3248/2355/44
f 1052/3285/5 1055/3286/5 8/3276/5 508/3287/5
f 1114/3288/1 1105/2371/1 12/2361/1 945/3278/1
f 1055/3286/5 1051/2372/5 178/2373/5 8/3276/5
f 975/919/2 66/3289/2 51/3290/2 968/920/2
f 1058/2314/5 1056/3291/5 10/3281/5 180/2315/5
f 3316/3292/5 3324/3293/5 2648/3294/5 1263/3295/5
f 1263/3295/5 2648/3294/5 2633/3296/5 1260/3297/5
f 61/3298/5 32/3011/5 28/3299/5 62/3300/5
f 3412/3301/5 1018/3302/109 50/3303/5 3403/3304/5
f 68/3305/5 39/3110/5 900/2967/5 901/2966/5
f 3379/3306/1 3405/3307/1 41/2947/1 927/3308/1
f 939/3309/1 39/3110/1 68/3305/1 928/3310/1
f 1008/3311/110 990/3312/5 64/3313/5 46/3314/5
f 3291/3315/5 61/3298/5 62/3300/5 3292/3316/5
f 3276/923/2 3266/3317/2 66/3289/2 975/919/2
f 3309/3318/5 1052/3285/5 508/3287/5 3296/3319/5
f 942/3275/2 941/3320/2 508/3287/2 8/3276/2
f 3267/3321/5 68/3305/5 901/2966/5 3269/3140/5
f 1182/3322/5 46/3314/5 64/3313/5 1186/3323/5
f 3266/3317/5 3270/3324/5 904/3325/5 66/3289/5
f 3422/3326/5 3403/3304/5 50/3303/5 1181/3327/5
f 66/3289/5 904/3325/5 902/3328/5 51/3290/5
f 1123/2312/1 1113/3329/1 926/3330/1 13/2309/1
f 1117/3176/6 940/3179/6 926/3330/6 1113/3329/6
f 920/3197/6 924/3196/6 941/3320/6 942/3275/6
f 943/3200/6 921/3199/6 939/3309/6 928/3310/6
f 3302/3266/6 943/3200/6 928/3310/6 3300/3331/6
f 921/3199/6 1145/3238/6 1141/3332/6 939/3309/6
f 3411/3213/6 946/3212/6 925/3279/6 3409/3282/6
f 946/3212/6 923/3215/6 947/3280/6 925/3279/6
f 922/3218/6 920/3197/6 942/3275/6 948/3274/6
f 3237/3220/6 922/3218/6 948/3274/6 3239/3284/6
f 1167/3226/6 919/3208/6 945/3278/6 1171/3277/6
f 1007/3012/110 1002/3333/5 990/3312/5 1008/3311/110
f 3413/3334/5 1019/3145/109 1018/3302/109 3412/3301/5
f 3371/3335/5 30/3065/5 1019/3145/109 3413/3334/5
f 32/3011/5 61/3298/5 1002/3333/5 1007/3012/110
f 3310/3336/5 1072/3337/5 1052/3285/5 3309/3318/5
f 1051/2372/5 1071/3143/5 1038/3144/5 1037/3030/5
f 1064/3066/5 1062/3338/5 1056/3291/5 1058/2314/5
f 1061/3339/5 1071/3143/5 1051/2372/5 1055/3286/5
f 1072/3337/5 1061/3339/5 1055/3286/5 1052/3285/5
f 62/3300/5 28/3299/5 1061/3339/5 1072/3337/5
f 28/3299/5 32/3011/5 1071/3143/5 1061/3339/5
f 30/3065/5 29/3340/5 1062/3338/5 1064/3066/5
f 3292/3316/5 62/3300/5 1072/3337/5 3310/3336/5
f 1064/3066/5 1058/2314/5 1078/3048/5 1080/3047/5
f 1129/3107/5 1123/2312/5 1083/3099/5 1149/3098/5
f 1105/2371/5 1133/3141/5 1104/3142/5 1103/3079/5
f 919/3208/6 1118/3207/6 1114/3288/6 945/3278/6
f 1145/3238/6 1117/3176/6 1113/3329/6 1141/3332/6
f 1129/3107/1 1141/3332/1 1113/3329/1 1123/2312/1
f 1142/3341/1 1133/3141/1 1105/2371/1 1114/3288/1
f 927/3308/1 41/2947/1 1133/3141/1 1142/3341/1
f 39/3110/1 939/3309/1 1141/3332/1 1129/3107/1
f 1146/3221/6 944/3204/6 927/3308/6 1142/3341/6
f 1118/3207/6 1146/3221/6 1142/3341/6 1114/3288/6
f 22/3342/5 2665/3343/5 2664/3344/5 60/3345/5
f 3250/3346/3 1171/3277/3 1176/2360/45 3241/2370/45
f 926/3330/4 1172/3347/4 1175/2310/44 13/2309/44
f 3252/3247/6 1167/3226/6 1171/3277/6 3250/3346/6
f 2688/3348/5 1153/3349/5 1158/3350/5 2689/3351/5
f 3397/3352/5 3394/3353/5 1156/3354/5 1196/3355/5
f 3397/3352/5 1196/3355/5 1197/3356/5 3420/3357/5
f 3435/3358/5 3422/3326/5 1181/3327/5 3363/3359/5
f 3372/3360/5 1204/3361/5 1247/3362/5 3389/3363/5
f 3389/3363/5 1247/3362/5 1244/3364/5 3388/3365/5
f 3291/3315/5 1203/3366/5 1239/3367/5 3280/3368/5
f 3280/3368/5 1239/3367/5 1236/3369/5 3279/3370/5
f 3274/3265/6 1229/3264/6 1225/3371/6 3272/3372/6
f 3381/3203/6 1228/3267/6 1224/3373/6 3379/3306/6
f 3319/3374/5 3265/3375/5 1211/3376/5 2573/3377/5
f 3438/3378/5 3447/3379/5 1220/3380/5 1212/3381/5
f 3405/3307/5 1214/3382/5 1219/3139/5 3407/2963/5
f 3388/3365/5 1244/3364/5 1215/3383/5 3375/3283/5
f 3440/937/2 3438/3378/2 1212/3381/2 1233/938/2
f 3371/3335/5 1203/3366/5 1204/3361/5 3372/3360/5
f 3300/3331/1 3267/3321/1 1214/3382/1 1224/3373/1
f 3279/3370/5 1236/3369/5 1211/3376/5 3265/3375/5
f 3272/3372/2 1225/3371/2 1215/3383/2 3296/3319/2
f 3448/3384/5 3443/947/5 1264/2257/5 3331/3385/5
f 3335/3386/5 3316/3292/5 1263/3295/5 3330/3387/5
f 3330/3387/5 1263/3295/5 1260/3297/5 3332/3388/5
f 2669/3389/5 3339/3390/5 3449/3391/5 3447/3379/5
f 3429/3392/5 3420/3357/5 1197/3356/5 2638/3393/5
f 940/3179/6 1168/3246/6 1172/3347/6 926/3330/6
f 3424/3394/5 3430/3395/5 2637/3396/5 27/3397/5
f 3323/3398/5 3320/3399/5 67/3400/5 2647/3401/5
f 2647/3401/5 67/3400/5 9/3402/5 2634/3403/5
f 2664/3344/5 2663/3404/5 2651/3405/5 2652/3406/5
f 3429/3392/5 2638/3393/5 2637/3396/5 3430/3395/5
f 3323/3398/5 2647/3401/5 2648/3294/5 3324/3293/5
f 2647/3401/5 2634/3403/5 2633/3296/5 2648/3294/5
f 2666/3407/5 1187/3408/5 1195/3409/5 2663/3404/5
f 2666/3407/5 2663/3404/5 2664/3344/5 2665/3343/5
f 1188/3410/5 2688/3348/5 2689/3351/5 1194/3411/5
f 1258/3412/5 1194/3411/5 2689/3351/5 1254/3413/5
f 923/3215/6 3252/3247/6 3250/3346/6 947/3280/6
f 947/3280/3 3250/3346/3 3241/2370/45 180/2315/46
f 1168/3246/6 3237/3220/6 3239/3284/6 1172/3347/6
f 1172/3347/4 3239/3284/4 3248/2355/44 1175/2310/44
f 2649/926/5 3323/3398/5 3324/3293/5 2650/2256/5
f 2649/926/5 1266/925/5 3320/3399/5 3323/3398/5
f 3331/3385/5 1264/2257/5 3316/3292/5 3335/3386/5
f 941/3320/2 3272/3372/2 3296/3319/2 508/3287/2
f 990/3312/5 3279/3370/5 3265/3375/5 64/3313/5
f 928/3310/1 68/3305/1 3267/3321/1 3300/3331/1
f 1186/3323/5 64/3313/5 3265/3375/5 3319/3374/5
f 924/3196/6 3274/3265/6 3272/3372/6 941/3320/6
f 1002/3333/5 3280/3368/5 3279/3370/5 990/3312/5
f 61/3298/5 3291/3315/5 3280/3368/5 1002/3333/5
f 1204/3361/5 3292/3316/5 3310/3336/5 1247/3362/5
f 1247/3362/5 3310/3336/5 3309/3318/5 1244/3364/5
f 1228/3267/6 3302/3266/6 3300/3331/6 1224/3373/6
f 1212/3381/5 1220/3380/5 3270/3324/5 3266/3317/5
f 1214/3382/5 3267/3321/5 3269/3140/5 1219/3139/5
f 1244/3364/5 3309/3318/5 3296/3319/5 1215/3383/5
f 1233/938/2 1212/3381/2 3266/3317/2 3276/923/2
f 1203/3366/5 3291/3315/5 3292/3316/5 1204/3361/5
f 1264/2257/5 2650/2256/5 3324/3293/5 3316/3292/5
f 3338/3414/5 3331/3385/5 3335/3386/5 3340/3415/5
f 3337/3416/5 3330/3387/5 3332/3388/5 3341/3417/5
f 3340/3415/5 3335/3386/5 3330/3387/5 3337/3416/5
f 3449/3391/5 3448/3384/5 3331/3385/5 3338/3414/5
f 3447/3379/5 3449/3391/5 3338/3414/5 1220/3380/5
f 3270/3324/5 3340/3415/5 3337/3416/5 904/3325/5
f 904/3325/5 3337/3416/5 3341/3417/5 902/3328/5
f 1220/3380/5 3338/3414/5 3340/3415/5 3270/3324/5
f 3394/3353/5 3435/3358/5 3363/3359/5 1156/3354/5
f 1254/3413/5 3365/3418/5 3435/3358/5 3394/3353/5
f 2651/3405/5 3429/3392/5 3430/3395/5 2652/3406/5
f 2576/3419/5 2652/3406/5 3430/3395/5 3424/3394/5
f 2651/3405/5 1259/3420/5 3420/3357/5 3429/3392/5
f 30/3065/5 3371/3335/5 3372/3360/5 29/3340/5
f 1056/3291/5 3388/3365/5 3375/3283/5 10/3281/5
f 41/2947/5 3405/3307/5 3407/2963/5 899/2948/5
f 944/3204/6 3381/3203/6 3379/3306/6 927/3308/6
f 1062/3338/5 3389/3363/5 3388/3365/5 1056/3291/5
f 29/3340/5 3372/3360/5 3389/3363/5 1062/3338/5
f 1258/3412/5 3397/3352/5 3420/3357/5 1259/3420/5
f 1258/3412/5 1254/3413/5 3394/3353/5 3397/3352/5
f 1203/3366/5 3371/3335/5 3413/3334/5 1239/3367/5
f 1239/3367/5 3413/3334/5 3412/3301/5 1236/3369/5
f 1229/3264/6 3411/3213/6 3409/3282/6 1225/3371/6
f 2573/3377/5 1211/3376/5 3403/3304/5 3422/3326/5
f 1224/3373/1 1214/3382/1 3405/3307/1 3379/3306/1
f 1236/3369/5 3412/3301/5 3403/3304/5 1211/3376/5
f 1225/3371/2 3409/3282/2 3375/3283/2 1215/3383/2
f 3339/3390/5 3334/3421/5 3448/3384/5 3449/3391/5
f 3334/3421/5 1261/948/5 3443/947/5 3448/3384/5
f 974/2276/2 48/3422/2 3438/3378/2 3440/937/2
f 48/3422/5 2669/3389/5 3447/3379/5 3438/3378/5
usemtl interior
f 2622/3423/85 1191/949/111 2636/3424/87 2655/3425/85
f 3305/3426/92 1012/3427/89 51/3290/112 3294/3428/92
f 2594/3429/85 1013/3023/87 49/2275/111 2586/3430/85
f 1016/3025/84 1017/3431/93 52/3432/93 48/3422/113
f 1009/3020/86 1016/3025/84 48/3422/113 974/2276/86
f 1014/3433/88 1015/3434/91 47/917/114 958/2984/88
f 2593/3435/90 1008/3311/90 46/3314/90 2587/3436/90
f 2629/3437/2 2577/2262/2 21/2265/2 2632/3438/2
f 3260/3439/2 9/3402/2 67/3400/2 3320/3399/2
f 2654/3440/3 2652/3441/3 2576/3442/3 2626/3443/3
f 3294/3428/92 51/3290/112 902/3328/92 3345/3444/92
f 48/3422/113 52/3432/93 903/3445/93 2669/3389/93
f 2621/3446/90 2587/3436/90 46/3314/90 1182/3322/90
f 1011/3447/88 1014/3433/88 958/2984/88 968/920/88
f 1013/3023/87 1010/3021/86 957/2986/86 49/2275/111
f 1012/3427/89 1011/3447/88 968/920/88 51/3290/112
f 1010/3021/86 1009/3020/86 974/2276/86 957/2986/86
f 957/2986/86 974/2276/86 977/2277/86 978/2987/86
f 968/920/88 958/2984/88 981/2991/88 982/921/88
f 1028/3448/86 1024/3449/86 994/3019/86 992/3018/86
f 1020/3450/89 1027/3451/88 993/3452/88 989/3453/89
f 1022/3454/87 1028/3448/86 992/3018/86 988/3022/87
f 1027/3451/88 1026/3455/88 991/3456/88 993/3452/88
f 2600/3457/90 998/3458/90 986/3459/90 2597/3460/90
f 1026/3455/88 1025/3461/91 987/3462/91 991/3456/88
f 1024/3449/86 995/3463/84 983/3024/84 994/3019/86
f 995/3463/84 997/3464/93 985/3465/93 983/3024/84
f 2599/3466/85 1022/3454/87 988/3022/87 2598/3467/85
f 3308/3468/92 1020/3450/89 989/3453/89 3307/3469/92
f 986/3459/115 998/3458/115 1007/3012/110 1008/3311/110
f 989/3453/2 993/3452/2 1011/3447/2 1012/3427/2
f 993/3452/2 991/3456/2 1014/3433/2 1011/3447/2
f 2597/3460/2 986/3459/2 1008/3311/2 2593/3435/2
f 991/3456/2 987/3462/2 1015/3434/2 1014/3433/2
f 983/3024/2 985/3465/2 1017/3431/2 1016/3025/2
f 2598/3467/2 988/3022/2 1013/3023/2 2594/3429/2
f 3307/3469/2 989/3453/2 1012/3427/2 3305/3426/2
f 996/3470/116 984/3471/116 1018/3302/109 1019/3145/109
f 3387/3472/1 997/3464/1 1021/3002/1 3385/3125/1
f 2599/3466/1 996/3470/1 1019/3145/1 2595/2999/1
f 997/3464/1 995/3463/1 1023/3003/1 1021/3002/1
f 995/3463/1 1024/3449/1 1006/3005/1 1023/3003/1
f 1025/3461/1 1026/3455/1 1003/3009/1 999/3008/1
f 2600/3457/1 1025/3461/1 999/3008/1 2596/3013/1
f 1026/3455/1 1027/3451/1 1005/3015/1 1003/3009/1
f 1028/3448/1 1022/3454/1 1000/2998/1 1004/3017/1
f 1027/3451/1 1020/3450/1 1001/2994/1 1005/3015/1
f 1024/3449/1 1028/3448/1 1004/3017/1 1006/3005/1
f 2687/3473/2 2686/3474/2 1188/3410/2 1194/3411/2
f 2663/3404/1 2658/3475/1 2653/3476/1 2651/3477/1
f 2586/3430/85 49/2275/111 1184/2274/85 2620/3478/85
f 3367/3479/85 3362/2260/85 1155/2259/85 2617/3480/85
f 2684/3481/1 2685/3482/1 1154/931/1 1157/930/1
f 2621/3446/2 2616/3483/2 1185/916/2 1183/918/2
f 2693/3484/90 2685/3482/90 1153/3349/90 2688/3348/90
f 2617/3480/85 1155/2259/85 1192/2273/85 2623/3485/85
f 2644/3486/84 6/3487/84 18/3488/87 2635/3489/87
f 2692/3490/4 2691/929/4 2574/2270/4 2687/3473/4
f 2630/3491/1 2631/3492/1 1195/3409/1 1187/3408/1
f 2622/3423/85 1197/3356/85 1196/3355/85 2623/3485/85
f 21/2265/90 2668/2264/90 2659/3493/90 2632/3438/90
f 2667/2269/90 1190/2268/90 2630/3491/90 2660/3494/90
f 2627/3495/3 1259/3496/3 2651/3477/3 2653/3476/3
f 2628/3497/3 1258/3498/3 1259/3496/3 2627/3495/3
f 3433/3499/92 3333/3149/92 1265/3500/92 3421/3501/92
f 3308/3468/1 1241/3502/1 1238/3124/1 3306/2995/1
f 3386/3503/2 1240/3504/2 1237/3505/2 3384/3506/2
f 3387/3472/92 1241/3502/92 1240/3504/92 3386/3503/92
f 52/3432/92 3374/3507/92 1207/3508/92 1221/3509/92 903/3445/92
f 1197/3356/85 2622/3423/85 2655/3425/85 2638/3393/85
f 3425/3510/2 3404/3511/2 1213/928/2 2626/3512/2
f 3398/3513/2 1201/3514/2 1266/925/2 3423/3515/2
f 3384/3506/92 1237/3505/92 1207/3508/92 3374/3507/92
f 3421/3501/92 1265/3500/92 2641/3516/92 3428/3517/92
f 3343/3146/92 3332/3388/92 1260/3297/92 3317/3518/92
f 3334/3421/93 3329/3519/93 1262/3520/83 1261/948/113
f 3423/3515/2 1266/925/2 1213/928/2 3404/3511/2
f 3427/3521/92 2642/3522/104 1201/3514/104 3398/3513/92
f 3321/3523/2 3319/3524/2 2573/3525/2 3451/3526/2
f 2625/3527/6 2692/3490/6 2687/3473/6 2628/3497/6
f 2571/3528/3 2625/3527/3 2628/3497/3 2575/3529/3
f 3318/3530/2 3321/3523/2 3451/3526/2 2572/3531/2
f 3424/3394/2 3425/3510/2 2626/3512/2 2576/3419/2
f 2575/3529/3 2628/3497/3 2627/3495/3 1257/3532/3
f 1191/949/111 2622/3423/85 2623/3485/85 1192/2273/85
f 1156/3354/85 2617/3480/85 2623/3485/85 1196/3355/85
f 1182/3322/2 1186/3323/2 2616/3483/2 2621/3446/2
f 50/3303/85 2586/3430/85 2620/3478/85 1181/3327/85
f 998/3458/1 2600/3457/1 2596/3013/1 1007/3012/1
f 1022/3454/1 2599/3466/1 2595/2999/1 1000/2998/1
f 984/3471/2 2598/3467/2 2594/3429/2 1018/3302/2
f 987/3462/2 2597/3460/2 2593/3435/2 1015/3434/2
f 996/3470/85 2599/3466/85 2598/3467/85 984/3471/85
f 1025/3461/91 2600/3457/90 2597/3460/90 987/3462/91
f 1183/918/90 47/917/114 2587/3436/90 2621/3446/90
f 1015/3434/91 2593/3435/90 2587/3436/90 47/917/114
f 1018/3302/85 2594/3429/85 2586/3430/85 50/3303/85
f 2639/3533/3 2654/3440/3 2626/3443/3 1213/3534/3
f 1257/3532/3 2627/3495/3 2653/3476/3 2640/3535/3
f 1261/948/113 1262/3520/83 2646/3536/83 2643/3537/84
f 2656/3538/85 2635/3489/87 18/3488/87 2580/3539/85
f 2657/3540/4 2661/2263/4 2577/2262/4 2629/3437/4
f 1261/948/113 2643/3537/84 2636/3424/87 1191/949/111
f 2637/3396/85 2656/3538/85 2580/3539/85 27/3397/85
f 2644/3486/84 2645/3541/93 23/3542/93 6/3487/84
f 3317/3518/92 1260/3297/92 2633/3296/92 3326/3543/92
f 2656/3538/85 2637/3396/85 2638/3393/85 2655/3425/85
f 2654/3440/3 2639/3533/3 2640/3535/3 2653/3476/3
f 3427/3521/92 2645/3541/92 2646/3536/92 3428/3517/92
f 2644/3486/84 2635/3489/87 2636/3424/87 2643/3537/84
f 2635/3489/87 2656/3538/85 2655/3425/85 2636/3424/87
f 3325/3544/92 2642/3522/104 2641/3516/92 3326/3543/92
f 2645/3541/93 2644/3486/84 2643/3537/84 2646/3536/83
f 3325/3544/92 2634/3403/92 9/3402/92 3260/3439/104
f 2660/3494/90 2630/3491/90 1187/3408/90 2666/3407/90
f 1190/2268/1 1193/2267/1 2631/3492/1 2630/3491/1
f 60/3345/2 2629/3437/2 2632/3438/2 22/3342/2
f 2632/3438/90 2659/3493/90 2665/3343/90 22/3342/90
f 2664/3344/4 2657/3540/4 2629/3437/4 60/3345/4
f 1195/3409/4 2631/3492/4 2658/3475/4 2663/3404/4
f 2661/2263/4 2657/3540/4 2658/3475/4 2662/2266/4
f 2657/3540/2 2664/3344/2 2652/3441/2 2654/3440/2
f 2660/3494/90 2666/3407/90 2665/3343/90 2659/3493/90
f 2667/2269/90 2660/3494/90 2659/3493/90 2668/2264/90
f 2631/3492/4 1193/2267/4 2662/2266/4 2658/3475/4
f 2658/3475/6 2657/3540/6 2654/3440/6 2653/3476/6
f 1254/3545/1 2689/3351/1 2692/3490/1 2625/3527/1
f 2690/932/90 1154/931/90 2685/3482/90 2693/3484/90
f 1158/3350/1 1153/3349/1 2685/3482/1 2684/3481/1
f 2574/2270/2 1189/2271/2 2686/3474/2 2687/3473/2
f 1189/2271/90 2690/932/90 2693/3484/90 2686/3474/90
f 1158/3350/4 2684/3481/4 2692/3490/4 2689/3351/4
f 2684/3481/4 1157/930/4 2691/929/4 2692/3490/4
f 2686/3474/90 2693/3484/90 2688/3348/90 1188/3410/90
f 2628/3497/2 2687/3473/2 1194/3411/2 1258/3498/2
f 3363/3359/85 3367/3479/85 2617/3480/85 1156/3354/85
f 2642/3522/104 3325/3544/92 3260/3439/104 1201/3514/104
f 2634/3403/92 3325/3544/92 3326/3543/92 2633/3296/92
f 1265/3500/92 3317/3518/92 3326/3543/92 2641/3516/92
f 1185/916/2 2616/3483/2 3321/3523/2 3318/3530/2
f 2616/3483/2 1186/3323/2 3319/3524/2 3321/3523/2
f 1020/3450/1 3308/3468/1 3306/2995/1 1001/2994/1
f 1240/3504/2 3307/3469/2 3305/3426/2 1237/3505/2
f 1241/3502/92 3308/3468/92 3307/3469/92 1240/3504/92
f 1201/3514/2 3260/3439/2 3320/3399/2 1266/925/2
f 1237/3505/92 3305/3426/92 3294/3428/92 1207/3508/92
f 3339/3390/93 3336/3546/93 3329/3519/93 3334/3421/93
f 3344/3147/92 3341/3417/92 3332/3388/92 3343/3146/92
f 3434/3547/92 3342/3148/92 3333/3149/92 3433/3499/92
f 903/3445/92 1221/3509/92 3342/3148/92 3434/3547/92 3336/3546/92
f 3345/3444/92 902/3328/92 3341/3417/92 3344/3147/92
f 2669/3389/93 903/3445/93 3336/3546/93 3339/3390/93
f 3333/3149/92 3343/3146/92 3317/3518/92 1265/3500/92
f 1221/3509/92 3345/3444/92 3344/3147/92 3342/3148/92
f 1207/3508/92 3294/3428/92 3345/3444/92 1221/3509/92
f 1181/3327/85 2620/3478/85 3367/3479/85 3363/3359/85
f 2571/3528/3 3364/3548/3 3366/3549/3 2625/3527/3
f 2625/3527/3 3366/3549/3 3365/3550/3 1254/3545/3
f 3453/3551/1 3450/2261/1 3362/2260/1 3367/3479/1
f 3336/3546/92 3434/3547/92 3433/3499/92 3329/3519/92
f 2642/3522/104 3427/3521/92 3428/3517/92 2641/3516/92
f 27/3397/2 2580/3539/2 3425/3510/2 3424/3394/2
f 2645/3541/92 3427/3521/92 3398/3513/92 23/3542/92
f 6/3487/2 3423/3515/2 3404/3511/2 18/3488/2
f 1262/3520/92 3421/3501/92 3428/3517/92 2646/3536/92
f 1017/3431/92 3384/3506/92 3374/3507/92 52/3432/92
f 23/3542/2 3398/3513/2 3423/3515/2 6/3487/2
f 2580/3539/2 18/3488/2 3404/3511/2 3425/3510/2
f 997/3464/92 3387/3472/92 3386/3503/92 985/3465/92
f 985/3465/2 3386/3503/2 3384/3506/2 1017/3431/2
f 3329/3519/92 3433/3499/92 3421/3501/92 1262/3520/92
f 1241/3502/1 3387/3472/1 3385/3125/1 1238/3124/1
f 3452/3552/117 3453/3551/117 3367/3479/117 2620/3478/117
f 3451/3553/2 3452/3552/2 3445/941/2 2572/944/2
f 3445/941/2 3452/3552/2 2620/3478/2 1184/2274/2
f 3453/3551/1 3366/3554/1 3364/2272/1 3450/2261/1
f 3435/3358/1 3365/3418/1 3366/3554/1 3453/3551/1
f 3422/3326/3 3435/3358/3 3453/3551/3 3452/3552/3
f 2573/3377/2 3422/3326/2 3452/3552/2 3451/3553/2
usemtl glass
s off
f 2670/3555/2 903/3556/2 1221/3557/2 2673/3558/2 2674/3559/2
f 2672/3560/2 2673/3558/2 1221/3557/2 3345/3561/2 902/3562/2
f 2681/3563/3 2682/3564/3 2673/3558/3 2672/3560/3
f 2669/3565/2 2670/3555/2 2674/3559/2 2671/3566/2
f 2679/3567/1 2683/3568/1 2682/3564/1 2678/3569/1 2677/3570/1
f 2681/3563/1 2675/3571/1 2678/3569/1 2682/3564/1
f 2683/3568/4 2680/3572/4 2671/3566/4 2674/3559/4
f 2676/3573/1 2680/3572/1 2683/3568/1 2679/3567/1
f 2677/3570/42 2678/3569/42 1221/3557/42 903/3556/42
f 2679/3567/43 2677/3570/43 903/3556/43 2670/3555/43
f 2676/3573/43 2679/3567/43 2670/3555/43 2669/3565/43
f 2680/3572/6 2676/3573/6 2669/3565/6 2671/3566/6
f 2675/3571/6 2681/3563/6 2672/3560/6 902/3562/6
f 2678/3569/79 2675/3571/79 902/3562/79 3345/3561/79 1221/3557/79
f 2682/3564/6 2683/3568/6 2674/3559/6 2673/3558/6
s 1
f 3223/3574/5 907/3575/5 1029/3576/5 3226/3577/5
f 3219/3578/1 3231/3579/1 3226/3577/1 1029/3576/1
f 3221/3580/118 908/3581/118 1031/3582/118 3219/3578/118
f 3220/3583/119 906/3584/120 1030/3585/120 3218/3586/119
f 3225/3587/6 905/3588/6 1032/3589/6 3228/3590/6
f 908/3581/6 3224/3591/6 3229/3592/6 1031/3582/6
f 3230/3593/1 3218/3586/1 1030/3585/1 3227/3594/1
f 3221/3580/2 907/3575/2 3223/3574/2 3233/3595/2
f 3222/3596/2 3232/3597/2 3233/3595/2 3223/3574/2
f 3232/3597/2 3222/3596/2 906/3584/2 3220/3583/2
f 3223/3574/5 3226/3577/5 3227/3594/5 3222/3596/5
f 3230/3593/1 3227/3594/1 3226/3577/1 3231/3579/1
f 3230/3593/6 3231/3579/6 3233/3595/6 3232/3597/6
f 906/3584/5 3222/3596/5 3227/3594/5 1030/3585/5
f 3228/3590/3 3230/3593/3 3232/3597/3 3225/3587/3
f 3225/3587/2 3232/3597/2 3220/3583/2 905/3588/2
f 908/3581/2 3221/3580/2 3233/3595/2 3224/3591/2
f 3228/3590/1 1032/3589/1 3218/3586/1 3230/3593/1
f 905/3588/119 3220/3583/119 3218/3586/119 1032/3589/119
f 907/3575/121 3221/3580/118 3219/3578/118 1029/3576/121
f 1031/3582/1 3229/3592/1 3231/3579/1 3219/3578/1
f 3231/3579/4 3229/3592/4 3224/3591/4 3233/3595/4
o WindowFrame_WindowFrane
v -1.572527 5.306133 -5.490915
v -1.561023 5.328045 -5.490915
v -1.522950 5.308059 -5.490891
v -1.511447 5.329971 -5.490891
v -1.503778 5.325945 -5.490886
v -1.515281 5.304032 -5.490886
v -1.479673 5.285340 -5.490864
v -1.468169 5.307252 -5.490864
v -1.460500 5.303226 -5.490859
v -1.472003 5.281313 -5.490859
v -1.453651 5.271680 -5.490847
v -1.571790 5.305746 -6.975824
v -1.560287 5.327659 -6.975824
v -1.522214 5.307672 -6.975801
v -1.510710 5.329584 -6.975801
v -1.503041 5.325558 -6.975796
v -1.514544 5.303646 -6.975796
v -1.478936 5.284953 -6.975773
v -1.467433 5.306866 -6.975773
v -1.459764 5.302839 -6.975768
v -1.471267 5.280927 -6.975768
v -1.452915 5.271293 -6.975757
v -0.997367 6.401766 -5.490915
v -1.008871 6.379853 -5.490915
v -0.970797 6.359866 -5.490891
v -0.982301 6.337954 -5.490891
v -0.974631 6.333928 -5.490886
v -0.963128 6.355840 -5.490886
v -0.927520 6.337148 -5.490864
v -0.939023 6.315235 -5.490864
v -0.931354 6.311209 -5.490859
v -0.919850 6.333121 -5.490859
v -0.901498 6.323487 -5.490848
v -1.008134 6.379466 -6.975825
v -0.970061 6.359479 -6.975801
v -0.981564 6.337567 -6.975801
v -0.973895 6.333541 -6.975796
v -0.962391 6.355453 -6.975796
v -0.926783 6.336761 -6.975773
v -0.938287 6.314848 -6.975773
v -0.930617 6.310822 -6.975768
v -0.919114 6.332735 -6.975768
v -0.900762 6.323101 -6.975757
v -1.572525 5.306132 -5.493390
v -1.550613 5.294629 -5.493376
v -1.550600 5.294622 -5.518125
v -1.548409 5.293472 -5.518123
v -1.548421 5.293478 -5.493375
v -1.507335 5.271910 -5.493349
v -1.507323 5.271904 -5.518097
v -1.505132 5.270753 -5.518096
v -1.505144 5.270760 -5.493347
v -1.465153 5.249766 -5.493322
v -1.465135 5.249757 -5.530445
v -1.462944 5.248606 -5.530443
v -1.462963 5.248617 -5.490846
v -0.997366 6.401765 -5.493390
v -0.975453 6.390262 -5.493376
v -0.975441 6.390255 -5.518125
v -0.973250 6.389105 -5.518124
v -0.973262 6.389112 -5.493375
v -0.932176 6.367543 -5.493349
v -0.932164 6.367537 -5.518097
v -0.929972 6.366386 -5.518096
v -0.929985 6.366393 -5.493348
v -0.889994 6.345399 -5.493322
v -0.889976 6.345390 -5.530445
v -0.887784 6.344240 -5.530444
v -0.887804 6.344250 -5.490846
v -1.571791 5.305747 -6.973350
v -1.549879 5.294243 -6.973336
v -1.549891 5.294250 -6.948587
v -1.547700 5.293099 -6.948586
v -1.547687 5.293093 -6.973334
v -1.506601 5.271524 -6.973309
v -1.506613 5.271531 -6.948560
v -1.504422 5.270380 -6.948558
v -1.504410 5.270374 -6.973307
v -1.464419 5.249381 -6.973282
v -1.464438 5.249391 -6.936159
v -1.462246 5.248240 -6.936158
v -1.462227 5.248230 -6.975755
v -0.996631 6.401379 -6.975825
v -0.996632 6.401380 -6.973350
v -0.974720 6.389876 -6.973336
v -0.974732 6.389883 -6.948587
v -0.972541 6.388732 -6.948586
v -0.972528 6.388726 -6.973335
v -0.931442 6.367157 -6.973309
v -0.931454 6.367164 -6.948560
v -0.929263 6.366014 -6.948559
v -0.929251 6.366007 -6.973307
v -0.889260 6.345014 -6.973282
v -0.889279 6.345024 -6.936159
v -0.887087 6.343873 -6.936158
v -0.887068 6.343863 -6.975755
v -1.462943 5.248606 -5.531062
v -1.465135 5.249756 -5.531064
v -1.464438 5.249391 -6.935540
v -1.462247 5.248240 -6.935539
v -1.445688 5.281475 -5.531062
v -1.447880 5.282626 -5.531064
v -1.447183 5.282259 -6.935540
v -1.444992 5.281109 -6.935539
v -0.905039 6.311370 -5.531062
v -0.907230 6.312521 -5.531064
v -0.906534 6.312155 -6.935540
v -0.904342 6.311005 -6.935539
v -0.887784 6.344239 -5.531062
v -0.889975 6.345390 -5.531064
v -0.889279 6.345024 -6.935540
v -0.887088 6.343874 -6.935539
v -0.882059 6.355209 -5.478472
v -0.881310 6.354816 -6.988130
v -1.468721 5.237664 -5.478472
v -1.467972 5.237270 -6.988130
v -0.888379 6.343154 -5.492084
v -0.887643 6.342768 -6.974518
v -1.462387 5.249712 -5.492083
v -1.461652 5.249326 -6.974518
v -0.879867 6.354059 -5.478470
v -0.879119 6.353666 -6.988128
v -1.466530 5.236513 -5.478470
v -1.465781 5.236120 -6.988128
v -0.886187 6.342004 -5.492082
v -0.885452 6.341618 -6.974516
v -1.460196 5.248562 -5.492082
v -1.459461 5.248176 -6.974516
vn -0.8854 0.4648 -0.0006
vn 0.4648 0.8854 -0.0000
vn 0.8854 -0.4648 0.0006
vn -0.4648 -0.8854 0.0000
vn -0.0005 0.0003 1.0000
vn 0.0005 -0.0003 -1.0000
vn 0.4647 0.8854 0.0000
vn 0.7048 0.0802 0.7048
vn 0.0004 -0.0002 -1.0000
vn -0.4467 0.0471 0.8934
vn 0.4647 0.8855 -0.0001
vn 0.0006 -0.0003 -1.0000
vn 0.4649 0.8854 0.0000
vn 0.2275 -0.3468 0.9099
vn 0.0000 0.0698 -0.9976
vn 0.4647 0.8854 -0.0002
vn -0.0003 0.0003 1.0000
vn -0.4648 -0.8854 -0.0001
vn -0.4647 -0.8855 0.0000
vn 0.0003 -0.0002 -1.0000
vn -0.8854 0.4648 -0.0005
vn 0.8854 -0.4648 0.0005
vn -0.0006 0.0003 1.0000
vn 0.0008 -0.0003 -1.0000
usemtl Window_material
s off
f 3582//122 3581//122 3570//122 3571//122
f 3583//123 3582//123 3571//123 3572//123
f 3584//122 3583//122 3572//122 3573//122
f 3585//123 3584//123 3573//123 3574//123
f 3586//124 3585//124 3574//124 3575//124
f 3587//123 3586//123 3575//123 3576//123
f 3588//122 3587//122 3576//122 3577//122
f 3589//123 3588//123 3577//123 3578//123
f 3590//124 3589//124 3578//124 3579//124
f 3590//123 3579//123 3580//123 3591//123
f 3603//122 3593//122 3592//122 3652//122
f 3604//125 3594//125 3593//125 3603//125
f 3605//122 3595//122 3594//122 3604//122
f 3606//125 3596//125 3595//125 3605//125
f 3607//124 3597//124 3596//124 3606//124
f 3608//125 3598//125 3597//125 3607//125
f 3609//122 3599//122 3598//122 3608//122
f 3610//125 3600//125 3599//125 3609//125
f 3611//124 3601//124 3600//124 3610//124
f 3611//125 3612//125 3602//125 3601//125
f 3625//126 3638//126 3592//126 3570//126
f 3625//124 3624//124 3637//124 3638//124
f 3623//122 3622//122 3635//122 3636//122
f 3618//127 3617//127 3630//127 3631//127
f 3622//127 3621//127 3634//127 3635//127
f 3636//128 3635//128 3638//128 3637//128
f 3635//129 3634//129 3626//129 3627//129
f 3633//123 3632//123 3631//123 3634//123
f 3628//123 3627//123 3630//123 3629//123
f 3621//124 3620//124 3633//124 3634//124
f 3619//122 3618//122 3631//122 3632//122
f 3615//122 3614//122 3627//122 3628//122
f 3617//124 3616//124 3629//124 3630//124
f 3616//130 3615//130 3628//130 3629//130
f 3619//125 3620//125 3621//125 3618//125
f 3615//125 3616//125 3617//125 3614//125
f 3623//125 3624//125 3625//125 3622//125
f 3618//131 3617//131 3621//131 3622//131
f 3613//122 3570//122 3592//122 3626//122
f 3630//132 3627//132 3626//132 3592//132 3638//132 3635//132 3634//132 3631//132
f 3620//127 3619//127 3632//127 3633//127
f 3624//133 3623//133 3636//133 3637//133
f 3614//127 3613//127 3626//127 3627//127
f 3617//125 3618//125 3621//125 3622//125 3625//125 3570//125 3613//125 3614//125
f 3651//127 3581//127 3652//127 3665//127
f 3651//124 3665//124 3664//124 3650//124
f 3649//122 3663//122 3662//122 3648//122
f 3644//126 3658//126 3657//126 3643//126
f 3648//126 3662//126 3661//126 3647//126
f 3663//134 3664//134 3665//134 3662//134
f 3662//135 3661//135 3653//135 3654//135
f 3660//123 3661//123 3658//123 3659//123
f 3655//123 3656//123 3657//123 3654//123
f 3647//124 3661//124 3660//124 3646//124
f 3645//122 3659//122 3658//122 3644//122
f 3641//122 3655//122 3654//122 3640//122
f 3643//124 3657//124 3656//124 3642//124
f 3642//126 3656//126 3655//126 3641//126
f 3645//125 3644//125 3647//125 3646//125
f 3641//125 3640//125 3643//125 3642//125
f 3649//125 3648//125 3651//125 3650//125
f 3644//136 3643//136 3647//136 3648//136
f 3639//122 3653//122 3652//122 3581//122
f 3657//137 3658//137 3661//137 3662//137 3665//137 3652//137 3653//137 3654//137
f 3646//138 3660//138 3659//138 3645//138
f 3650//126 3664//126 3663//126 3649//126
f 3640//126 3654//126 3653//126 3639//126
f 3643//139 3640//139 3639//139 3581//139 3651//139 3648//139 3647//139 3644//139
f 3666//140 3667//140 3668//140 3669//140
f 3666//126 3670//126 3671//126 3667//126
f 3667//122 3671//122 3672//122 3668//122
f 3668//127 3672//127 3673//127 3669//127
f 3671//123 3670//123 3673//123 3672//123
f 3666//124 3669//124 3673//124 3670//124
f 3674//125 3675//125 3676//125 3677//125
f 3674//126 3678//126 3679//126 3675//126
f 3675//122 3679//122 3680//122 3676//122
f 3676//141 3680//141 3681//141 3677//141
f 3679//123 3678//123 3681//123 3680//123
f 3674//124 3677//124 3681//124 3678//124
f 3685//133 3683//133 3691//133 3693//133
f 3691//128 3683//128 3682//128 3690//128
f 3683//122 3687//122 3686//122 3682//122
f 3685//142 3689//142 3687//142 3683//142
f 3689//122 3685//122 3684//122 3688//122
f 3682//142 3686//142 3688//142 3684//142
f 3691//124 3690//124 3694//124 3695//124
f 3693//124 3691//124 3695//124 3697//124
f 3697//124 3696//124 3692//124 3693//124
f 3690//143 3692//143 3696//143 3694//143
f 3693//125 3692//125 3684//125 3685//125
f 3684//144 3692//144 3690//144 3682//144
f 3696//145 3688//145 3686//145 3694//145
f 3689//128 3688//128 3696//128 3697//128
f 3687//140 3695//140 3694//140 3686//140
f 3697//126 3695//126 3687//126 3689//126
o Window.L
v -1.532942 5.320292 -5.503273
v -0.986541 6.361143 -5.503273
v -0.986166 6.360946 -6.258102
v -1.532568 5.320095 -6.258102
v -1.504153 5.375057 -5.565145
v -1.015268 6.306345 -5.565145
v -1.014955 6.306181 -6.196231
v -1.503840 5.374893 -6.196231
v -1.485253 5.365136 -5.565133
v -0.996368 6.296424 -5.565133
v -0.996055 6.296259 -6.196219
v -1.484941 5.364971 -6.196219
v -1.466354 5.355214 -5.565121
v -0.977469 6.286502 -5.565121
v -0.977156 6.286338 -6.196208
v -1.466041 5.355050 -6.196207
v -1.495142 5.300448 -5.503250
v -0.948741 6.341300 -5.503250
v -0.948367 6.341104 -6.258079
v -1.494768 5.300252 -6.258079
v -1.521712 5.314396 -5.503266
v -1.521337 5.314199 -6.258095
v -1.510208 5.336309 -5.503266
v -1.509834 5.336112 -6.258095
v -1.499252 5.330557 -5.503260
v -1.498878 5.330360 -6.258088
v -1.510755 5.308645 -5.503260
v -1.510381 5.308448 -6.258088
v -0.975310 6.355247 -5.503267
v -0.974936 6.355051 -6.258095
v -0.986814 6.333335 -5.503266
v -0.986439 6.333138 -6.258095
v -0.975857 6.327583 -5.503260
v -0.975483 6.327387 -6.258089
v -0.964354 6.349496 -5.503260
v -0.963980 6.349299 -6.258089
v -1.521712 5.314396 -5.503019
v -1.521714 5.314397 -5.498317
v -1.510208 5.336309 -5.503019
v -1.510211 5.336310 -5.498317
v -1.499252 5.330557 -5.503012
v -1.499254 5.330558 -5.498310
v -1.510755 5.308645 -5.503012
v -1.510758 5.308646 -5.498310
v -1.527190 5.317272 -5.503022
v -1.505277 5.305769 -5.503008
v -1.509935 5.350141 -5.503022
v -1.488022 5.338638 -5.503008
v -1.527192 5.317273 -5.498320
v -1.505280 5.305770 -5.498306
v -1.509937 5.350142 -5.498320
v -1.488025 5.338639 -5.498306
v -1.521337 5.314199 -6.258343
v -1.521335 5.314198 -6.263045
v -1.509834 5.336112 -6.258343
v -1.509832 5.336111 -6.263045
v -1.498878 5.330360 -6.258336
v -1.498875 5.330359 -6.263038
v -1.510381 5.308448 -6.258336
v -1.510378 5.308446 -6.263038
v -1.526815 5.317075 -6.258346
v -1.504903 5.305572 -6.258332
v -1.509560 5.349944 -6.258346
v -1.487648 5.338441 -6.258332
v -1.526813 5.317074 -6.263049
v -1.504900 5.305571 -6.263035
v -1.509558 5.349943 -6.263049
v -1.487646 5.338440 -6.263035
v -0.975311 6.355247 -5.503019
v -0.975313 6.355249 -5.498317
v -0.986814 6.333335 -5.503019
v -0.986816 6.333336 -5.498317
v -0.975857 6.327583 -5.503012
v -0.975860 6.327585 -5.498310
v -0.964354 6.349496 -5.503012
v -0.964357 6.349497 -5.498310
v -0.980789 6.358123 -5.503023
v -0.958876 6.346621 -5.503009
v -0.998043 6.325254 -5.503023
v -0.976131 6.313751 -5.503009
v -0.980791 6.358125 -5.498321
v -0.958878 6.346622 -5.498306
v -0.998046 6.325256 -5.498320
v -0.976133 6.313753 -5.498306
v -0.974936 6.355051 -6.258343
v -0.974934 6.355050 -6.263045
v -0.986439 6.333138 -6.258343
v -0.986437 6.333137 -6.263045
v -0.975483 6.327387 -6.258336
v -0.975480 6.327385 -6.263038
v -0.963980 6.349299 -6.258336
v -0.963977 6.349298 -6.263038
v -0.980414 6.357927 -6.258347
v -0.958501 6.346424 -6.258333
v -0.997669 6.325058 -6.258347
v -0.975756 6.313555 -6.258333
v -0.980412 6.357925 -6.263049
v -0.958499 6.346422 -6.263035
v -0.997667 6.325057 -6.263049
v -0.975754 6.313553 -6.263035
vn -0.0005 0.0003 1.0000
vn 0.0005 -0.0003 -1.0000
vn -0.4648 -0.8854 0.0000
vn 0.4648 0.8854 0.0000
vn -0.8854 0.4648 -0.0006
vn 0.8854 -0.4648 0.0006
vn -0.8854 0.4648 -0.0005
vn -0.4648 -0.8854 -0.0001
vn 0.8854 -0.4648 0.0005
vn 0.4649 0.8854 -0.0001
vn -0.4647 -0.8854 0.0001
vn -0.4649 -0.8854 0.0000
vn -0.8854 0.4649 -0.0005
vn 0.4648 0.8854 -0.0001
vn 0.4649 0.8854 0.0000
vn -0.8854 0.4648 -0.0007
vn 0.4648 0.8854 -0.0003
vn 0.4649 0.8854 0.0001
vn -0.4648 -0.8854 0.0001
usemtl Window_material
s off
f 3708//146 3704//146 3705//146 3709//146
f 3707//147 3706//147 3702//147 3703//147
f 3711//147 3710//147 3706//147 3707//147
f 3712//146 3708//146 3709//146 3713//146
f 3704//148 3708//148 3707//148 3703//148
f 3707//148 3708//148 3712//148 3711//148
f 3709//149 3705//149 3702//149 3706//149
f 3710//149 3713//149 3709//149 3706//149
f 3701//150 3705//150 3704//150 3700//150
f 3703//150 3702//150 3698//150 3699//150
f 3702//150 3705//150 3701//150 3698//150
f 3703//150 3699//150 3700//150 3704//150
f 3715//151 3714//151 3710//151 3711//151
f 3713//151 3717//151 3716//151 3712//151
f 3713//151 3710//151 3714//151 3717//151
f 3712//151 3716//151 3715//151 3711//151
f 3727//149 3700//149 3699//149 3726//149
f 3733//149 3732//149 3715//149 3716//149
f 3733//150 3731//150 3730//150 3732//150
f 3729//151 3727//151 3726//151 3728//151
f 3731//149 3729//149 3728//149 3730//149
f 3723//148 3722//148 3720//148 3721//148
f 3717//148 3714//148 3724//148 3725//148
f 3701//148 3719//148 3718//148 3698//148
f 3723//150 3725//150 3724//150 3722//150
f 3721//151 3720//151 3718//151 3719//151
f 3701//147 3700//147 3727//147 3719//147
f 3717//147 3725//147 3733//147 3716//147
f 3729//147 3731//147 3723//147 3721//147
f 3730//146 3728//146 3720//146 3722//146
f 3714//146 3715//146 3732//146 3724//146
f 3698//146 3718//146 3726//146 3699//146
f 3746//152 3748//152 3744//152 3742//152
f 3740//152 3741//152 3739//152 3738//152
f 3735//151 3734//151 3736//151 3737//151
f 3739//153 3737//153 3736//153 3738//153
f 3742//153 3734//153 3735//153 3746//153
f 3741//148 3740//148 3743//148 3747//148
f 3747//154 3743//154 3745//154 3749//154
f 3748//155 3749//155 3745//155 3744//155
f 3744//147 3745//147 3743//147 3740//147 3738//147 3736//147 3734//147 3742//147
f 3746//146 3735//146 3737//146 3739//146 3741//146 3747//146 3749//146 3748//146
f 3762//150 3758//150 3760//150 3764//150
f 3756//152 3754//152 3755//152 3757//152
f 3751//151 3753//151 3752//151 3750//151
f 3755//153 3754//153 3752//153 3753//153
f 3758//156 3762//156 3751//156 3750//156
f 3757//157 3763//157 3759//157 3756//157
f 3763//154 3765//154 3761//154 3759//154
f 3764//149 3760//149 3761//149 3765//149
f 3760//146 3758//146 3750//146 3752//146 3754//146 3756//146 3759//146 3761//146
f 3762//147 3764//147 3765//147 3763//147 3757//147 3755//147 3753//147 3751//147
f 3778//158 3774//158 3776//158 3780//158
f 3772//150 3770//150 3771//150 3773//150
f 3767//151 3769//151 3768//151 3766//151
f 3771//149 3770//149 3768//149 3769//149
f 3774//159 3778//159 3767//159 3766//159
f 3773//160 3779//160 3775//160 3772//160
f 3779//154 3781//154 3777//154 3775//154
f 3780//148 3776//148 3777//148 3781//148
f 3776//147 3774//147 3766//147 3768//147 3770//147 3772//147 3775//147 3777//147
f 3778//146 3780//146 3781//146 3779//146 3773//146 3771//146 3769//146 3767//146
f 3794//161 3796//161 3792//161 3790//161
f 3788//150 3789//150 3787//150 3786//150
f 3783//151 3782//151 3784//151 3785//151
f 3787//149 3785//149 3784//149 3786//149
f 3790//162 3782//162 3783//162 3794//162
f 3789//163 3788//163 3791//163 3795//163
f 3795//151 3791//151 3793//151 3797//151
f 3796//164 3797//164 3793//164 3792//164
f 3792//146 3793//146 3791//146 3788//146 3786//146 3784//146 3782//146 3790//146
f 3794//147 3783//147 3785//147 3787//147 3789//147 3795//147 3797//147 3796//147
usemtl Glass_material
f 3708//151 3707//151 3706//151 3709//151
o Handle
v -1.261027 5.736108 -5.536694
v -1.264160 5.737752 -5.536695
v -1.264150 5.737747 -5.556422
v -1.261017 5.736103 -5.556420
v -1.188794 5.873707 -5.536694
v -1.191926 5.875351 -5.536695
v -1.191916 5.875346 -5.556422
v -1.188784 5.873702 -5.556420
v -1.258809 5.740332 -5.536694
v -1.191011 5.869483 -5.536694
v -1.261942 5.741977 -5.536695
v -1.191002 5.869477 -5.556420
v -1.258800 5.740327 -5.556420
v -1.194144 5.871127 -5.536695
v -1.194134 5.871121 -5.556422
v -1.261932 5.741971 -5.556422
v -1.191918 5.875347 -5.553929
v -1.264158 5.737751 -5.539189
v -1.188785 5.873702 -5.553927
v -1.188792 5.873706 -5.539187
v -1.261026 5.736107 -5.539187
v -1.261019 5.736103 -5.553927
v -1.194135 5.871122 -5.553929
v -1.194143 5.871126 -5.539189
v -1.261933 5.741972 -5.553929
v -1.261941 5.741976 -5.539189
v -1.191010 5.869482 -5.539187
v -1.191003 5.869478 -5.553927
v -1.258808 5.740332 -5.539187
v -1.258801 5.740328 -5.553927
v -1.264151 5.737748 -5.553929
v -1.191925 5.875350 -5.539189
v -1.191701 5.868569 -5.545498
v -1.192038 5.867931 -5.543756
v -1.192847 5.866389 -5.543035
v -1.193657 5.864847 -5.543756
v -1.193991 5.864208 -5.545498
v -1.193655 5.864846 -5.547239
v -1.192845 5.866388 -5.547961
v -1.192036 5.867930 -5.547239
v -1.191399 5.868410 -5.545497
v -1.191735 5.867772 -5.543756
v -1.192545 5.866230 -5.543035
v -1.193354 5.864688 -5.543756
v -1.193688 5.864048 -5.545497
v -1.193352 5.864687 -5.547239
v -1.192542 5.866229 -5.547961
v -1.191733 5.867771 -5.547239
v -1.191893 5.867766 -5.545497
v -1.192120 5.867335 -5.544322
v -1.192667 5.866294 -5.543835
v -1.193213 5.865253 -5.544322
v -1.193439 5.864821 -5.545497
v -1.193212 5.865252 -5.546673
v -1.192665 5.866293 -5.547161
v -1.192119 5.867335 -5.546673
v -1.192264 5.867060 -5.545497
v -1.192382 5.866836 -5.544886
v -1.192666 5.866294 -5.544633
v -1.192950 5.865753 -5.544886
v -1.193068 5.865528 -5.545497
v -1.192950 5.865752 -5.546109
v -1.192665 5.866293 -5.546362
v -1.192381 5.866835 -5.546109
v -1.192413 5.866775 -5.545497
v -1.192487 5.866634 -5.545114
v -1.192666 5.866294 -5.544954
v -1.192845 5.865954 -5.545114
v -1.192919 5.865813 -5.545497
v -1.192844 5.865953 -5.545882
v -1.192666 5.866294 -5.546041
v -1.192487 5.866634 -5.545882
v -1.191751 5.867692 -5.545497
v -1.191978 5.867261 -5.544322
v -1.192525 5.866220 -5.543835
v -1.193071 5.865178 -5.544322
v -1.193297 5.864747 -5.545497
v -1.193070 5.865178 -5.546673
v -1.192523 5.866219 -5.547161
v -1.191977 5.867260 -5.546673
v -1.192122 5.866985 -5.545497
v -1.192240 5.866761 -5.544886
v -1.192524 5.866220 -5.544632
v -1.192808 5.865678 -5.544886
v -1.192926 5.865453 -5.545497
v -1.192808 5.865677 -5.546109
v -1.192523 5.866219 -5.546362
v -1.192239 5.866761 -5.546109
v -1.192271 5.866700 -5.545497
v -1.192345 5.866560 -5.545113
v -1.192524 5.866220 -5.544954
v -1.192703 5.865879 -5.545113
v -1.192776 5.865738 -5.545497
v -1.192702 5.865879 -5.545882
v -1.192523 5.866219 -5.546041
v -1.192345 5.866560 -5.545882
v -1.256403 5.744533 -5.545882
v -1.256582 5.744193 -5.546041
v -1.256761 5.743853 -5.545882
v -1.256835 5.743711 -5.545497
v -1.256761 5.743853 -5.545113
v -1.256582 5.744193 -5.544954
v -1.256404 5.744533 -5.545113
v -1.256330 5.744674 -5.545497
v -1.256298 5.744734 -5.546109
v -1.256582 5.744193 -5.546362
v -1.256866 5.743651 -5.546109
v -1.256984 5.743427 -5.545497
v -1.256867 5.743651 -5.544886
v -1.256583 5.744193 -5.544632
v -1.256298 5.744734 -5.544886
v -1.256180 5.744958 -5.545497
v -1.256035 5.745234 -5.546673
v -1.256581 5.744193 -5.547161
v -1.257128 5.743151 -5.546673
v -1.257355 5.742720 -5.545497
v -1.257129 5.743152 -5.544322
v -1.256583 5.744193 -5.543835
v -1.256036 5.745234 -5.544322
v -1.255809 5.745665 -5.545497
v -1.256546 5.744607 -5.545882
v -1.256724 5.744267 -5.546041
v -1.256903 5.743927 -5.545882
v -1.256977 5.743786 -5.545497
v -1.256903 5.743927 -5.545114
v -1.256725 5.744267 -5.544954
v -1.256546 5.744608 -5.545114
v -1.256472 5.744749 -5.545497
v -1.256440 5.744809 -5.546109
v -1.256724 5.744267 -5.546362
v -1.257008 5.743726 -5.546109
v -1.257126 5.743502 -5.545497
v -1.257009 5.743726 -5.544886
v -1.256725 5.744267 -5.544633
v -1.256440 5.744809 -5.544886
v -1.256322 5.745033 -5.545497
v -1.256177 5.745308 -5.546673
v -1.256724 5.744267 -5.547161
v -1.257270 5.743226 -5.546673
v -1.257497 5.742795 -5.545497
v -1.257272 5.743227 -5.544322
v -1.256725 5.744268 -5.543835
v -1.256178 5.745309 -5.544322
v -1.255951 5.745740 -5.545497
v -1.255791 5.745745 -5.547239
v -1.256601 5.744203 -5.547961
v -1.257411 5.742661 -5.547239
v -1.257747 5.742022 -5.545497
v -1.257412 5.742661 -5.543756
v -1.256603 5.744204 -5.543035
v -1.255793 5.745746 -5.543756
v -1.255457 5.746384 -5.545497
v -1.256094 5.745904 -5.547239
v -1.256904 5.744361 -5.547961
v -1.257713 5.742820 -5.547239
v -1.258050 5.742181 -5.545498
v -1.257715 5.742820 -5.543756
v -1.256906 5.744363 -5.543035
v -1.256096 5.745904 -5.543756
v -1.255760 5.746543 -5.545498
v -1.200568 5.858869 -5.553929
v -1.255501 5.754226 -5.553929
v -1.252377 5.752586 -5.536694
v -1.197444 5.857229 -5.536694
v -1.255509 5.754230 -5.536695
v -1.200567 5.858868 -5.556422
v -1.197434 5.857224 -5.556420
v -1.252367 5.752581 -5.556420
v -1.197435 5.857224 -5.553927
v -1.252368 5.752582 -5.553927
v -1.200575 5.858872 -5.539189
v -1.255508 5.754230 -5.539189
v -1.197443 5.857228 -5.539187
v -1.252375 5.752585 -5.539187
v -1.255499 5.754225 -5.556422
v -1.200576 5.858873 -5.536695
v -1.198629 5.857851 -5.553928
v -1.253562 5.753208 -5.553928
v -1.198637 5.857854 -5.539187
v -1.253569 5.753212 -5.539187
v -1.203680 5.852941 -5.553929
v -1.200556 5.851301 -5.536694
v -1.203688 5.852945 -5.536695
v -1.203679 5.852940 -5.556422
v -1.200546 5.851295 -5.556420
v -1.200547 5.851296 -5.553927
v -1.203687 5.852944 -5.539189
v -1.200555 5.851300 -5.539187
v -1.201741 5.851923 -5.553928
v -1.201748 5.851926 -5.539187
v -1.216809 5.820339 -5.536694
v -1.219933 5.821980 -5.553929
v -1.219942 5.821984 -5.536695
v -1.216799 5.820334 -5.556420
v -1.216801 5.820335 -5.553927
v -1.219940 5.821983 -5.539189
v -1.216808 5.820339 -5.539187
v -1.219932 5.821979 -5.556422
v -1.217994 5.820961 -5.553928
v -1.218002 5.820965 -5.539187
v -1.200534 5.851289 -5.553065
v -1.200540 5.851292 -5.540049
v -1.216787 5.820328 -5.553065
v -1.216793 5.820331 -5.540049
v -1.203770 5.845179 -5.536694
v -1.206893 5.846819 -5.553929
v -1.206902 5.846823 -5.536695
v -1.206892 5.846818 -5.556422
v -1.203760 5.845174 -5.556420
v -1.203761 5.845174 -5.553927
v -1.206901 5.846823 -5.539189
v -1.203768 5.845178 -5.539187
v -1.204955 5.845801 -5.553928
v -1.204962 5.845805 -5.539187
v -1.203747 5.845167 -5.553065
v -1.203754 5.845170 -5.540049
v -1.206384 5.840199 -5.536694
v -1.209508 5.841839 -5.553929
v -1.206374 5.840194 -5.556420
v -1.206375 5.840195 -5.553927
v -1.209515 5.841843 -5.539189
v -1.206383 5.840199 -5.539187
v -1.209506 5.841838 -5.556422
v -1.209516 5.841844 -5.536695
v -1.207569 5.840821 -5.553928
v -1.207576 5.840825 -5.539187
v -1.206361 5.840187 -5.553065
v -1.206368 5.840190 -5.540049
v -1.203175 5.843772 -5.550823
v -1.203179 5.843775 -5.542290
v -1.204889 5.840508 -5.550823
v -1.204893 5.840510 -5.542290
vn 0.8854 -0.4648 0.0006
vn 0.0005 -0.0003 -1.0000
vn 0.8854 -0.4649 0.0006
vn 0.8854 -0.4648 0.0005
vn -0.8854 0.4648 -0.0006
vn -0.8854 0.4648 -0.0005
vn 0.4295 0.8179 -0.3829
vn 0.1779 0.3390 -0.9238
vn -0.1775 -0.3390 -0.9239
vn -0.4293 -0.8181 -0.3827
vn -0.4297 -0.8180 0.3824
vn -0.1773 -0.3389 0.9240
vn 0.1781 0.3390 0.9238
vn 0.4292 0.8182 0.3825
vn 0.0000 0.0000 -1.0000
vn 0.8854 -0.4649 0.0004
vn 0.4305 0.8173 -0.3829
vn 0.8855 -0.4647 0.0007
vn -0.0018 0.0000 1.0000
vn 0.8855 -0.4647 0.0005
vn -0.4640 -0.8859 0.0000
vn 0.8854 -0.4648 0.0003
vn 0.1771 0.3383 0.9242
vn 0.8853 -0.4651 0.0013
vn 0.4651 0.8852 -0.0005
vn 0.8854 -0.4649 0.0000
vn -0.4300 -0.8181 0.3820
vn 0.8853 -0.4650 -0.0007
vn 0.8851 -0.4653 0.0004
vn 0.8854 -0.4648 0.0007
vn 0.8853 -0.4649 0.0007
vn 0.8856 -0.4645 0.0003
vn 0.8852 -0.4651 -0.0004
vn 0.8853 -0.4650 0.0004
vn 0.8855 -0.4646 0.0000
vn 0.8851 -0.4655 0.0011
vn -0.1746 -0.3387 -0.9246
vn 0.4647 0.8855 -0.0011
vn 0.3284 0.6272 -0.7063
vn 0.0022 0.0000 1.0000
vn -0.4303 -0.8174 0.3831
vn 0.3293 0.6259 0.7070
vn 0.1775 0.3386 0.9240
vn -0.3293 -0.6255 0.7073
vn 0.3321 0.6256 -0.7059
vn 0.4308 0.8177 -0.3818
vn -0.3280 -0.6252 -0.7082
vn 0.3274 0.6259 0.7078
vn -0.1779 -0.3390 -0.9238
vn -0.3285 -0.6255 0.7077
vn -0.3292 -0.6273 -0.7058
vn -0.4651 -0.8852 -0.0005
vn -0.4647 -0.8854 -0.0005
vn -0.3287 -0.6263 -0.7069
vn -0.3290 -0.6265 0.7066
vn -0.1779 -0.3388 -0.9239
vn 0.3275 0.6257 0.7080
vn -0.3284 -0.6260 -0.7073
vn 0.4295 0.8179 -0.3828
vn 0.3318 0.6252 -0.7064
vn -0.3285 -0.6262 0.7071
vn 0.1777 0.3387 0.9240
vn 0.3297 0.6262 0.7066
vn -0.4306 -0.8174 0.3828
vn 0.0023 0.0000 1.0000
vn 0.3282 0.6265 -0.7070
vn 0.4656 0.8850 0.0000
vn -0.1744 -0.3390 -0.9245
vn 0.8852 -0.4652 0.0015
vn 0.8854 -0.4649 0.0007
vn 0.8856 -0.4644 0.0003
vn 0.8854 -0.4649 0.0010
vn 0.8849 -0.4658 0.0000
vn -0.0018 0.0000 -1.0000
vn 0.8853 -0.4650 0.0001
vn -0.4280 -0.8185 0.3831
vn 0.4647 0.8854 0.0000
vn 0.8855 -0.4647 -0.0008
vn 0.1772 0.3386 0.9241
vn -0.4631 -0.8863 0.0000
vn 0.8857 -0.4643 0.0006
vn 0.8855 -0.4646 0.0007
vn 0.4303 0.8175 -0.3828
vn 0.8852 -0.4651 0.0009
vn -0.0006 0.0000 -1.0000
vn 0.4288 0.8183 0.3829
vn 0.1780 0.3389 0.9238
vn -0.1774 -0.3391 0.9238
vn -0.4296 -0.8181 0.3823
vn -0.4298 -0.8179 -0.3826
vn -0.1773 -0.3391 -0.9239
vn 0.1771 0.3388 -0.9240
vn 0.4294 0.8178 -0.3831
vn 0.8854 -0.4647 0.0006
vn -0.0005 0.0003 1.0000
vn -0.8855 0.4647 -0.0006
vn -0.4648 -0.8854 0.0000
vn 0.0003 -0.0002 -1.0000
vn -0.0004 0.0003 1.0000
vn -0.8854 0.4649 -0.0007
vn 0.8854 -0.4649 0.0005
vn 0.0004 -0.0002 -1.0000
vn -0.0008 0.0003 1.0000
vn 0.0004 -0.0003 -1.0000
vn 0.8854 -0.4648 0.0004
vn -0.4647 -0.8855 0.0000
vn 0.0005 -0.0002 -1.0000
vn -0.0006 0.0003 1.0000
vn 0.4724 -0.2480 0.8458
vn 0.4734 -0.2485 -0.8451
vn 0.4646 0.8855 -0.0000
vn -0.8854 0.4647 -0.0005
vn -0.8855 0.4647 -0.0005
vn 0.0000 -0.0002 -1.0000
vn 0.4724 -0.2480 0.8457
vn 0.4732 -0.2484 -0.8452
vn 0.0002 -0.0002 -1.0000
vn 0.2125 -0.9772 0.0004
vn -0.0007 0.0003 1.0000
vn 0.7867 -0.4130 0.4588
vn 0.7871 -0.4132 -0.4579
vn 0.9250 0.3801 0.0004
vn -0.8854 0.4648 -0.0004
vn -0.4649 -0.8854 -0.0002
vn 0.4647 0.8855 -0.0002
vn -0.4647 -0.8855 0.0002
vn -0.4649 -0.8854 0.0000
vn 0.4649 0.8854 0.0002
vn 0.4649 0.8854 0.0000
vn 0.8979 -0.4401 -0.0110
vn 0.8903 -0.4546 -0.0269
vn 0.8796 -0.4750 -0.0274
vn 0.8722 -0.4890 -0.0108
vn 0.8722 -0.4891 0.0121
vn 0.8795 -0.4750 0.0282
vn 0.8903 -0.4544 0.0280
vn 0.8978 -0.4403 0.0120
vn -0.1774 -0.3387 0.9240
vn 0.4306 0.8174 0.3828
vn 0.1794 0.3386 -0.9237
vn -0.4293 -0.8182 -0.3823
vn -0.4298 -0.8180 -0.3822
vn 0.1774 0.3385 -0.9241
vn -0.1770 -0.3389 0.9240
vn 0.8978 -0.4402 0.0122
vn 0.8903 -0.4544 0.0282
vn 0.8797 -0.4747 0.0283
vn 0.8723 -0.4889 0.0121
vn 0.8722 -0.4890 -0.0106
vn 0.8797 -0.4747 -0.0274
vn 0.8902 -0.4548 -0.0274
vn 0.8979 -0.4402 -0.0109
vn 0.0006 -0.0003 -1.0000
usemtl Plastic_Handle_material
s off
f 3826//165 3806//165 3798//165 3818//165
f 3972//166 3965//166 3810//166 3813//166
f 3817//167 3802//167 3807//167 3824//167
f 3971//168 3960//168 3806//168 3826//168
f 3808//169 3823//169 3815//169 3799//169
f 3810//168 3827//168 3819//168 3801//168
f 3827//165 3826//165 3818//165 3819//165
f 3962//170 3969//170 3823//170 3808//170
f 3969//169 3959//169 3822//169 3823//169
f 3805//168 3816//168 3825//168 3809//168
f 3816//165 3817//165 3824//165 3825//165
f 3965//165 3967//165 3827//165 3810//165
f 3967//165 3971//165 3826//165 3827//165
f 3830//171 3838//171 3845//171 3837//171
f 3837//172 3845//172 3844//172 3836//172
f 3836//173 3844//173 3843//173 3835//173
f 3835//174 3843//174 3842//174 3834//174
f 3834//175 3842//175 3841//175 3833//175
f 3833//176 3841//176 3840//176 3832//176
f 3832//177 3840//177 3839//177 3831//177
f 3831//178 3839//178 3838//178 3830//178
f 3866//179 3890//179 3882//179 3858//179
f 3853//180 3861//180 3860//180 3852//180
f 3865//181 3889//181 3890//181 3866//181
f 3851//182 3859//182 3858//182 3850//182
f 3854//183 3878//183 3870//183 3846//183
f 3849//184 3857//184 3856//184 3848//184
f 3864//185 3888//185 3880//185 3856//185
f 3847//186 3855//186 3854//186 3846//186
f 3867//187 3891//187 3892//187 3868//187
f 3861//188 3869//188 3868//188 3860//188
f 3860//189 3884//189 3876//189 3852//189
f 3859//190 3867//190 3866//190 3858//190
f 3869//191 3893//191 3886//191 3862//191
f 3857//192 3865//192 3864//192 3856//192
f 3858//179 3882//179 3874//179 3850//179
f 3855//193 3863//193 3862//193 3854//193
f 3863//194 3864//194 3865//194 3866//194 3867//194 3868//194 3869//194 3862//194
f 3870//182 3878//182 3885//182 3877//182
f 3876//182 3884//182 3883//182 3875//182
f 3874//195 3882//195 3881//195 3873//195
f 3872//196 3880//196 3879//196 3871//196
f 3878//197 3886//197 3893//197 3885//197
f 3884//198 3892//198 3891//198 3883//198
f 3882//199 3890//199 3889//199 3881//199
f 3880//200 3888//200 3887//200 3879//200
f 3863//201 3887//201 3888//201 3864//201
f 3868//202 3892//202 3884//202 3860//202
f 3847//203 3871//203 3879//203 3855//203
f 3862//204 3886//204 3878//204 3854//204
f 3846//205 3853//205 3877//205 3870//205
f 3849//206 3873//206 3881//206 3857//206
f 3852//207 3851//207 3875//207 3876//207
f 3851//208 3875//208 3883//208 3859//208
f 3855//209 3879//209 3887//209 3863//209
f 3850//210 3849//210 3873//210 3874//210
f 3853//211 3877//211 3885//211 3861//211
f 3857//212 3881//212 3889//212 3865//212
f 3848//213 3847//213 3871//213 3872//213
f 3859//214 3883//214 3891//214 3867//214
f 3861//215 3885//215 3893//215 3869//215
f 3856//216 3880//216 3872//216 3848//216
f 3931//217 3907//217 3915//217 3939//217
f 3926//218 3902//218 3894//218 3918//218
f 3928//219 3904//219 3896//219 3920//219
f 3939//220 3940//220 3916//220 3915//220
f 3930//221 3906//221 3898//221 3922//221
f 3934//222 3910//222 3902//222 3926//222
f 3937//223 3938//223 3914//223 3913//223
f 3932//224 3908//224 3900//224 3924//224
f 3936//225 3912//225 3904//225 3928//225
f 3935//226 3936//226 3912//226 3911//226
f 3938//227 3914//227 3906//227 3930//227
f 3941//228 3934//228 3910//228 3917//228
f 3925//229 3901//229 3909//229 3933//229
f 3940//230 3916//230 3908//230 3932//230
f 3919//231 3895//231 3903//231 3927//231
f 3924//232 3900//232 3899//232 3923//232
f 3907//233 3899//233 3900//233 3908//233
f 3905//234 3897//234 3898//234 3906//234
f 3903//199 3895//199 3896//199 3904//199
f 3909//193 3901//193 3894//193 3902//193
f 3915//235 3907//235 3908//235 3916//235
f 3913//168 3905//168 3906//168 3914//168
f 3911//234 3903//234 3904//234 3912//234
f 3917//182 3909//182 3902//182 3910//182
f 3924//236 3923//236 3922//236 3921//236 3920//236 3919//236 3918//236 3925//236
f 3932//237 3924//237 3925//237 3933//237
f 3929//238 3905//238 3913//238 3937//238
f 3930//239 3922//239 3923//239 3931//239
f 3918//240 3894//240 3901//240 3925//240
f 3928//180 3920//180 3921//180 3929//180
f 3927//241 3903//241 3911//241 3935//241
f 3926//242 3918//242 3919//242 3927//242
f 3920//243 3896//243 3895//243 3919//243
f 3940//186 3932//186 3933//186 3941//186
f 3923//244 3899//244 3907//244 3931//244
f 3938//245 3930//245 3931//245 3939//245
f 3933//183 3909//183 3917//183 3941//183
f 3936//246 3928//246 3929//246 3937//246
f 3922//247 3898//247 3897//247 3921//247
f 3934//248 3926//248 3927//248 3935//248
f 3921//249 3897//249 3905//249 3929//249
f 3956//250 3948//250 3949//250 3957//250
f 3955//251 3947//251 3948//251 3956//251
f 3954//252 3946//252 3947//252 3955//252
f 3953//253 3945//253 3946//253 3954//253
f 3952//254 3944//254 3945//254 3953//254
f 3951//255 3943//255 3944//255 3952//255
f 3950//256 3942//256 3943//256 3951//256
f 3957//257 3949//257 3942//257 3950//257
f 3995//166 3991//166 3965//166 3972//166
f 3824//165 3807//165 3961//165 3970//165
f 3994//258 3988//258 3960//258 3971//258
f 3807//259 3811//259 3973//259 3961//259
f 3990//260 3993//260 3969//260 3962//260
f 3821//169 3820//169 3958//169 3968//169
f 3993//169 3989//169 3959//169 3969//169
f 3809//168 3825//168 3966//168 3964//168
f 3991//168 3992//168 3967//168 3965//168
f 3825//165 3824//165 3970//165 3966//165
f 3971//241 3967//241 3975//241 3977//241
f 3996//165 3997//165 3977//165 3975//165
f 3966//261 3970//261 3976//261 3974//261
f 3994//262 3971//262 3977//262 3997//262
f 3983//263 3966//263 3974//263 3986//263
f 3958//264 3963//264 3981//264 3978//264
f 3970//165 3961//165 3979//165 3985//165
f 3968//170 3958//170 3978//170 3984//170
f 3964//265 3966//265 3983//265 3982//265
f 3974//165 3976//165 3987//165 3986//165
f 3970//266 3985//266 3987//266 3976//266
f 4007//267 3983//267 3986//267 4010//267
f 4020//268 4016//268 3991//268 3995//268
f 4019//269 4014//269 3988//269 3994//269
f 4018//170 4015//170 3989//170 3993//170
f 4016//194 4017//194 3992//194 3991//194
f 3997//270 3996//270 4000//270 4001//270
f 4019//271 3994//271 3997//271 4023//271
f 3967//272 3992//272 3996//272 3975//272
f 4024//165 4025//165 4001//165 4000//165
f 4023//273 3997//273 4001//273 4025//273
f 4010//274 3986//274 3998//274 4012//274
f 3986//275 3987//275 3999//275 3998//275
f 4017//259 4007//259 4010//259 4022//259
f 3978//276 3981//276 4005//276 4003//276
f 3985//184 3979//184 4002//184 4009//184
f 3980//277 3984//277 4008//277 4004//277
f 3984//169 3978//169 4003//169 4008//169
f 3982//168 3983//168 4007//168 4006//168
f 3985//278 4009//278 4011//278 3987//278
f 3998//165 3999//165 4013//165 4012//165
f 3987//279 4011//279 4013//279 3999//279
f 4022//280 4010//280 4012//280 4024//280
f 4009//269 4002//269 4014//269 4019//269
f 4008//169 4003//169 4015//169 4018//169
f 4006//194 4007//194 4017//194 4016//194
f 4009//281 4019//281 4023//281 4011//281
f 4025//282 4024//282 4028//282 4029//282
f 4011//273 4023//273 4025//273 4013//273
f 3992//283 4017//283 4022//283 3996//283
f 3996//280 4022//280 4024//280 4000//280
f 4026//168 4027//168 4029//168 4028//168
f 4013//284 4025//284 4029//284 4027//284
f 4024//285 4012//285 4026//285 4028//285
f 4012//286 4013//286 4027//286 4026//286
f 3822//287 3813//287 3800//287 3828//287
f 3813//268 3810//268 3801//268 3800//268
f 3814//169 3804//169 3812//169 3820//169
f 3959//170 3972//170 3813//170 3822//170
f 3804//166 3805//166 3809//166 3812//166
f 3806//272 3808//272 3799//272 3798//272
f 3819//288 3828//288 3800//288 3801//288
f 3817//289 3829//289 3803//289 3802//289
f 3802//263 3803//263 3811//263 3807//263
f 3960//263 3962//263 3808//263 3806//263
f 3823//169 3822//169 3828//169 3815//169
f 3803//287 3829//287 3821//287 3811//287
f 3829//169 3814//169 3820//169 3821//169
f 3798//290 3799//290 3815//290 3818//290
f 3818//291 3815//291 3828//291 3819//291
f 3805//292 3804//292 3814//292 3816//292
f 3816//293 3814//293 3829//293 3817//293
f 3838//294 3870//294 3877//294 3845//294
f 3845//295 3877//295 3876//295 3844//295
f 3844//296 3876//296 3875//296 3843//296
f 3843//297 3875//297 3874//297 3842//297
f 3842//298 3874//298 3873//298 3841//298
f 3841//299 3873//299 3872//299 3840//299
f 3840//300 3872//300 3871//300 3839//300
f 3839//301 3871//301 3870//301 3838//301
f 3877//302 3853//302 3852//302 3876//302
f 3875//303 3851//303 3850//303 3874//303
f 3873//304 3849//304 3848//304 3872//304
f 3871//305 3847//305 3846//305 3870//305
f 3916//306 3940//306 3941//306 3917//306
f 3914//307 3938//307 3939//307 3915//307
f 3912//303 3936//303 3937//303 3913//303
f 3910//308 3934//308 3935//308 3911//308
f 3948//309 3916//309 3917//309 3949//309
f 3947//310 3915//310 3916//310 3948//310
f 3946//311 3914//311 3915//311 3947//311
f 3945//312 3913//312 3914//312 3946//312
f 3944//313 3912//313 3913//313 3945//313
f 3943//314 3911//314 3912//314 3944//314
f 3942//315 3910//315 3911//315 3943//315
f 3949//316 3917//316 3910//316 3942//316
f 3820//169 3812//169 3963//169 3958//169
f 3989//170 3995//170 3972//170 3959//170
f 3812//166 3809//166 3964//166 3963//166
f 3988//263 3990//263 3962//263 3960//263
f 3811//169 3821//169 3968//169 3973//169
f 3963//166 3964//166 3982//166 3981//166
f 3961//259 3973//259 3980//259 3979//259
f 3973//169 3968//169 3984//169 3980//169
f 4015//169 4020//169 3995//169 3989//169
f 4014//263 4021//263 3990//263 3988//263
f 4021//169 4018//169 3993//169 3990//169
f 3981//317 3982//317 4006//317 4005//317
f 3979//263 3980//263 4004//263 4002//263
f 4003//169 4005//169 4020//169 4015//169
f 4005//317 4006//317 4016//317 4020//317
f 4002//259 4004//259 4021//259 4014//259
f 4004//169 4008//169 4018//169 4021//169
o Window.R
v -1.488940 5.297193 -6.963407
v -0.942539 6.338044 -6.963407
v -0.942913 6.338241 -6.208578
v -1.489315 5.297389 -6.208578
v -1.460213 5.351990 -6.901536
v -0.971328 6.283278 -6.901536
v -0.971641 6.283443 -6.270450
v -1.460526 5.352155 -6.270450
v -1.441313 5.342069 -6.901524
v -0.952428 6.273357 -6.901524
v -0.952741 6.273521 -6.270438
v -1.441626 5.342233 -6.270437
v -1.422414 5.332148 -6.901512
v -0.933528 6.263435 -6.901512
v -0.933841 6.263600 -6.270426
v -1.422727 5.332312 -6.270425
v -1.451141 5.277349 -6.963383
v -0.904740 6.318201 -6.963383
v -0.905114 6.318398 -6.208554
v -1.451515 5.277546 -6.208554
v -1.477710 5.291297 -6.963400
v -1.478084 5.291494 -6.208571
v -1.466207 5.313210 -6.963400
v -1.466581 5.313406 -6.208571
v -1.455251 5.307458 -6.963393
v -1.455625 5.307655 -6.208564
v -1.466754 5.285546 -6.963393
v -1.467128 5.285742 -6.208564
v -0.931309 6.332149 -6.963400
v -0.931683 6.332345 -6.208571
v -0.942812 6.310236 -6.963400
v -0.943186 6.310432 -6.208571
v -0.931856 6.304484 -6.963393
v -0.932230 6.304681 -6.208564
v -0.920353 6.326397 -6.963393
v -0.920727 6.326594 -6.208564
v -1.477710 5.291297 -6.963647
v -1.477708 5.291296 -6.968349
v -1.466207 5.313210 -6.963647
v -1.466204 5.313209 -6.968349
v -1.455250 5.307458 -6.963641
v -1.455248 5.307457 -6.968343
v -1.466754 5.285545 -6.963641
v -1.466751 5.285544 -6.968343
v -1.483188 5.294173 -6.963651
v -1.461275 5.282670 -6.963637
v -1.465933 5.327042 -6.963651
v -1.444021 5.315539 -6.963637
v -1.483186 5.294172 -6.968353
v -1.461273 5.282669 -6.968339
v -1.465931 5.327041 -6.968353
v -1.444018 5.315537 -6.968339
v -1.478084 5.291494 -6.208323
v -1.478087 5.291495 -6.203621
v -1.466581 5.313406 -6.208323
v -1.466584 5.313408 -6.203621
v -1.455625 5.307655 -6.208317
v -1.455627 5.307656 -6.203614
v -1.467128 5.285742 -6.208317
v -1.467130 5.285744 -6.203614
v -1.483563 5.294370 -6.208327
v -1.461650 5.282866 -6.208313
v -1.466308 5.327239 -6.208327
v -1.444395 5.315735 -6.208313
v -1.483565 5.294371 -6.203625
v -1.461652 5.282868 -6.203611
v -1.466310 5.327240 -6.203625
v -1.444398 5.315737 -6.203611
v -0.931309 6.332149 -6.963648
v -0.931306 6.332148 -6.968350
v -0.942812 6.310236 -6.963648
v -0.942810 6.310235 -6.968350
v -0.931856 6.304484 -6.963641
v -0.931853 6.304483 -6.968343
v -0.920352 6.326397 -6.963641
v -0.920350 6.326396 -6.968343
v -0.936787 6.335024 -6.963651
v -0.914874 6.323521 -6.963637
v -0.954042 6.302155 -6.963651
v -0.932129 6.290652 -6.963637
v -0.936785 6.335023 -6.968353
v -0.914872 6.323520 -6.968339
v -0.954039 6.302154 -6.968353
v -0.932127 6.290651 -6.968339
v -0.931683 6.332345 -6.208323
v -0.931686 6.332346 -6.203621
v -0.943186 6.310432 -6.208323
v -0.943189 6.310434 -6.203621
v -0.932230 6.304681 -6.208317
v -0.932232 6.304682 -6.203615
v -0.920727 6.326594 -6.208317
v -0.920729 6.326595 -6.203615
v -0.937162 6.335221 -6.208327
v -0.915249 6.323718 -6.208313
v -0.954416 6.302352 -6.208327
v -0.932504 6.290849 -6.208313
v -0.937164 6.335222 -6.203625
v -0.915251 6.323719 -6.203611
v -0.954419 6.302353 -6.203625
v -0.932506 6.290850 -6.203611
vn 0.0005 -0.0003 -1.0000
vn -0.0005 0.0003 1.0000
vn -0.4648 -0.8854 0.0000
vn 0.4648 0.8854 -0.0000
vn -0.8854 0.4648 -0.0006
vn 0.8854 -0.4648 0.0006
vn -0.4649 -0.8854 -0.0001
vn -0.4647 -0.8854 0.0000
vn -0.8854 0.4648 -0.0005
vn -0.4648 -0.8854 0.0001
vn 0.8854 -0.4648 0.0005
vn 0.4648 0.8854 -0.0001
vn 0.4647 0.8855 -0.0001
vn 0.4648 0.8854 0.0001
vn 0.4649 0.8854 0.0000
vn -0.4648 -0.8854 0.0002
usemtl Window_material
s off
f 4040//318 4041//318 4037//318 4036//318
f 4039//319 4035//319 4034//319 4038//319
f 4043//319 4039//319 4038//319 4042//319
f 4044//318 4045//318 4041//318 4040//318
f 4036//320 4035//320 4039//320 4040//320
f 4039//320 4043//320 4044//320 4040//320
f 4041//321 4038//321 4034//321 4037//321
f 4042//321 4038//321 4041//321 4045//321
f 4033//322 4032//322 4036//322 4037//322
f 4035//322 4031//322 4030//322 4034//322
f 4034//322 4030//322 4033//322 4037//322
f 4035//322 4036//322 4032//322 4031//322
f 4047//323 4043//323 4042//323 4046//323
f 4045//323 4044//323 4048//323 4049//323
f 4045//323 4049//323 4046//323 4042//323
f 4044//323 4043//323 4047//323 4048//323
f 4059//321 4058//321 4031//321 4032//321
f 4065//321 4048//321 4047//321 4064//321
f 4065//322 4064//322 4062//322 4063//322
f 4061//323 4060//323 4058//323 4059//323
f 4063//321 4062//321 4060//321 4061//321
f 4055//320 4053//320 4052//320 4054//320
f 4049//320 4057//320 4056//320 4046//320
f 4033//320 4030//320 4050//320 4051//320
f 4055//322 4054//322 4056//322 4057//322
f 4053//323 4051//323 4050//323 4052//323
f 4033//319 4051//319 4059//319 4032//319
f 4049//319 4048//319 4065//319 4057//319
f 4061//319 4053//319 4055//319 4063//319
f 4062//318 4054//318 4052//318 4060//318
f 4046//318 4056//318 4064//318 4047//318
f 4030//318 4031//318 4058//318 4050//318
f 4078//322 4074//322 4076//322 4080//322
f 4072//322 4070//322 4071//322 4073//322
f 4067//323 4069//323 4068//323 4066//323
f 4071//320 4070//320 4068//320 4069//320
f 4074//324 4078//324 4067//324 4066//324
f 4073//325 4079//325 4075//325 4072//325
f 4079//323 4081//323 4077//323 4075//323
f 4080//321 4076//321 4077//321 4081//321
f 4076//319 4074//319 4066//319 4068//319 4070//319 4072//319 4075//319 4077//319
f 4078//318 4080//318 4081//318 4079//318 4073//318 4071//318 4069//318 4067//318
f 4094//326 4096//326 4092//326 4090//326
f 4088//322 4089//322 4087//322 4086//322
f 4083//323 4082//323 4084//323 4085//323
f 4087//320 4085//320 4084//320 4086//320
f 4090//327 4082//327 4083//327 4094//327
f 4089//320 4088//320 4091//320 4095//320
f 4095//328 4091//328 4093//328 4097//328
f 4096//329 4097//329 4093//329 4092//329
f 4092//318 4093//318 4091//318 4088//318 4086//318 4084//318 4082//318 4090//318
f 4094//319 4083//319 4085//319 4087//319 4089//319 4095//319 4097//319 4096//319
f 4110//322 4112//322 4108//322 4106//322
f 4104//322 4105//322 4103//322 4102//322
f 4099//323 4098//323 4100//323 4101//323
f 4103//321 4101//321 4100//321 4102//321
f 4106//330 4098//330 4099//330 4110//330
f 4105//331 4104//331 4107//331 4111//331
f 4111//323 4107//323 4109//323 4113//323
f 4112//320 4113//320 4109//320 4108//320
f 4108//319 4109//319 4107//319 4104//319 4102//319 4100//319 4098//319 4106//319
f 4110//318 4099//318 4101//318 4103//318 4105//318 4111//318 4113//318 4112//318
f 4126//326 4122//326 4124//326 4128//326
f 4120//322 4118//322 4119//322 4121//322
f 4115//328 4117//328 4116//328 4114//328
f 4119//321 4118//321 4116//321 4117//321
f 4122//331 4126//331 4115//331 4114//331
f 4121//332 4127//332 4123//332 4120//332
f 4127//328 4129//328 4125//328 4123//328
f 4128//333 4124//333 4125//333 4129//333
f 4124//318 4122//318 4114//318 4116//318 4118//318 4120//318 4123//318 4125//318
f 4126//319 4128//319 4129//319 4127//319 4121//319 4119//319 4117//319 4115//319
usemtl Glass_material
f 4040//322 4039//322 4038//322 4041//322
o Handle.001
v -1.217068 5.713032 -6.910207
v -1.220201 5.714676 -6.910209
v -1.220191 5.714671 -6.929936
v -1.217059 5.713027 -6.929934
v -1.144835 5.850631 -6.910207
v -1.147967 5.852275 -6.910209
v -1.147958 5.852270 -6.929936
v -1.144825 5.850626 -6.929934
v -1.214851 5.717256 -6.910207
v -1.147053 5.846406 -6.910207
v -1.217983 5.718901 -6.910209
v -1.147043 5.846401 -6.929934
v -1.214841 5.717251 -6.929934
v -1.150185 5.848051 -6.910209
v -1.150175 5.848045 -6.929936
v -1.217973 5.718895 -6.929936
v -1.147959 5.852271 -6.927443
v -1.220200 5.714675 -6.912703
v -1.144827 5.850626 -6.927441
v -1.144834 5.850630 -6.912701
v -1.217067 5.713031 -6.912701
v -1.217060 5.713027 -6.927441
v -1.150177 5.848046 -6.927443
v -1.150184 5.848050 -6.912703
v -1.217975 5.718896 -6.927443
v -1.217982 5.718900 -6.912703
v -1.147051 5.846406 -6.912701
v -1.147044 5.846402 -6.927441
v -1.214850 5.717256 -6.912701
v -1.214842 5.717252 -6.927441
v -1.220192 5.714672 -6.927443
v -1.147966 5.852274 -6.912703
v -1.147743 5.845493 -6.919012
v -1.148079 5.844855 -6.917270
v -1.148889 5.843313 -6.916548
v -1.149698 5.841771 -6.917270
v -1.150032 5.841132 -6.919012
v -1.149696 5.841770 -6.920753
v -1.148886 5.843312 -6.921474
v -1.148077 5.844854 -6.920753
v -1.147440 5.845334 -6.919011
v -1.147776 5.844696 -6.917270
v -1.148586 5.843154 -6.916548
v -1.149395 5.841612 -6.917270
v -1.149729 5.840972 -6.919011
v -1.149393 5.841611 -6.920753
v -1.148583 5.843153 -6.921474
v -1.147774 5.844695 -6.920753
v -1.147934 5.844690 -6.919011
v -1.148161 5.844259 -6.917835
v -1.148708 5.843218 -6.917348
v -1.149254 5.842177 -6.917835
v -1.149480 5.841745 -6.919011
v -1.149253 5.842176 -6.920187
v -1.148706 5.843217 -6.920674
v -1.148160 5.844259 -6.920187
v -1.148305 5.843984 -6.919011
v -1.148423 5.843760 -6.918400
v -1.148708 5.843218 -6.918147
v -1.148992 5.842677 -6.918400
v -1.149109 5.842452 -6.919011
v -1.148991 5.842676 -6.919623
v -1.148707 5.843217 -6.919876
v -1.148423 5.843759 -6.919623
v -1.148455 5.843699 -6.919011
v -1.148529 5.843558 -6.918627
v -1.148708 5.843218 -6.918468
v -1.148886 5.842878 -6.918627
v -1.148960 5.842737 -6.919011
v -1.148886 5.842877 -6.919395
v -1.148707 5.843218 -6.919555
v -1.148528 5.843558 -6.919395
v -1.147792 5.844615 -6.919011
v -1.148019 5.844185 -6.917835
v -1.148566 5.843143 -6.917348
v -1.149112 5.842102 -6.917835
v -1.149338 5.841671 -6.919011
v -1.149111 5.842102 -6.920187
v -1.148564 5.843143 -6.920674
v -1.148018 5.844184 -6.920187
v -1.148163 5.843909 -6.919011
v -1.148281 5.843685 -6.918400
v -1.148566 5.843143 -6.918146
v -1.148850 5.842602 -6.918400
v -1.148967 5.842377 -6.919011
v -1.148849 5.842601 -6.919623
v -1.148565 5.843143 -6.919876
v -1.148281 5.843685 -6.919623
v -1.148313 5.843624 -6.919011
v -1.148387 5.843483 -6.918627
v -1.148565 5.843143 -6.918468
v -1.148744 5.842803 -6.918627
v -1.148818 5.842662 -6.919011
v -1.148744 5.842803 -6.919395
v -1.148565 5.843143 -6.919555
v -1.148386 5.843483 -6.919395
v -1.212445 5.721457 -6.919395
v -1.212623 5.721117 -6.919555
v -1.212802 5.720777 -6.919395
v -1.212876 5.720635 -6.919011
v -1.212802 5.720777 -6.918627
v -1.212624 5.721117 -6.918468
v -1.212445 5.721457 -6.918627
v -1.212371 5.721598 -6.919011
v -1.212339 5.721658 -6.919623
v -1.212623 5.721117 -6.919876
v -1.212908 5.720575 -6.919623
v -1.213026 5.720351 -6.919011
v -1.212908 5.720575 -6.918400
v -1.212624 5.721117 -6.918146
v -1.212340 5.721658 -6.918400
v -1.212222 5.721882 -6.919011
v -1.212076 5.722157 -6.920187
v -1.212623 5.721117 -6.920674
v -1.213170 5.720075 -6.920187
v -1.213397 5.719644 -6.919011
v -1.213171 5.720076 -6.917835
v -1.212624 5.721117 -6.917348
v -1.212078 5.722158 -6.917835
v -1.211851 5.722589 -6.919011
v -1.212587 5.721531 -6.919395
v -1.212765 5.721191 -6.919555
v -1.212944 5.720851 -6.919395
v -1.213018 5.720710 -6.919011
v -1.212945 5.720851 -6.918627
v -1.212766 5.721191 -6.918468
v -1.212587 5.721532 -6.918627
v -1.212513 5.721673 -6.919011
v -1.212481 5.721733 -6.919623
v -1.212765 5.721191 -6.919876
v -1.213050 5.720650 -6.919623
v -1.213168 5.720426 -6.919011
v -1.213050 5.720650 -6.918400
v -1.212766 5.721191 -6.918147
v -1.212482 5.721733 -6.918400
v -1.212364 5.721957 -6.919011
v -1.212219 5.722232 -6.920187
v -1.212765 5.721191 -6.920674
v -1.213312 5.720150 -6.920187
v -1.213539 5.719719 -6.919011
v -1.213313 5.720150 -6.917835
v -1.212767 5.721192 -6.917348
v -1.212220 5.722233 -6.917835
v -1.211993 5.722664 -6.919011
v -1.211833 5.722669 -6.920753
v -1.212642 5.721127 -6.921474
v -1.213452 5.719584 -6.920753
v -1.213788 5.718946 -6.919011
v -1.213454 5.719585 -6.917270
v -1.212644 5.721128 -6.916548
v -1.211834 5.722670 -6.917270
v -1.211498 5.723308 -6.919011
v -1.212136 5.722828 -6.920753
v -1.212945 5.721285 -6.921474
v -1.213755 5.719744 -6.920753
v -1.214091 5.719105 -6.919012
v -1.213756 5.719744 -6.917270
v -1.212947 5.721287 -6.916548
v -1.212137 5.722828 -6.917270
v -1.211801 5.723467 -6.919012
v -1.156609 5.835793 -6.927443
v -1.211542 5.731150 -6.927443
v -1.208418 5.729510 -6.910207
v -1.153485 5.834153 -6.910207
v -1.211551 5.731154 -6.910209
v -1.156608 5.835792 -6.929936
v -1.153476 5.834147 -6.929934
v -1.208408 5.729505 -6.929934
v -1.153477 5.834148 -6.927441
v -1.208410 5.729506 -6.927441
v -1.156617 5.835796 -6.912703
v -1.211549 5.731153 -6.912703
v -1.153484 5.834152 -6.912701
v -1.208417 5.729509 -6.912701
v -1.211541 5.731149 -6.929936
v -1.156618 5.835797 -6.910209
v -1.154670 5.834774 -6.927442
v -1.209603 5.730132 -6.927442
v -1.154678 5.834778 -6.912701
v -1.209611 5.730136 -6.912701
v -1.159721 5.829865 -6.927443
v -1.156597 5.828225 -6.910207
v -1.159730 5.829869 -6.910209
v -1.159720 5.829864 -6.929936
v -1.156587 5.828219 -6.929934
v -1.156589 5.828220 -6.927441
v -1.159729 5.829868 -6.912703
v -1.156596 5.828224 -6.912701
v -1.157782 5.828846 -6.927442
v -1.157790 5.828850 -6.912701
v -1.172850 5.797263 -6.910207
v -1.175974 5.798903 -6.927443
v -1.175983 5.798908 -6.910209
v -1.172841 5.797258 -6.929934
v -1.172842 5.797259 -6.927441
v -1.175982 5.798907 -6.912703
v -1.172849 5.797263 -6.912701
v -1.175973 5.798903 -6.929936
v -1.174036 5.797885 -6.927442
v -1.174043 5.797889 -6.912701
v -1.156575 5.828213 -6.926579
v -1.156581 5.828216 -6.913562
v -1.172828 5.797252 -6.926579
v -1.172835 5.797255 -6.913562
v -1.159811 5.822103 -6.910207
v -1.162935 5.823743 -6.927443
v -1.162943 5.823747 -6.910209
v -1.162934 5.823742 -6.929936
v -1.159801 5.822098 -6.929934
v -1.159802 5.822098 -6.927441
v -1.162942 5.823747 -6.912703
v -1.159810 5.822102 -6.912701
v -1.160996 5.822725 -6.927442
v -1.161003 5.822729 -6.912701
v -1.159788 5.822091 -6.926579
v -1.159795 5.822094 -6.913562
v -1.162425 5.817123 -6.910207
v -1.165549 5.818763 -6.927443
v -1.162415 5.817118 -6.929934
v -1.162417 5.817119 -6.927441
v -1.165556 5.818767 -6.912703
v -1.162424 5.817122 -6.912701
v -1.165548 5.818762 -6.929936
v -1.165558 5.818768 -6.910209
v -1.163610 5.817745 -6.927442
v -1.163618 5.817749 -6.912701
v -1.162403 5.817111 -6.926579
v -1.162409 5.817114 -6.913562
v -1.159216 5.820696 -6.924336
v -1.159220 5.820699 -6.915804
v -1.160930 5.817432 -6.924336
v -1.160934 5.817434 -6.915804
vn 0.8854 -0.4648 0.0006
vn 0.0006 -0.0003 -1.0000
vn -0.8854 0.4648 -0.0006
vn 0.8854 -0.4649 0.0007
vn 0.8854 -0.4648 0.0004
vn 0.8854 -0.4649 0.0006
vn 0.8854 -0.4648 0.0005
vn 0.4302 0.8174 -0.3831
vn 0.1774 0.3390 -0.9239
vn -0.1780 -0.3389 -0.9238
vn -0.4288 -0.8183 -0.3826
vn -0.4292 -0.8180 0.3830
vn -0.1775 -0.3390 0.9239
vn 0.1788 0.3387 0.9237
vn 0.4292 0.8182 0.3825
vn 0.0011 0.0000 -1.0000
vn 0.8855 -0.4645 0.0004
vn 0.4321 0.8163 -0.3833
vn 0.8852 -0.4652 0.0007
vn -0.0014 0.0000 1.0000
vn 0.8851 -0.4654 0.0008
vn -0.4638 -0.8860 0.0000
vn 0.8854 -0.4648 0.0003
vn 0.1775 0.3383 0.9241
vn 0.4649 0.8853 0.0000
vn 0.8855 -0.4646 0.0000
vn -0.4291 -0.8185 0.3820
vn 0.8856 -0.4644 0.0003
vn -0.0014 0.0000 -1.0000
vn 0.8853 -0.4650 0.0004
vn 0.8853 -0.4650 0.0007
vn 0.8855 -0.4647 0.0008
vn 0.8853 -0.4649 0.0005
vn 0.8853 -0.4650 0.0003
vn 0.8852 -0.4653 0.0004
vn 0.8851 -0.4655 0.0000
vn 0.8852 -0.4652 0.0011
vn -0.1781 -0.3396 -0.9236
vn 0.4650 0.8853 -0.0011
vn 0.3280 0.6268 -0.7068
vn 0.0011 0.0000 1.0000
vn -0.4301 -0.8170 0.3840
vn 0.3292 0.6261 0.7068
vn 0.1773 0.3382 0.9242
vn -0.3293 -0.6255 0.7073
vn 0.3290 0.6252 -0.7077
vn 0.4308 0.8177 -0.3818
vn -0.3279 -0.6254 -0.7081
vn 0.3290 0.6253 0.7076
vn -0.1800 -0.3383 -0.9237
vn -0.3279 -0.6259 0.7076
vn -0.3284 -0.6269 -0.7065
vn -0.4649 -0.8853 -0.0005
vn -0.4644 -0.8856 -0.0005
vn -0.3287 -0.6274 -0.7059
vn -0.3285 -0.6266 0.7067
vn -0.1799 -0.3385 -0.9236
vn 0.3292 0.6259 0.7070
vn -0.3282 -0.6260 -0.7074
vn 0.4296 0.8181 -0.3823
vn 0.3294 0.6255 -0.7073
vn -0.3284 -0.6264 0.7069
vn 0.1777 0.3389 0.9239
vn 0.3297 0.6257 0.7070
vn -0.4305 -0.8172 0.3832
vn 0.3279 0.6259 -0.7076
vn 0.4654 0.8851 0.0000
vn -0.1775 -0.3389 -0.9239
vn 0.8854 -0.4649 0.0011
vn 0.8854 -0.4649 0.0004
vn 0.8851 -0.4653 -0.0004
vn 0.8854 -0.4649 0.0005
vn 0.8855 -0.4647 0.0010
vn 0.8853 -0.4650 0.0008
vn 0.8853 -0.4650 -0.0007
vn 0.0023 0.0000 -1.0000
vn 0.8856 -0.4644 0.0004
vn -0.4274 -0.8186 0.3838
vn 0.8855 -0.4647 -0.0007
vn 0.4647 0.8854 -0.0005
vn 0.8852 -0.4652 -0.0011
vn 0.1776 0.3388 0.9240
vn 0.8854 -0.4648 0.0007
vn -0.4632 -0.8863 0.0000
vn 0.8852 -0.4652 0.0006
vn 0.8853 -0.4651 0.0007
vn 0.4322 0.8170 -0.3817
vn 0.0000 0.0000 -1.0000
vn 0.4286 0.8185 0.3826
vn 0.1789 0.3389 0.9237
vn -0.4291 -0.8182 0.3827
vn -0.4292 -0.8181 -0.3827
vn -0.1789 -0.3388 -0.9237
vn 0.1773 0.3389 -0.9240
vn 0.4301 0.8176 -0.3828
vn 0.0005 -0.0003 -1.0000
vn 0.8854 -0.4647 0.0007
vn -0.0005 0.0003 1.0000
vn -0.8855 0.4647 -0.0005
vn 0.4647 0.8855 -0.0000
vn -0.4648 -0.8854 -0.0000
vn 0.0003 -0.0002 -1.0000
vn -0.0004 0.0003 1.0000
vn -0.8854 0.4649 -0.0005
vn 0.0004 -0.0002 -1.0000
vn 0.0004 -0.0003 -1.0000
vn -0.4647 -0.8855 0.0000
vn 0.0005 -0.0002 -1.0000
vn -0.0006 0.0003 1.0000
vn 0.4723 -0.2481 0.8458
vn 0.4732 -0.2485 -0.8452
vn -0.8854 0.4648 -0.0005
vn 0.4721 -0.2480 0.8459
vn 0.4732 -0.2484 -0.8452
vn 0.0000 -0.0002 -1.0000
vn 0.2125 -0.9772 0.0003
vn 0.4724 -0.2480 0.8458
vn 0.4730 -0.2485 -0.8453
vn 0.7868 -0.4130 0.4587
vn 0.7871 -0.4133 -0.4579
vn 0.9249 0.3801 0.0004
vn -0.4649 -0.8854 -0.0002
vn 0.4648 0.8854 -0.0002
vn -0.8854 0.4648 -0.0004
vn -0.4649 -0.8854 0.0002
vn 0.4649 0.8854 0.0002
vn 0.4649 0.8854 0.0000
vn 0.8978 -0.4403 -0.0110
vn 0.8904 -0.4544 -0.0270
vn 0.8798 -0.4746 -0.0274
vn 0.8723 -0.4888 -0.0106
vn 0.8721 -0.4892 0.0120
vn 0.8796 -0.4749 0.0282
vn 0.8902 -0.4547 0.0281
vn 0.8979 -0.4401 0.0122
vn -0.1775 -0.3386 0.9240
vn 0.4303 0.8174 0.3831
vn 0.1771 0.3391 -0.9239
vn -0.4295 -0.8179 -0.3828
vn -0.4300 -0.8178 -0.3824
vn 0.1794 0.3382 -0.9238
vn 0.4302 0.8172 0.3835
vn -0.1785 -0.3392 0.9236
vn 0.8978 -0.4401 0.0122
vn 0.8796 -0.4748 0.0285
vn 0.8722 -0.4890 0.0121
vn 0.8722 -0.4889 -0.0108
vn 0.8799 -0.4745 -0.0271
vn 0.8903 -0.4545 -0.0272
vn 0.8979 -0.4401 -0.0110
vn -0.8854 0.4649 -0.0004
vn -0.8854 0.4647 -0.0004
vn -0.8854 0.4648 -0.0007
vn -0.0003 0.0003 1.0000
vn -0.8855 0.4647 -0.0006
usemtl Plastic_Handle_material
s off
f 4158//334 4138//334 4130//334 4150//334
f 4304//335 4297//335 4142//335 4145//335
f 4149//334 4134//334 4139//334 4156//334
f 4303//334 4292//334 4138//334 4158//334
f 4140//336 4155//336 4147//336 4131//336
f 4142//337 4159//337 4151//337 4133//337
f 4159//334 4158//334 4150//334 4151//334
f 4294//336 4301//336 4155//336 4140//336
f 4301//336 4291//336 4154//336 4155//336
f 4137//338 4148//338 4157//338 4141//338
f 4148//334 4149//334 4156//334 4157//334
f 4297//339 4299//339 4159//339 4142//339
f 4299//340 4303//340 4158//340 4159//340
f 4162//341 4170//341 4177//341 4169//341
f 4169//342 4177//342 4176//342 4168//342
f 4168//343 4176//343 4175//343 4167//343
f 4167//344 4175//344 4174//344 4166//344
f 4166//345 4174//345 4173//345 4165//345
f 4165//346 4173//346 4172//346 4164//346
f 4164//347 4172//347 4171//347 4163//347
f 4163//348 4171//348 4170//348 4162//348
f 4198//349 4222//349 4214//349 4190//349
f 4185//350 4193//350 4192//350 4184//350
f 4197//351 4221//351 4222//351 4198//351
f 4183//352 4191//352 4190//352 4182//352
f 4186//353 4210//353 4202//353 4178//353
f 4181//354 4189//354 4188//354 4180//354
f 4196//355 4220//355 4212//355 4188//355
f 4179//356 4187//356 4186//356 4178//356
f 4199//357 4223//357 4224//357 4200//357
f 4193//354 4201//354 4200//354 4192//354
f 4192//358 4216//358 4208//358 4184//358
f 4191//359 4199//359 4198//359 4190//359
f 4201//360 4225//360 4218//360 4194//360
f 4189//361 4197//361 4196//361 4188//361
f 4190//362 4214//362 4206//362 4182//362
f 4187//363 4195//363 4194//363 4186//363
f 4195//350 4196//350 4197//350 4198//350 4199//350 4200//350 4201//350 4194//350
f 4202//364 4210//364 4217//364 4209//364
f 4208//365 4216//365 4215//365 4207//365
f 4206//366 4214//366 4213//366 4205//366
f 4204//367 4212//367 4211//367 4203//367
f 4210//368 4218//368 4225//368 4217//368
f 4216//369 4224//369 4223//369 4215//369
f 4214//359 4222//359 4221//359 4213//359
f 4212//370 4220//370 4219//370 4211//370
f 4195//371 4219//371 4220//371 4196//371
f 4200//372 4224//372 4216//372 4192//372
f 4179//373 4203//373 4211//373 4187//373
f 4194//374 4218//374 4210//374 4186//374
f 4178//375 4185//375 4209//375 4202//375
f 4181//376 4205//376 4213//376 4189//376
f 4184//377 4183//377 4207//377 4208//377
f 4183//378 4207//378 4215//378 4191//378
f 4187//379 4211//379 4219//379 4195//379
f 4182//380 4181//380 4205//380 4206//380
f 4185//381 4209//381 4217//381 4193//381
f 4189//382 4213//382 4221//382 4197//382
f 4180//383 4179//383 4203//383 4204//383
f 4191//384 4215//384 4223//384 4199//384
f 4193//385 4217//385 4225//385 4201//385
f 4188//386 4212//386 4204//386 4180//386
f 4263//387 4239//387 4247//387 4271//387
f 4258//388 4234//388 4226//388 4250//388
f 4260//389 4236//389 4228//389 4252//389
f 4271//390 4272//390 4248//390 4247//390
f 4262//391 4238//391 4230//391 4254//391
f 4266//392 4242//392 4234//392 4258//392
f 4269//393 4270//393 4246//393 4245//393
f 4264//394 4240//394 4232//394 4256//394
f 4268//395 4244//395 4236//395 4260//395
f 4267//396 4268//396 4244//396 4243//396
f 4270//397 4246//397 4238//397 4262//397
f 4273//398 4266//398 4242//398 4249//398
f 4257//374 4233//374 4241//374 4265//374
f 4272//399 4248//399 4240//399 4264//399
f 4251//400 4227//400 4235//400 4259//400
f 4256//401 4232//401 4231//401 4255//401
f 4239//402 4231//402 4232//402 4240//402
f 4237//403 4229//403 4230//403 4238//403
f 4235//404 4227//404 4228//404 4236//404
f 4241//403 4233//403 4226//403 4234//403
f 4247//405 4239//405 4240//405 4248//405
f 4245//340 4237//340 4238//340 4246//340
f 4243//406 4235//406 4236//406 4244//406
f 4249//407 4241//407 4234//407 4242//407
f 4256//406 4255//406 4254//406 4253//406 4252//406 4251//406 4250//406 4257//406
f 4264//408 4256//408 4257//408 4265//408
f 4261//409 4237//409 4245//409 4269//409
f 4262//410 4254//410 4255//410 4263//410
f 4250//411 4226//411 4233//411 4257//411
f 4260//412 4252//412 4253//412 4261//412
f 4259//413 4235//413 4243//413 4267//413
f 4258//414 4250//414 4251//414 4259//414
f 4252//415 4228//415 4227//415 4251//415
f 4272//416 4264//416 4265//416 4273//416
f 4255//417 4231//417 4239//417 4263//417
f 4270//418 4262//418 4263//418 4271//418
f 4265//353 4241//353 4249//353 4273//353
f 4268//419 4260//419 4261//419 4269//419
f 4254//420 4230//420 4229//420 4253//420
f 4266//365 4258//365 4259//365 4267//365
f 4253//421 4229//421 4237//421 4261//421
f 4288//422 4280//422 4281//422 4289//422
f 4287//423 4279//423 4280//423 4288//423
f 4286//346 4278//346 4279//346 4287//346
f 4285//424 4277//424 4278//424 4286//424
f 4284//425 4276//425 4277//425 4285//425
f 4283//426 4275//426 4276//426 4284//426
f 4282//427 4274//427 4275//427 4283//427
f 4289//428 4281//428 4274//428 4282//428
f 4327//429 4323//429 4297//429 4304//429
f 4156//340 4139//340 4293//340 4302//340
f 4326//430 4320//430 4292//430 4303//430
f 4139//431 4143//431 4305//431 4293//431
f 4322//432 4325//432 4301//432 4294//432
f 4153//336 4152//336 4290//336 4300//336
f 4325//336 4321//336 4291//336 4301//336
f 4141//339 4157//339 4298//339 4296//339
f 4323//340 4324//340 4299//340 4297//340
f 4157//334 4156//334 4302//334 4298//334
f 4303//433 4299//433 4307//433 4309//433
f 4328//334 4329//334 4309//334 4307//334
f 4298//434 4302//434 4308//434 4306//434
f 4326//435 4303//435 4309//435 4329//435
f 4315//436 4298//436 4306//436 4318//436
f 4290//437 4295//437 4313//437 4310//437
f 4302//416 4293//416 4311//416 4317//416
f 4300//336 4290//336 4310//336 4316//336
f 4296//334 4298//334 4315//334 4314//334
f 4306//334 4308//334 4319//334 4318//334
f 4302//438 4317//438 4319//438 4308//438
f 4339//436 4315//436 4318//436 4342//436
f 4352//439 4348//439 4323//439 4327//439
f 4351//338 4346//338 4320//338 4326//338
f 4350//336 4347//336 4321//336 4325//336
f 4348//416 4349//416 4324//416 4323//416
f 4329//440 4328//440 4332//440 4333//440
f 4351//441 4326//441 4329//441 4355//441
f 4299//442 4324//442 4328//442 4307//442
f 4356//334 4357//334 4333//334 4332//334
f 4355//443 4329//443 4333//443 4357//443
f 4342//444 4318//444 4330//444 4344//444
f 4318//433 4319//433 4331//433 4330//433
f 4349//431 4339//431 4342//431 4354//431
f 4310//445 4313//445 4337//445 4335//445
f 4317//334 4311//334 4334//334 4341//334
f 4312//445 4316//445 4340//445 4336//445
f 4316//336 4310//336 4335//336 4340//336
f 4314//340 4315//340 4339//340 4338//340
f 4317//438 4341//438 4343//438 4319//438
f 4330//340 4331//340 4345//340 4344//340
f 4319//446 4343//446 4345//446 4331//446
f 4354//447 4342//447 4344//447 4356//447
f 4341//338 4334//338 4346//338 4351//338
f 4340//336 4335//336 4347//336 4350//336
f 4338//334 4339//334 4349//334 4348//334
f 4341//448 4351//448 4355//448 4343//448
f 4357//449 4356//449 4360//449 4361//449
f 4343//450 4355//450 4357//450 4345//450
f 4324//431 4349//431 4354//431 4328//431
f 4328//451 4354//451 4356//451 4332//451
f 4358//334 4359//334 4361//334 4360//334
f 4345//452 4357//452 4361//452 4359//452
f 4356//453 4344//453 4358//453 4360//453
f 4344//454 4345//454 4359//454 4358//454
f 4154//445 4145//445 4132//445 4160//445
f 4145//439 4142//439 4133//439 4132//439
f 4146//336 4136//336 4144//336 4152//336
f 4291//445 4304//445 4145//445 4154//445
f 4136//439 4137//439 4141//439 4144//439
f 4138//436 4140//436 4131//436 4130//436
f 4151//455 4160//455 4132//455 4133//455
f 4149//456 4161//456 4135//456 4134//456
f 4134//442 4135//442 4143//442 4139//442
f 4292//442 4294//442 4140//442 4138//442
f 4155//336 4154//336 4160//336 4147//336
f 4135//457 4161//457 4153//457 4143//457
f 4161//336 4146//336 4152//336 4153//336
f 4130//458 4131//458 4147//458 4150//458
f 4150//434 4147//434 4160//434 4151//434
f 4137//459 4136//459 4146//459 4148//459
f 4148//460 4146//460 4161//460 4149//460
f 4170//461 4202//461 4209//461 4177//461
f 4177//462 4209//462 4208//462 4176//462
f 4176//463 4208//463 4207//463 4175//463
f 4175//464 4207//464 4206//464 4174//464
f 4174//465 4206//465 4205//465 4173//465
f 4173//466 4205//466 4204//466 4172//466
f 4172//467 4204//467 4203//467 4171//467
f 4171//468 4203//468 4202//468 4170//468
f 4209//469 4185//469 4184//469 4208//469
f 4207//470 4183//470 4182//470 4206//470
f 4205//471 4181//471 4180//471 4204//471
f 4203//472 4179//472 4178//472 4202//472
f 4248//473 4272//473 4273//473 4249//473
f 4246//474 4270//474 4271//474 4247//474
f 4244//475 4268//475 4269//475 4245//475
f 4242//476 4266//476 4267//476 4243//476
f 4280//477 4248//477 4249//477 4281//477
f 4279//467 4247//467 4248//467 4280//467
f 4278//478 4246//478 4247//478 4279//478
f 4277//479 4245//479 4246//479 4278//479
f 4276//480 4244//480 4245//480 4277//480
f 4275//481 4243//481 4244//481 4276//481
f 4274//482 4242//482 4243//482 4275//482
f 4281//483 4249//483 4242//483 4274//483
f 4152//336 4144//336 4295//336 4290//336
f 4321//445 4327//445 4304//445 4291//445
f 4144//335 4141//335 4296//335 4295//335
f 4320//436 4322//436 4294//436 4292//436
f 4143//484 4153//484 4300//484 4305//484
f 4295//429 4296//429 4314//429 4313//429
f 4293//431 4305//431 4312//431 4311//431
f 4305//485 4300//485 4316//485 4312//485
f 4347//486 4352//486 4327//486 4321//486
f 4346//431 4353//431 4322//431 4320//431
f 4353//336 4350//336 4325//336 4322//336
f 4313//429 4314//429 4338//429 4337//429
f 4311//431 4312//431 4336//431 4334//431
f 4335//336 4337//336 4352//336 4347//336
f 4337//439 4338//439 4348//439 4352//439
f 4334//487 4336//487 4353//487 4346//487
f 4336//488 4340//488 4350//488 4353//488
o Windows_Sill
v -1.462963 5.248617 -5.490846
v -1.704002 5.375152 -5.490999
v -1.703266 5.374764 -6.975908
v -1.462227 5.248230 -6.975755
v -1.468715 5.237660 -5.490846
v -1.709754 5.364195 -5.490999
v -1.709018 5.363808 -6.975908
v -1.467978 5.237273 -6.975755
vn 0.4648 0.8854 -0.0000
vn -0.0005 0.0003 1.0000
vn -0.8854 0.4648 -0.0006
vn 0.0005 -0.0003 -1.0000
vn -0.4648 -0.8854 0.0000
vn 0.8854 -0.4648 0.0006
usemtl Sill_material
s off
f 4362//489 4365//489 4364//489 4363//489
f 4362//490 4363//490 4367//490 4366//490
f 4363//491 4364//491 4368//491 4367//491
f 4364//492 4365//492 4369//492 4368//492
f 4367//493 4368//493 4369//493 4366//493
f 4362//494 4366//494 4369//494 4365//494
o CTRL_Hole
v -1.408181 5.219859 -5.492049
v -1.736871 5.392406 -5.492257
v -1.736136 5.392020 -6.974691
v -1.407446 5.219472 -6.974483
v -0.834172 6.313301 -5.492049
v -1.162862 6.485848 -5.492257
v -1.162127 6.485462 -6.974691
v -0.833437 6.312914 -6.974483
vn -0.4648 -0.8854 0.0000
vn -0.0005 0.0003 1.0000
vn -0.8854 0.4648 -0.0006
vn 0.8854 -0.4648 0.0006
vn 0.0005 -0.0003 -1.0000
vn 0.4648 0.8854 0.0000
usemtl hidden_material
s off
f 4370//495 4371//495 4372//495 4373//495
f 4370//496 4374//496 4375//496 4371//496
f 4371//497 4375//497 4376//497 4372//497
f 4373//498 4377//498 4374//498 4370//498
f 4372//499 4376//499 4377//499 4373//499
f 4375//500 4374//500 4377//500 4376//500
